name,smiles,xyz_file
anti_C_C_2-CN_benz,C1=C2C=C(C(C=C6)=C4(C=C6))C(C=C4)=CC2=CC3=CC(C=C5(C#N))=C(C=C5)C=C13,structures/anti_C_C_2-CN_benz.xyz
anti_C_C_2-CN_diCF3,C1=C2C=C(C(C(F)(F)(F))=C4(C(F)(F)(F)))C(C=C4)=CC2=CC3=CC(C=C5(C#N))=C(C=C5)C=C13,structures/anti_C_C_2-CN_diCF3.xyz
anti_C_C_2-F_diCl,C1=C2C=C(C(Cl)=C4(Cl))C(C=C4)=CC2=CC3=CC(C=C5(F))=C(C=C5)C=C13,structures/anti_C_C_2-F_diCl.xyz
anti_C_C_2-OMe_diCF3,C1=C2C=C(C(C(F)(F)(F))=C4(C(F)(F)(F)))C(C=C4)=CC2=CC3=CC(C=C5(OC))=C(C=C5)C=C13,structures/anti_C_C_2-OMe_diCF3.xyz
anti_C_NMe_2-CF3_diOMe,C1=C2C=C(C(OC)=C4(OC))C(N4C)=CC2=CC3=CC(C=C5(C(F)(F)(F)))=C(C=C5)C=C13,structures/anti_C_NMe_2-CF3_diOMe.xyz
anti_C_NMe_2-OMe_3-OMe,C1=C2C=C(C(OC)=C4)C(N4C)=CC2=CC3=CC(C=C5(OC))=C(C=C5)C=C13,structures/anti_C_NMe_2-OMe_3-OMe.xyz
anti_C_NMe_2-OMe_diCN,C1=C2C=C(C(C#N)=C4(C#N))C(N4C)=CC2=CC3=CC(C=C5(OC))=C(C=C5)C=C13,structures/anti_C_NMe_2-OMe_diCN.xyz
anti_C_NMe_3-CF3_diCl,C1=C2C=C(C(Cl)=C4(Cl))C(N4C)=CC2=CC3=CC(C(C(F)(F)(F))=C5)=C(C=C5)C=C13,structures/anti_C_NMe_3-CF3_diCl.xyz
anti_C_NMe_3-CF3_p-OMebenz,C1=C2C=C(C(C=C6(OC))=C4(C=C6))C(N4C)=CC2=CC3=CC(C(C(F)(F)(F))=C5)=C(C=C5)C=C13,structures/anti_C_NMe_3-CF3_p-OMebenz.xyz
anti_C_NMe_diF_benz,C1=C2C=C(C(C=C6)=C4(C=C6))C(N4C)=CC2=CC3=CC(C(F)=C5(F))=C(C=C5)C=C13,structures/anti_C_NMe_diF_benz.xyz
anti_C_NMe_diOMe_diOMe,C1=C2C=C(C(OC)=C4(OC))C(N4C)=CC2=CC3=CC(C(OC)=C5(OC))=C(C=C5)C=C13,structures/anti_C_NMe_diOMe_diOMe.xyz
anti_C_NMe_diOMe_m-OMebenz,C1=C2C=C(C(C=C6)=C4(C=C6(OC)))C(N4C)=CC2=CC3=CC(C(OC)=C5(OC))=C(C=C5)C=C13,structures/anti_C_NMe_diOMe_m-OMebenz.xyz
anti_C_NPh_2-Cl_p-OMebenz,C1=C2C=C(C(C=C6(OC))=C4(C=C6))C(N4(C9=CC=CC=C9))=CC2=CC3=CC(C=C5(Cl))=C(C=C5)C=C13,structures/anti_C_NPh_2-Cl_p-OMebenz.xyz
anti_C_NPh_3-Cl_m-CF3benz,C1=C2C=C(C(C=C6)=C4(C=C6(C(F)(F)(F))))C(N4(C9=CC=CC=C9))=CC2=CC3=CC(C(Cl)=C5)=C(C=C5)C=C13,structures/anti_C_NPh_3-Cl_m-CF3benz.xyz
anti_C_NPh_3-CN_2-Cl,C1=C2C=C(C=C4(Cl))C(N4(C9=CC=CC=C9))=CC2=CC3=CC(C(C#N)=C5)=C(C=C5)C=C13,structures/anti_C_NPh_3-CN_2-Cl.xyz
anti_C_NPh_diOMe_diCN,C1=C2C=C(C(C#N)=C4(C#N))C(N4(C9=CC=CC=C9))=CC2=CC3=CC(C(OC)=C5(OC))=C(C=C5)C=C13,structures/anti_C_NPh_diOMe_diCN.xyz
anti_C_O_2-CF3_3-CN,C1=C2C=C(C(C#N)=C4)C(O4)=CC2=CC3=CC(C=C5(C(F)(F)(F)))=C(C=C5)C=C13,structures/anti_C_O_2-CF3_3-CN.xyz
anti_C_O_2-Cl_3-CF3,C1=C2C=C(C(C(F)(F)(F))=C4)C(O4)=CC2=CC3=CC(C=C5(Cl))=C(C=C5)C=C13,structures/anti_C_O_2-Cl_3-CF3.xyz
anti_C_O_2-CN_3-F,C1=C2C=C(C(F)=C4)C(O4)=CC2=CC3=CC(C=C5(C#N))=C(C=C5)C=C13,structures/anti_C_O_2-CN_3-F.xyz
anti_C_O_2-F_diF,C1=C2C=C(C(F)=C4(F))C(O4)=CC2=CC3=CC(C=C5(F))=C(C=C5)C=C13,structures/anti_C_O_2-F_diF.xyz
anti_C_O_2-OMe_3-CF3,C1=C2C=C(C(C(F)(F)(F))=C4)C(O4)=CC2=CC3=CC(C=C5(OC))=C(C=C5)C=C13,structures/anti_C_O_2-OMe_3-CF3.xyz
anti_C_O_3-F_C,C1=C2C=C(C=C4)C(O4)=CC2=CC3=CC(C(F)=C5)=C(C=C5)C=C13,structures/anti_C_O_3-F_C.xyz
anti_C_O_3-OMe_benz,C1=C2C=C(C(C=C6)=C4(C=C6))C(O4)=CC2=CC3=CC(C(OC)=C5)=C(C=C5)C=C13,structures/anti_C_O_3-OMe_benz.xyz
anti_C_O_diCF3_C,C1=C2C=C(C=C4)C(O4)=CC2=CC3=CC(C(C(F)(F)(F))=C5(C(F)(F)(F)))=C(C=C5)C=C13,structures/anti_C_O_diCF3_C.xyz
anti_C_O_diCF3_diF,C1=C2C=C(C(F)=C4(F))C(O4)=CC2=CC3=CC(C(C(F)(F)(F))=C5(C(F)(F)(F)))=C(C=C5)C=C13,structures/anti_C_O_diCF3_diF.xyz
anti_C_O_diCN_2-OMe,C1=C2C=C(C=C4(OC))C(O4)=CC2=CC3=CC(C(C#N)=C5(C#N))=C(C=C5)C=C13,structures/anti_C_O_diCN_2-OMe.xyz
anti_C_O_m-CNbenz_3-CF3,C1=C2C=C(C(C(F)(F)(F))=C4)C(O4)=CC2=CC3=CC(C(C=C7)=C5(C=C7(C#N)))=C(C=C5)C=C13,structures/anti_C_O_m-CNbenz_3-CF3.xyz
anti_C_O_m-OMebenz_2-OMe,C1=C2C=C(C=C4(OC))C(O4)=CC2=CC3=CC(C(C=C7)=C5(C=C7(OC)))=C(C=C5)C=C13,structures/anti_C_O_m-OMebenz_2-OMe.xyz
anti_C_O_p-CNbenz_3-OMe,C1=C2C=C(C(OC)=C4)C(O4)=CC2=CC3=CC(C(C=C7(C#N))=C5(C=C7))=C(C=C5)C=C13,structures/anti_C_O_p-CNbenz_3-OMe.xyz
anti_C_O_tetClbenz_m-OMebenz,C1=C2C=C(C(C=C6)=C4(C=C6(OC)))C(O4)=CC2=CC3=CC(C(C(Cl)=C7(Cl))=C5(C(Cl)=C7(Cl)))=C(C=C5)C=C13,structures/anti_C_O_tetClbenz_m-OMebenz.xyz
anti_C_S_2-CF3_diCF3,C1=C2C=C(C(C(F)(F)(F))=C4(C(F)(F)(F)))C(S4)=CC2=CC3=CC(C=C5(C(F)(F)(F)))=C(C=C5)C=C13,structures/anti_C_S_2-CF3_diCF3.xyz
anti_C_S_2-OMe_diCF3,C1=C2C=C(C(C(F)(F)(F))=C4(C(F)(F)(F)))C(S4)=CC2=CC3=CC(C=C5(OC))=C(C=C5)C=C13,structures/anti_C_S_2-OMe_diCF3.xyz
anti_C_S_3-F_p-CNbenz,C1=C2C=C(C(C=C6(C#N))=C4(C=C6))C(S4)=CC2=CC3=CC(C(F)=C5)=C(C=C5)C=C13,structures/anti_C_S_3-F_p-CNbenz.xyz
anti_C_S_3-OMe_m-CNbenz,C1=C2C=C(C(C=C6)=C4(C=C6(C#N)))C(S4)=CC2=CC3=CC(C(OC)=C5)=C(C=C5)C=C13,structures/anti_C_S_3-OMe_m-CNbenz.xyz
anti_C_S_benz_diOMe,C1=C2C=C(C(OC)=C4(OC))C(S4)=CC2=CC3=CC(C(C=C7)=C5(C=C7))=C(C=C5)C=C13,structures/anti_C_S_benz_diOMe.xyz
anti_C_S_m-CF3benz_2-F,C1=C2C=C(C=C4(F))C(S4)=CC2=CC3=CC(C(C=C7)=C5(C=C7(C(F)(F)(F))))=C(C=C5)C=C13,structures/anti_C_S_m-CF3benz_2-F.xyz
anti_C_S_p-CNbenz_benz,C1=C2C=C(C(C=C6)=C4(C=C6))C(S4)=CC2=CC3=CC(C(C=C7(C#N))=C5(C=C7))=C(C=C5)C=C13,structures/anti_C_S_p-CNbenz_benz.xyz
anti_NMe_NMe_2-CF3_diCF3,C1=C2C=C(C(C(F)(F)(F))=C4(C(F)(F)(F)))C(N4C)=CC2=CC3=CC(C=C5(C(F)(F)(F)))=C(N5C)C=C13,structures/anti_NMe_NMe_2-CF3_diCF3.xyz
anti_NMe_NMe_2-Cl_3-CF3,C1=C2C=C(C(C(F)(F)(F))=C4)C(N4C)=CC2=CC3=CC(C=C5(Cl))=C(N5C)C=C13,structures/anti_NMe_NMe_2-Cl_3-CF3.xyz
anti_NMe_NMe_2-CN_benz,C1=C2C=C(C(C=C6)=C4(C=C6))C(N4C)=CC2=CC3=CC(C=C5(C#N))=C(N5C)C=C13,structures/anti_NMe_NMe_2-CN_benz.xyz
anti_NMe_NMe_2-F_diCF3,C1=C2C=C(C(C(F)(F)(F))=C4(C(F)(F)(F)))C(N4C)=CC2=CC3=CC(C=C5(F))=C(N5C)C=C13,structures/anti_NMe_NMe_2-F_diCF3.xyz
anti_NMe_NMe_diCl_diCN,C1=C2C=C(C(C#N)=C4(C#N))C(N4C)=CC2=CC3=CC(C(Cl)=C5(Cl))=C(N5C)C=C13,structures/anti_NMe_NMe_diCl_diCN.xyz
anti_NMe_NMe_diF_tetClbenz,C1=C2C=C(C(C(Cl)=C6(Cl))=C4(C(Cl)=C6(Cl)))C(N4C)=CC2=CC3=CC(C(F)=C5(F))=C(N5C)C=C13,structures/anti_NMe_NMe_diF_tetClbenz.xyz
anti_NMe_NPh_2-CN_3-OMe,C1=C2C=C(C(OC)=C4)C(N4(C9=CC=CC=C9))=CC2=CC3=CC(C=C5(C#N))=C(N5C)C=C13,structures/anti_NMe_NPh_2-CN_3-OMe.xyz
anti_NMe_NPh_3-F_3-CN,C1=C2C=C(C(C#N)=C4)C(N4(C9=CC=CC=C9))=CC2=CC3=CC(C(F)=C5)=C(N5C)C=C13,structures/anti_NMe_NPh_3-F_3-CN.xyz
anti_NMe_NPh_diOMe_diCF3,C1=C2C=C(C(C(F)(F)(F))=C4(C(F)(F)(F)))C(N4(C9=CC=CC=C9))=CC2=CC3=CC(C(OC)=C5(OC))=C(N5C)C=C13,structures/anti_NMe_NPh_diOMe_diCF3.xyz
anti_NMe_NPh_m-CNbenz_diOMe,C1=C2C=C(C(OC)=C4(OC))C(N4(C9=CC=CC=C9))=CC2=CC3=CC(C(C=C7)=C5(C=C7(C#N)))=C(N5C)C=C13,structures/anti_NMe_NPh_m-CNbenz_diOMe.xyz
anti_NMe_NPh_m-OMebenz_diOMe,C1=C2C=C(C(OC)=C4(OC))C(N4(C9=CC=CC=C9))=CC2=CC3=CC(C(C=C7)=C5(C=C7(OC)))=C(N5C)C=C13,structures/anti_NMe_NPh_m-OMebenz_diOMe.xyz
anti_NMe_NPh_p-CNbenz_2-Cl,C1=C2C=C(C=C4(Cl))C(N4(C9=CC=CC=C9))=CC2=CC3=CC(C(C=C7(C#N))=C5(C=C7))=C(N5C)C=C13,structures/anti_NMe_NPh_p-CNbenz_2-Cl.xyz
anti_NMe_NPh_p-CNbenz_2-OMe,C1=C2C=C(C=C4(OC))C(N4(C9=CC=CC=C9))=CC2=CC3=CC(C(C=C7(C#N))=C5(C=C7))=C(N5C)C=C13,structures/anti_NMe_NPh_p-CNbenz_2-OMe.xyz
anti_NMe_NPh_p-OMebenz_p-OMebenz,C1=C2C=C(C(C=C6(OC))=C4(C=C6))C(N4(C9=CC=CC=C9))=CC2=CC3=CC(C(C=C7(OC))=C5(C=C7))=C(N5C)C=C13,structures/anti_NMe_NPh_p-OMebenz_p-OMebenz.xyz
anti_NMe_NPh_tetClbenz_2-F,C1=C2C=C(C=C4(F))C(N4(C9=CC=CC=C9))=CC2=CC3=CC(C(C(Cl)=C7(Cl))=C5(C(Cl)=C7(Cl)))=C(N5C)C=C13,structures/anti_NMe_NPh_tetClbenz_2-F.xyz
anti_NPh_NPh_2-CF3_diCN,C1=C2C=C(C(C#N)=C4(C#N))C(N4(C9=CC=CC=C9))=CC2=CC3=CC(C=C5(C(F)(F)(F)))=C(N5(C8=CC=CC=C8))C=C13,structures/anti_NPh_NPh_2-CF3_diCN.xyz
anti_NPh_NPh_2-F_2-CF3,C1=C2C=C(C=C4(C(F)(F)(F)))C(N4(C9=CC=CC=C9))=CC2=CC3=CC(C=C5(F))=C(N5(C8=CC=CC=C8))C=C13,structures/anti_NPh_NPh_2-F_2-CF3.xyz
anti_NPh_NPh_2-F_3-Cl,C1=C2C=C(C(Cl)=C4)C(N4(C9=CC=CC=C9))=CC2=CC3=CC(C=C5(F))=C(N5(C8=CC=CC=C8))C=C13,structures/anti_NPh_NPh_2-F_3-Cl.xyz
anti_NPh_NPh_2-OMe_tetFbenz,C1=C2C=C(C(C(F)=C6(F))=C4(C(F)=C6(F)))C(N4(C9=CC=CC=C9))=CC2=CC3=CC(C=C5(OC))=C(N5(C8=CC=CC=C8))C=C13,structures/anti_NPh_NPh_2-OMe_tetFbenz.xyz
anti_NPh_NPh_C_diCN,C1=C2C=C(C(C#N)=C4(C#N))C(N4(C9=CC=CC=C9))=CC2=CC3=CC(C=C5)=C(N5(C8=CC=CC=C8))C=C13,structures/anti_NPh_NPh_C_diCN.xyz
anti_O_NMe_2-CN_m-CNbenz,C1=C2C=C(C(C=C6)=C4(C=C6(C#N)))C(N4C)=CC2=CC3=CC(C=C5(C#N))=C(O5)C=C13,structures/anti_O_NMe_2-CN_m-CNbenz.xyz
anti_O_NMe_2-OMe_2-OMe,C1=C2C=C(C=C4(OC))C(N4C)=CC2=CC3=CC(C=C5(OC))=C(O5)C=C13,structures/anti_O_NMe_2-OMe_2-OMe.xyz
anti_O_NMe_2-OMe_diCF3,C1=C2C=C(C(C(F)(F)(F))=C4(C(F)(F)(F)))C(N4C)=CC2=CC3=CC(C=C5(OC))=C(O5)C=C13,structures/anti_O_NMe_2-OMe_diCF3.xyz
anti_O_NMe_C_benz,C1=C2C=C(C(C=C6)=C4(C=C6))C(N4C)=CC2=CC3=CC(C=C5)=C(O5)C=C13,structures/anti_O_NMe_C_benz.xyz
anti_O_NMe_diF_diCl,C1=C2C=C(C(Cl)=C4(Cl))C(N4C)=CC2=CC3=CC(C(F)=C5(F))=C(O5)C=C13,structures/anti_O_NMe_diF_diCl.xyz
anti_O_NMe_m-CF3benz_3-OMe,C1=C2C=C(C(OC)=C4)C(N4C)=CC2=CC3=CC(C(C=C7)=C5(C=C7(C(F)(F)(F))))=C(O5)C=C13,structures/anti_O_NMe_m-CF3benz_3-OMe.xyz
anti_O_NMe_m-CNbenz_m-CF3benz,C1=C2C=C(C(C=C6)=C4(C=C6(C(F)(F)(F))))C(N4C)=CC2=CC3=CC(C(C=C7)=C5(C=C7(C#N)))=C(O5)C=C13,structures/anti_O_NMe_m-CNbenz_m-CF3benz.xyz
anti_O_NPh_3-CF3_m-CNbenz,C1=C2C=C(C(C=C6)=C4(C=C6(C#N)))C(N4(C9=CC=CC=C9))=CC2=CC3=CC(C(C(F)(F)(F))=C5)=C(O5)C=C13,structures/anti_O_NPh_3-CF3_m-CNbenz.xyz
anti_O_NPh_3-Cl_2-OMe,C1=C2C=C(C=C4(OC))C(N4(C9=CC=CC=C9))=CC2=CC3=CC(C(Cl)=C5)=C(O5)C=C13,structures/anti_O_NPh_3-Cl_2-OMe.xyz
anti_O_NPh_3-CN_p-CNbenz,C1=C2C=C(C(C=C6(C#N))=C4(C=C6))C(N4(C9=CC=CC=C9))=CC2=CC3=CC(C(C#N)=C5)=C(O5)C=C13,structures/anti_O_NPh_3-CN_p-CNbenz.xyz
anti_O_NPh_diCN_3-CN,C1=C2C=C(C(C#N)=C4)C(N4(C9=CC=CC=C9))=CC2=CC3=CC(C(C#N)=C5(C#N))=C(O5)C=C13,structures/anti_O_NPh_diCN_3-CN.xyz
anti_O_NPh_diF_m-OMebenz,C1=C2C=C(C(C=C6)=C4(C=C6(OC)))C(N4(C9=CC=CC=C9))=CC2=CC3=CC(C(F)=C5(F))=C(O5)C=C13,structures/anti_O_NPh_diF_m-OMebenz.xyz
anti_O_NPh_diOMe_diCl,C1=C2C=C(C(Cl)=C4(Cl))C(N4(C9=CC=CC=C9))=CC2=CC3=CC(C(OC)=C5(OC))=C(O5)C=C13,structures/anti_O_NPh_diOMe_diCl.xyz
anti_O_NPh_diOMe_p-CNbenz,C1=C2C=C(C(C=C6(C#N))=C4(C=C6))C(N4(C9=CC=CC=C9))=CC2=CC3=CC(C(OC)=C5(OC))=C(O5)C=C13,structures/anti_O_NPh_diOMe_p-CNbenz.xyz
anti_O_NPh_diOMe_tetFbenz,C1=C2C=C(C(C(F)=C6(F))=C4(C(F)=C6(F)))C(N4(C9=CC=CC=C9))=CC2=CC3=CC(C(OC)=C5(OC))=C(O5)C=C13,structures/anti_O_NPh_diOMe_tetFbenz.xyz
anti_O_NPh_m-OMebenz_2-Cl,C1=C2C=C(C=C4(Cl))C(N4(C9=CC=CC=C9))=CC2=CC3=CC(C(C=C7)=C5(C=C7(OC)))=C(O5)C=C13,structures/anti_O_NPh_m-OMebenz_2-Cl.xyz
anti_O_NPh_tetFbenz_2-CF3,C1=C2C=C(C=C4(C(F)(F)(F)))C(N4(C9=CC=CC=C9))=CC2=CC3=CC(C(C(F)=C7(F))=C5(C(F)=C7(F)))=C(O5)C=C13,structures/anti_O_NPh_tetFbenz_2-CF3.xyz
anti_O_NPh_tetFbenz_benz,C1=C2C=C(C(C=C6)=C4(C=C6))C(N4(C9=CC=CC=C9))=CC2=CC3=CC(C(C(F)=C7(F))=C5(C(F)=C7(F)))=C(O5)C=C13,structures/anti_O_NPh_tetFbenz_benz.xyz
anti_O_O_2-CF3_diF,C1=C2C=C(C(F)=C4(F))C(O4)=CC2=CC3=CC(C=C5(C(F)(F)(F)))=C(O5)C=C13,structures/anti_O_O_2-CF3_diF.xyz
anti_O_O_2-CF3_p-CF3benz,C1=C2C=C(C(C=C6(C(F)(F)(F)))=C4(C=C6))C(O4)=CC2=CC3=CC(C=C5(C(F)(F)(F)))=C(O5)C=C13,structures/anti_O_O_2-CF3_p-CF3benz.xyz
anti_O_O_2-Cl_diCl,C1=C2C=C(C(Cl)=C4(Cl))C(O4)=CC2=CC3=CC(C=C5(Cl))=C(O5)C=C13,structures/anti_O_O_2-Cl_diCl.xyz
anti_O_O_2-Cl_m-OMebenz,C1=C2C=C(C(C=C6)=C4(C=C6(OC)))C(O4)=CC2=CC3=CC(C=C5(Cl))=C(O5)C=C13,structures/anti_O_O_2-Cl_m-OMebenz.xyz
anti_S_NMe_2-Cl_m-CF3benz,C1=C2C=C(C(C=C6)=C4(C=C6(C(F)(F)(F))))C(N4C)=CC2=CC3=CC(C=C5(Cl))=C(S5)C=C13,structures/anti_S_NMe_2-Cl_m-CF3benz.xyz
anti_S_NMe_3-CF3_3-CN,C1=C2C=C(C(C#N)=C4)C(N4C)=CC2=CC3=CC(C(C(F)(F)(F))=C5)=C(S5)C=C13,structures/anti_S_NMe_3-CF3_3-CN.xyz
anti_S_NMe_3-CN_p-CNbenz,C1=C2C=C(C(C=C6(C#N))=C4(C=C6))C(N4C)=CC2=CC3=CC(C(C#N)=C5)=C(S5)C=C13,structures/anti_S_NMe_3-CN_p-CNbenz.xyz
anti_S_NMe_benz_3-F,C1=C2C=C(C(F)=C4)C(N4C)=CC2=CC3=CC(C(C=C7)=C5(C=C7))=C(S5)C=C13,structures/anti_S_NMe_benz_3-F.xyz
anti_S_NMe_benz_p-CNbenz,C1=C2C=C(C(C=C6(C#N))=C4(C=C6))C(N4C)=CC2=CC3=CC(C(C=C7)=C5(C=C7))=C(S5)C=C13,structures/anti_S_NMe_benz_p-CNbenz.xyz
anti_S_NMe_C_2-F,C1=C2C=C(C=C4(F))C(N4C)=CC2=CC3=CC(C=C5)=C(S5)C=C13,structures/anti_S_NMe_C_2-F.xyz
anti_S_NMe_diCF3_2-F,C1=C2C=C(C=C4(F))C(N4C)=CC2=CC3=CC(C(C(F)(F)(F))=C5(C(F)(F)(F)))=C(S5)C=C13,structures/anti_S_NMe_diCF3_2-F.xyz
anti_S_NMe_p-OMebenz_2-CN,C1=C2C=C(C=C4(C#N))C(N4C)=CC2=CC3=CC(C(C=C7(OC))=C5(C=C7))=C(S5)C=C13,structures/anti_S_NMe_p-OMebenz_2-CN.xyz
anti_S_NMe_tetFbenz_tetClbenz,C1=C2C=C(C(C(Cl)=C6(Cl))=C4(C(Cl)=C6(Cl)))C(N4C)=CC2=CC3=CC(C(C(F)=C7(F))=C5(C(F)=C7(F)))=C(S5)C=C13,structures/anti_S_NMe_tetFbenz_tetClbenz.xyz
anti_S_NPh_2-CN_2-CN,C1=C2C=C(C=C4(C#N))C(N4(C9=CC=CC=C9))=CC2=CC3=CC(C=C5(C#N))=C(S5)C=C13,structures/anti_S_NPh_2-CN_2-CN.xyz
anti_S_NPh_3-Cl_p-OMebenz,C1=C2C=C(C(C=C6(OC))=C4(C=C6))C(N4(C9=CC=CC=C9))=CC2=CC3=CC(C(Cl)=C5)=C(S5)C=C13,structures/anti_S_NPh_3-Cl_p-OMebenz.xyz
anti_S_NPh_3-F_tetClbenz,C1=C2C=C(C(C(Cl)=C6(Cl))=C4(C(Cl)=C6(Cl)))C(N4(C9=CC=CC=C9))=CC2=CC3=CC(C(F)=C5)=C(S5)C=C13,structures/anti_S_NPh_3-F_tetClbenz.xyz
anti_S_O_2-Cl_3-OMe,C1=C2C=C(C(OC)=C4)C(O4)=CC2=CC3=CC(C=C5(Cl))=C(S5)C=C13,structures/anti_S_O_2-Cl_3-OMe.xyz
anti_S_O_2-Cl_m-CF3benz,C1=C2C=C(C(C=C6)=C4(C=C6(C(F)(F)(F))))C(O4)=CC2=CC3=CC(C=C5(Cl))=C(S5)C=C13,structures/anti_S_O_2-Cl_m-CF3benz.xyz
anti_S_O_2-CN_2-CN,C1=C2C=C(C=C4(C#N))C(O4)=CC2=CC3=CC(C=C5(C#N))=C(S5)C=C13,structures/anti_S_O_2-CN_2-CN.xyz
anti_S_O_2-F_tetFbenz,C1=C2C=C(C(C(F)=C6(F))=C4(C(F)=C6(F)))C(O4)=CC2=CC3=CC(C=C5(F))=C(S5)C=C13,structures/anti_S_O_2-F_tetFbenz.xyz
anti_S_O_2-OMe_3-Cl,C1=C2C=C(C(Cl)=C4)C(O4)=CC2=CC3=CC(C=C5(OC))=C(S5)C=C13,structures/anti_S_O_2-OMe_3-Cl.xyz
anti_S_O_3-F_diCl,C1=C2C=C(C(Cl)=C4(Cl))C(O4)=CC2=CC3=CC(C(F)=C5)=C(S5)C=C13,structures/anti_S_O_3-F_diCl.xyz
anti_S_O_p-CNbenz_diCl,C1=C2C=C(C(Cl)=C4(Cl))C(O4)=CC2=CC3=CC(C(C=C7(C#N))=C5(C=C7))=C(S5)C=C13,structures/anti_S_O_p-CNbenz_diCl.xyz
anti_S_S_2-CN_p-CF3benz,C1=C2C=C(C(C=C6(C(F)(F)(F)))=C4(C=C6))C(S4)=CC2=CC3=CC(C=C5(C#N))=C(S5)C=C13,structures/anti_S_S_2-CN_p-CF3benz.xyz
anti_S_S_2-OMe_p-OMebenz,C1=C2C=C(C(C=C6(OC))=C4(C=C6))C(S4)=CC2=CC3=CC(C=C5(OC))=C(S5)C=C13,structures/anti_S_S_2-OMe_p-OMebenz.xyz
anti_S_S_3-CN_diOMe,C1=C2C=C(C(OC)=C4(OC))C(S4)=CC2=CC3=CC(C(C#N)=C5)=C(S5)C=C13,structures/anti_S_S_3-CN_diOMe.xyz
anti_S_S_3-F_3-OMe,C1=C2C=C(C(OC)=C4)C(S4)=CC2=CC3=CC(C(F)=C5)=C(S5)C=C13,structures/anti_S_S_3-F_3-OMe.xyz
anti_S_S_C_C,C1=C2C=C(C=C4)C(S4)=CC2=CC3=CC(C=C5)=C(S5)C=C13,structures/anti_S_S_C_C.xyz
anti_S_S_C_diCl,C1=C2C=C(C(Cl)=C4(Cl))C(S4)=CC2=CC3=CC(C=C5)=C(S5)C=C13,structures/anti_S_S_C_diCl.xyz
anti_S_S_diCN_m-OMebenz,C1=C2C=C(C(C=C6)=C4(C=C6(OC)))C(S4)=CC2=CC3=CC(C(C#N)=C5(C#N))=C(S5)C=C13,structures/anti_S_S_diCN_m-OMebenz.xyz
anti_S_S_diF_diCl,C1=C2C=C(C(Cl)=C4(Cl))C(S4)=CC2=CC3=CC(C(F)=C5(F))=C(S5)C=C13,structures/anti_S_S_diF_diCl.xyz
anti_S_S_tetFbenz_p-OMebenz,C1=C2C=C(C(C=C6(OC))=C4(C=C6))C(S4)=CC2=CC3=CC(C(C(F)=C7(F))=C5(C(F)=C7(F)))=C(S5)C=C13,structures/anti_S_S_tetFbenz_p-OMebenz.xyz
asym_C_m-CNbenz,C1=C2C=CC=CC2=CC3=CC(C(C=C7)=C5(C=C7(C#N)))=C(C=C5)C=C13,structures/asym_C_m-CNbenz.xyz
syn_C_C_2-F_diF,C1=C2C=C(C=C4)C(C(F)=C4(F))=CC2=CC3=CC(C=C5(F))=C(C=C5)C=C13,structures/syn_C_C_2-F_diF.xyz
syn_C_C_2-OMe_3-Cl,C1=C2C=C(C=C4)C(C(Cl)=C4)=CC2=CC3=CC(C=C5(OC))=C(C=C5)C=C13,structures/syn_C_C_2-OMe_3-Cl.xyz
syn_C_C_2-OMe_tetClbenz,C1=C2C=C(C=C4)C(C(C(Cl)=C6(Cl))=C4(C(Cl)=C6(Cl)))=CC2=CC3=CC(C=C5(OC))=C(C=C5)C=C13,structures/syn_C_C_2-OMe_tetClbenz.xyz
syn_C_C_3-F_m-CNbenz,C1=C2C=C(C=C4)C(C(C=C6)=C4(C=C6(C#N)))=CC2=CC3=CC(C(F)=C5)=C(C=C5)C=C13,structures/syn_C_C_3-F_m-CNbenz.xyz
syn_C_C_diCl_p-CF3benz,C1=C2C=C(C=C4)C(C(C=C6(C(F)(F)(F)))=C4(C=C6))=CC2=CC3=CC(C(Cl)=C5(Cl))=C(C=C5)C=C13,structures/syn_C_C_diCl_p-CF3benz.xyz
syn_C_NMe_2-Cl_diCF3,C1=C2C=C(N4C)C(C(C(F)(F)(F))=C4(C(F)(F)(F)))=CC2=CC3=CC(C=C5(Cl))=C(C=C5)C=C13,structures/syn_C_NMe_2-Cl_diCF3.xyz
syn_C_NMe_2-CN_m-CF3benz,C1=C2C=C(N4C)C(C(C=C6)=C4(C=C6(C(F)(F)(F))))=CC2=CC3=CC(C=C5(C#N))=C(C=C5)C=C13,structures/syn_C_NMe_2-CN_m-CF3benz.xyz
syn_C_NMe_2-F_2-CN,C1=C2C=C(N4C)C(C=C4(C#N))=CC2=CC3=CC(C=C5(F))=C(C=C5)C=C13,structures/syn_C_NMe_2-F_2-CN.xyz
syn_C_NMe_2-F_diCl,C1=C2C=C(N4C)C(C(Cl)=C4(Cl))=CC2=CC3=CC(C=C5(F))=C(C=C5)C=C13,structures/syn_C_NMe_2-F_diCl.xyz
syn_C_NMe_3-CF3_diOMe,C1=C2C=C(N4C)C(C(OC)=C4(OC))=CC2=CC3=CC(C(C(F)(F)(F))=C5)=C(C=C5)C=C13,structures/syn_C_NMe_3-CF3_diOMe.xyz
syn_C_NMe_C_diCF3,C1=C2C=C(N4C)C(C(C(F)(F)(F))=C4(C(F)(F)(F)))=CC2=CC3=CC(C=C5)=C(C=C5)C=C13,structures/syn_C_NMe_C_diCF3.xyz
syn_C_NMe_diCl_benz,C1=C2C=C(N4C)C(C(C=C6)=C4(C=C6))=CC2=CC3=CC(C(Cl)=C5(Cl))=C(C=C5)C=C13,structures/syn_C_NMe_diCl_benz.xyz
syn_C_NMe_diOMe_diCN,C1=C2C=C(N4C)C(C(C#N)=C4(C#N))=CC2=CC3=CC(C(OC)=C5(OC))=C(C=C5)C=C13,structures/syn_C_NMe_diOMe_diCN.xyz
syn_C_NMe_m-CF3benz_p-CF3benz,C1=C2C=C(N4C)C(C(C=C6(C(F)(F)(F)))=C4(C=C6))=CC2=CC3=CC(C(C=C7)=C5(C=C7(C(F)(F)(F))))=C(C=C5)C=C13,structures/syn_C_NMe_m-CF3benz_p-CF3benz.xyz
syn_C_NMe_m-CNbenz_p-CNbenz,C1=C2C=C(N4C)C(C(C=C6(C#N))=C4(C=C6))=CC2=CC3=CC(C(C=C7)=C5(C=C7(C#N)))=C(C=C5)C=C13,structures/syn_C_NMe_m-CNbenz_p-CNbenz.xyz
syn_C_NMe_m-CNbenz_tetFbenz,C1=C2C=C(N4C)C(C(C(F)=C6(F))=C4(C(F)=C6(F)))=CC2=CC3=CC(C(C=C7)=C5(C=C7(C#N)))=C(C=C5)C=C13,structures/syn_C_NMe_m-CNbenz_tetFbenz.xyz
syn_C_NPh_2-CF3_p-OMebenz,C1=C2C=C(N4(C9=CC=CC=C9))C(C(C=C6(OC))=C4(C=C6))=CC2=CC3=CC(C=C5(C(F)(F)(F)))=C(C=C5)C=C13,structures/syn_C_NPh_2-CF3_p-OMebenz.xyz
syn_C_NPh_C_C,C1=C2C=C(N4(C9=CC=CC=C9))C(C=C4)=CC2=CC3=CC(C=C5)=C(C=C5)C=C13,structures/syn_C_NPh_C_C.xyz
syn_C_NPh_diCF3_diF,C1=C2C=C(N4(C9=CC=CC=C9))C(C(F)=C4(F))=CC2=CC3=CC(C(C(F)(F)(F))=C5(C(F)(F)(F)))=C(C=C5)C=C13,structures/syn_C_NPh_diCF3_diF.xyz
syn_C_NPh_diOMe_2-CN,C1=C2C=C(N4(C9=CC=CC=C9))C(C=C4(C#N))=CC2=CC3=CC(C(OC)=C5(OC))=C(C=C5)C=C13,structures/syn_C_NPh_diOMe_2-CN.xyz
syn_C_NPh_diOMe_3-CN,C1=C2C=C(N4(C9=CC=CC=C9))C(C(C#N)=C4)=CC2=CC3=CC(C(OC)=C5(OC))=C(C=C5)C=C13,structures/syn_C_NPh_diOMe_3-CN.xyz
syn_C_NPh_p-CF3benz_m-CF3benz,C1=C2C=C(N4(C9=CC=CC=C9))C(C(C=C6)=C4(C=C6(C(F)(F)(F))))=CC2=CC3=CC(C(C=C7(C(F)(F)(F)))=C5(C=C7))=C(C=C5)C=C13,structures/syn_C_NPh_p-CF3benz_m-CF3benz.xyz
syn_C_NPh_p-CNbenz_m-OMebenz,C1=C2C=C(N4(C9=CC=CC=C9))C(C(C=C6)=C4(C=C6(OC)))=CC2=CC3=CC(C(C=C7(C#N))=C5(C=C7))=C(C=C5)C=C13,structures/syn_C_NPh_p-CNbenz_m-OMebenz.xyz
syn_C_O_2-F_m-CNbenz,C1=C2C=C(O4)C(C(C=C6)=C4(C=C6(C#N)))=CC2=CC3=CC(C=C5(F))=C(C=C5)C=C13,structures/syn_C_O_2-F_m-CNbenz.xyz
syn_C_O_2-F_tetClbenz,C1=C2C=C(O4)C(C(C(Cl)=C6(Cl))=C4(C(Cl)=C6(Cl)))=CC2=CC3=CC(C=C5(F))=C(C=C5)C=C13,structures/syn_C_O_2-F_tetClbenz.xyz
syn_C_O_3-CF3_3-OMe,C1=C2C=C(O4)C(C(OC)=C4)=CC2=CC3=CC(C(C(F)(F)(F))=C5)=C(C=C5)C=C13,structures/syn_C_O_3-CF3_3-OMe.xyz
syn_C_O_3-CF3_diCF3,C1=C2C=C(O4)C(C(C(F)(F)(F))=C4(C(F)(F)(F)))=CC2=CC3=CC(C(C(F)(F)(F))=C5)=C(C=C5)C=C13,structures/syn_C_O_3-CF3_diCF3.xyz
syn_C_O_3-Cl_2-Cl,C1=C2C=C(O4)C(C=C4(Cl))=CC2=CC3=CC(C(Cl)=C5)=C(C=C5)C=C13,structures/syn_C_O_3-Cl_2-Cl.xyz
syn_C_O_3-CN_diCF3,C1=C2C=C(O4)C(C(C(F)(F)(F))=C4(C(F)(F)(F)))=CC2=CC3=CC(C(C#N)=C5)=C(C=C5)C=C13,structures/syn_C_O_3-CN_diCF3.xyz
syn_C_O_3-F_2-CN,C1=C2C=C(O4)C(C=C4(C#N))=CC2=CC3=CC(C(F)=C5)=C(C=C5)C=C13,structures/syn_C_O_3-F_2-CN.xyz
syn_C_O_3-F_diCF3,C1=C2C=C(O4)C(C(C(F)(F)(F))=C4(C(F)(F)(F)))=CC2=CC3=CC(C(F)=C5)=C(C=C5)C=C13,structures/syn_C_O_3-F_diCF3.xyz
syn_C_O_3-F_m-CF3benz,C1=C2C=C(O4)C(C(C=C6)=C4(C=C6(C(F)(F)(F))))=CC2=CC3=CC(C(F)=C5)=C(C=C5)C=C13,structures/syn_C_O_3-F_m-CF3benz.xyz
syn_C_O_3-OMe_C,C1=C2C=C(O4)C(C=C4)=CC2=CC3=CC(C(OC)=C5)=C(C=C5)C=C13,structures/syn_C_O_3-OMe_C.xyz
syn_C_O_C_3-CF3,C1=C2C=C(O4)C(C(C(F)(F)(F))=C4)=CC2=CC3=CC(C=C5)=C(C=C5)C=C13,structures/syn_C_O_C_3-CF3.xyz
syn_C_O_C_3-OMe,C1=C2C=C(O4)C(C(OC)=C4)=CC2=CC3=CC(C=C5)=C(C=C5)C=C13,structures/syn_C_O_C_3-OMe.xyz
syn_C_O_C_diCN,C1=C2C=C(O4)C(C(C#N)=C4(C#N))=CC2=CC3=CC(C=C5)=C(C=C5)C=C13,structures/syn_C_O_C_diCN.xyz
syn_C_O_diCN_diCl,C1=C2C=C(O4)C(C(Cl)=C4(Cl))=CC2=CC3=CC(C(C#N)=C5(C#N))=C(C=C5)C=C13,structures/syn_C_O_diCN_diCl.xyz
syn_C_O_diF_3-OMe,C1=C2C=C(O4)C(C(OC)=C4)=CC2=CC3=CC(C(F)=C5(F))=C(C=C5)C=C13,structures/syn_C_O_diF_3-OMe.xyz
syn_C_O_diOMe_tetClbenz,C1=C2C=C(O4)C(C(C(Cl)=C6(Cl))=C4(C(Cl)=C6(Cl)))=CC2=CC3=CC(C(OC)=C5(OC))=C(C=C5)C=C13,structures/syn_C_O_diOMe_tetClbenz.xyz
syn_C_O_m-CNbenz_2-CF3,C1=C2C=C(O4)C(C=C4(C(F)(F)(F)))=CC2=CC3=CC(C(C=C7)=C5(C=C7(C#N)))=C(C=C5)C=C13,structures/syn_C_O_m-CNbenz_2-CF3.xyz
syn_C_O_m-CNbenz_p-CNbenz,C1=C2C=C(O4)C(C(C=C6(C#N))=C4(C=C6))=CC2=CC3=CC(C(C=C7)=C5(C=C7(C#N)))=C(C=C5)C=C13,structures/syn_C_O_m-CNbenz_p-CNbenz.xyz
syn_C_S_3-Cl_diCN,C1=C2C=C(S4)C(C(C#N)=C4(C#N))=CC2=CC3=CC(C(Cl)=C5)=C(C=C5)C=C13,structures/syn_C_S_3-Cl_diCN.xyz
syn_C_S_diCF3_2-F,C1=C2C=C(S4)C(C=C4(F))=CC2=CC3=CC(C(C(F)(F)(F))=C5(C(F)(F)(F)))=C(C=C5)C=C13,structures/syn_C_S_diCF3_2-F.xyz
syn_C_S_m-CF3benz_diCl,C1=C2C=C(S4)C(C(Cl)=C4(Cl))=CC2=CC3=CC(C(C=C7)=C5(C=C7(C(F)(F)(F))))=C(C=C5)C=C13,structures/syn_C_S_m-CF3benz_diCl.xyz
syn_C_S_m-OMebenz_3-F,C1=C2C=C(S4)C(C(F)=C4)=CC2=CC3=CC(C(C=C7)=C5(C=C7(OC)))=C(C=C5)C=C13,structures/syn_C_S_m-OMebenz_3-F.xyz
syn_C_S_m-OMebenz_diF,C1=C2C=C(S4)C(C(F)=C4(F))=CC2=CC3=CC(C(C=C7)=C5(C=C7(OC)))=C(C=C5)C=C13,structures/syn_C_S_m-OMebenz_diF.xyz
syn_C_S_p-CF3benz_p-OMebenz,C1=C2C=C(S4)C(C(C=C6(OC))=C4(C=C6))=CC2=CC3=CC(C(C=C7(C(F)(F)(F)))=C5(C=C7))=C(C=C5)C=C13,structures/syn_C_S_p-CF3benz_p-OMebenz.xyz
syn_C_S_p-CNbenz_2-CF3,C1=C2C=C(S4)C(C=C4(C(F)(F)(F)))=CC2=CC3=CC(C(C=C7(C#N))=C5(C=C7))=C(C=C5)C=C13,structures/syn_C_S_p-CNbenz_2-CF3.xyz
syn_NMe_NMe_2-Cl_diF,C1=C2C=C(N4C)C(C(F)=C4(F))=CC2=CC3=CC(C=C5(Cl))=C(N5C)C=C13,structures/syn_NMe_NMe_2-Cl_diF.xyz
syn_NMe_NMe_2-Cl_m-CF3benz,C1=C2C=C(N4C)C(C(C=C6)=C4(C=C6(C(F)(F)(F))))=CC2=CC3=CC(C=C5(Cl))=C(N5C)C=C13,structures/syn_NMe_NMe_2-Cl_m-CF3benz.xyz
syn_NMe_NMe_3-F_3-F,C1=C2C=C(N4C)C(C(F)=C4)=CC2=CC3=CC(C(F)=C5)=C(N5C)C=C13,structures/syn_NMe_NMe_3-F_3-F.xyz
syn_NMe_NMe_C_diOMe,C1=C2C=C(N4C)C(C(OC)=C4(OC))=CC2=CC3=CC(C=C5)=C(N5C)C=C13,structures/syn_NMe_NMe_C_diOMe.xyz
syn_NMe_NMe_diCN_m-CNbenz,C1=C2C=C(N4C)C(C(C=C6)=C4(C=C6(C#N)))=CC2=CC3=CC(C(C#N)=C5(C#N))=C(N5C)C=C13,structures/syn_NMe_NMe_diCN_m-CNbenz.xyz
syn_NMe_NMe_p-CNbenz_m-CF3benz,C1=C2C=C(N4C)C(C(C=C6)=C4(C=C6(C(F)(F)(F))))=CC2=CC3=CC(C(C=C7(C#N))=C5(C=C7))=C(N5C)C=C13,structures/syn_NMe_NMe_p-CNbenz_m-CF3benz.xyz
syn_NMe_NPh_2-OMe_diCl,C1=C2C=C(N4(C9=CC=CC=C9))C(C(Cl)=C4(Cl))=CC2=CC3=CC(C=C5(OC))=C(N5C)C=C13,structures/syn_NMe_NPh_2-OMe_diCl.xyz
syn_NMe_NPh_3-OMe_2-CN,C1=C2C=C(N4(C9=CC=CC=C9))C(C=C4(C#N))=CC2=CC3=CC(C(OC)=C5)=C(N5C)C=C13,structures/syn_NMe_NPh_3-OMe_2-CN.xyz
syn_NMe_NPh_C_2-OMe,C1=C2C=C(N4(C9=CC=CC=C9))C(C=C4(OC))=CC2=CC3=CC(C=C5)=C(N5C)C=C13,structures/syn_NMe_NPh_C_2-OMe.xyz
syn_NMe_NPh_C_diCN,C1=C2C=C(N4(C9=CC=CC=C9))C(C(C#N)=C4(C#N))=CC2=CC3=CC(C=C5)=C(N5C)C=C13,structures/syn_NMe_NPh_C_diCN.xyz
syn_NMe_NPh_diCF3_3-OMe,C1=C2C=C(N4(C9=CC=CC=C9))C(C(OC)=C4)=CC2=CC3=CC(C(C(F)(F)(F))=C5(C(F)(F)(F)))=C(N5C)C=C13,structures/syn_NMe_NPh_diCF3_3-OMe.xyz
syn_NMe_NPh_m-CF3benz_benz,C1=C2C=C(N4(C9=CC=CC=C9))C(C(C=C6)=C4(C=C6))=CC2=CC3=CC(C(C=C7)=C5(C=C7(C(F)(F)(F))))=C(N5C)C=C13,structures/syn_NMe_NPh_m-CF3benz_benz.xyz
syn_NMe_NPh_m-CNbenz_3-CF3,C1=C2C=C(N4(C9=CC=CC=C9))C(C(C(F)(F)(F))=C4)=CC2=CC3=CC(C(C=C7)=C5(C=C7(C#N)))=C(N5C)C=C13,structures/syn_NMe_NPh_m-CNbenz_3-CF3.xyz
syn_NMe_NPh_p-OMebenz_2-CN,C1=C2C=C(N4(C9=CC=CC=C9))C(C=C4(C#N))=CC2=CC3=CC(C(C=C7(OC))=C5(C=C7))=C(N5C)C=C13,structures/syn_NMe_NPh_p-OMebenz_2-CN.xyz
syn_NMe_NPh_tetFbenz_C,C1=C2C=C(N4(C9=CC=CC=C9))C(C=C4)=CC2=CC3=CC(C(C(F)=C7(F))=C5(C(F)=C7(F)))=C(N5C)C=C13,structures/syn_NMe_NPh_tetFbenz_C.xyz
syn_NPh_NPh_2-CN_diF,C1=C2C=C(N4(C9=CC=CC=C9))C(C(F)=C4(F))=CC2=CC3=CC(C=C5(C#N))=C(N5(C8=CC=CC=C8))C=C13,structures/syn_NPh_NPh_2-CN_diF.xyz
syn_NPh_NPh_2-F_2-OMe,C1=C2C=C(N4(C9=CC=CC=C9))C(C=C4(OC))=CC2=CC3=CC(C=C5(F))=C(N5(C8=CC=CC=C8))C=C13,structures/syn_NPh_NPh_2-F_2-OMe.xyz
syn_NPh_NPh_3-CN_diCN,C1=C2C=C(N4(C9=CC=CC=C9))C(C(C#N)=C4(C#N))=CC2=CC3=CC(C(C#N)=C5)=C(N5(C8=CC=CC=C8))C=C13,structures/syn_NPh_NPh_3-CN_diCN.xyz
syn_NPh_NPh_3-CN_p-CF3benz,C1=C2C=C(N4(C9=CC=CC=C9))C(C(C=C6(C(F)(F)(F)))=C4(C=C6))=CC2=CC3=CC(C(C#N)=C5)=C(N5(C8=CC=CC=C8))C=C13,structures/syn_NPh_NPh_3-CN_p-CF3benz.xyz
syn_NPh_NPh_diCN_benz,C1=C2C=C(N4(C9=CC=CC=C9))C(C(C=C6)=C4(C=C6))=CC2=CC3=CC(C(C#N)=C5(C#N))=C(N5(C8=CC=CC=C8))C=C13,structures/syn_NPh_NPh_diCN_benz.xyz
syn_O_NMe_2-Cl_diCF3,C1=C2C=C(N4C)C(C(C(F)(F)(F))=C4(C(F)(F)(F)))=CC2=CC3=CC(C=C5(Cl))=C(O5)C=C13,structures/syn_O_NMe_2-Cl_diCF3.xyz
syn_O_NMe_3-CF3_3-CN,C1=C2C=C(N4C)C(C(C#N)=C4)=CC2=CC3=CC(C(C(F)(F)(F))=C5)=C(O5)C=C13,structures/syn_O_NMe_3-CF3_3-CN.xyz
syn_O_NMe_diCN_tetClbenz,C1=C2C=C(N4C)C(C(C(Cl)=C6(Cl))=C4(C(Cl)=C6(Cl)))=CC2=CC3=CC(C(C#N)=C5(C#N))=C(O5)C=C13,structures/syn_O_NMe_diCN_tetClbenz.xyz
syn_O_NMe_tetClbenz_2-CN,C1=C2C=C(N4C)C(C=C4(C#N))=CC2=CC3=CC(C(C(Cl)=C7(Cl))=C5(C(Cl)=C7(Cl)))=C(O5)C=C13,structures/syn_O_NMe_tetClbenz_2-CN.xyz
syn_O_NPh_2-CF3_2-CN,C1=C2C=C(N4(C9=CC=CC=C9))C(C=C4(C#N))=CC2=CC3=CC(C=C5(C(F)(F)(F)))=C(O5)C=C13,structures/syn_O_NPh_2-CF3_2-CN.xyz
syn_O_NPh_3-CN_3-CN,C1=C2C=C(N4(C9=CC=CC=C9))C(C(C#N)=C4)=CC2=CC3=CC(C(C#N)=C5)=C(O5)C=C13,structures/syn_O_NPh_3-CN_3-CN.xyz
syn_O_NPh_benz_p-OMebenz,C1=C2C=C(N4(C9=CC=CC=C9))C(C(C=C6(OC))=C4(C=C6))=CC2=CC3=CC(C(C=C7)=C5(C=C7))=C(O5)C=C13,structures/syn_O_NPh_benz_p-OMebenz.xyz
syn_O_NPh_m-CNbenz_p-CNbenz,C1=C2C=C(N4(C9=CC=CC=C9))C(C(C=C6(C#N))=C4(C=C6))=CC2=CC3=CC(C(C=C7)=C5(C=C7(C#N)))=C(O5)C=C13,structures/syn_O_NPh_m-CNbenz_p-CNbenz.xyz
syn_O_NPh_m-OMebenz_p-OMebenz,C1=C2C=C(N4(C9=CC=CC=C9))C(C(C=C6(OC))=C4(C=C6))=CC2=CC3=CC(C(C=C7)=C5(C=C7(OC)))=C(O5)C=C13,structures/syn_O_NPh_m-OMebenz_p-OMebenz.xyz
syn_O_NPh_p-CNbenz_3-CN,C1=C2C=C(N4(C9=CC=CC=C9))C(C(C#N)=C4)=CC2=CC3=CC(C(C=C7(C#N))=C5(C=C7))=C(O5)C=C13,structures/syn_O_NPh_p-CNbenz_3-CN.xyz
syn_O_O_2-CN_m-CNbenz,C1=C2C=C(O4)C(C(C=C6)=C4(C=C6(C#N)))=CC2=CC3=CC(C=C5(C#N))=C(O5)C=C13,structures/syn_O_O_2-CN_m-CNbenz.xyz
syn_O_O_2-OMe_diCl,C1=C2C=C(O4)C(C(Cl)=C4(Cl))=CC2=CC3=CC(C=C5(OC))=C(O5)C=C13,structures/syn_O_O_2-OMe_diCl.xyz
syn_O_O_3-Cl_3-CF3,C1=C2C=C(O4)C(C(C(F)(F)(F))=C4)=CC2=CC3=CC(C(Cl)=C5)=C(O5)C=C13,structures/syn_O_O_3-Cl_3-CF3.xyz
syn_O_O_3-Cl_diF,C1=C2C=C(O4)C(C(F)=C4(F))=CC2=CC3=CC(C(Cl)=C5)=C(O5)C=C13,structures/syn_O_O_3-Cl_diF.xyz
syn_S_NMe_2-CF3_2-CF3,C1=C2C=C(N4C)C(C=C4(C(F)(F)(F)))=CC2=CC3=CC(C=C5(C(F)(F)(F)))=C(S5)C=C13,structures/syn_S_NMe_2-CF3_2-CF3.xyz
syn_S_NMe_2-CF3_m-CF3benz,C1=C2C=C(N4C)C(C(C=C6)=C4(C=C6(C(F)(F)(F))))=CC2=CC3=CC(C=C5(C(F)(F)(F)))=C(S5)C=C13,structures/syn_S_NMe_2-CF3_m-CF3benz.xyz
syn_S_NMe_2-CN_m-OMebenz,C1=C2C=C(N4C)C(C(C=C6)=C4(C=C6(OC)))=CC2=CC3=CC(C=C5(C#N))=C(S5)C=C13,structures/syn_S_NMe_2-CN_m-OMebenz.xyz
syn_S_NMe_2-OMe_3-OMe,C1=C2C=C(N4C)C(C(OC)=C4)=CC2=CC3=CC(C=C5(OC))=C(S5)C=C13,structures/syn_S_NMe_2-OMe_3-OMe.xyz
syn_S_NMe_3-CF3_3-F,C1=C2C=C(N4C)C(C(F)=C4)=CC2=CC3=CC(C(C(F)(F)(F))=C5)=C(S5)C=C13,structures/syn_S_NMe_3-CF3_3-F.xyz
syn_S_NMe_3-CN_2-Cl,C1=C2C=C(N4C)C(C=C4(Cl))=CC2=CC3=CC(C(C#N)=C5)=C(S5)C=C13,structures/syn_S_NMe_3-CN_2-Cl.xyz
syn_S_NMe_3-OMe_3-CF3,C1=C2C=C(N4C)C(C(C(F)(F)(F))=C4)=CC2=CC3=CC(C(OC)=C5)=C(S5)C=C13,structures/syn_S_NMe_3-OMe_3-CF3.xyz
syn_S_NMe_diCl_tetFbenz,C1=C2C=C(N4C)C(C(C(F)=C6(F))=C4(C(F)=C6(F)))=CC2=CC3=CC(C(Cl)=C5(Cl))=C(S5)C=C13,structures/syn_S_NMe_diCl_tetFbenz.xyz
syn_S_NMe_diF_m-CNbenz,C1=C2C=C(N4C)C(C(C=C6)=C4(C=C6(C#N)))=CC2=CC3=CC(C(F)=C5(F))=C(S5)C=C13,structures/syn_S_NMe_diF_m-CNbenz.xyz
syn_S_NMe_m-CF3benz_3-CF3,C1=C2C=C(N4C)C(C(C(F)(F)(F))=C4)=CC2=CC3=CC(C(C=C7)=C5(C=C7(C(F)(F)(F))))=C(S5)C=C13,structures/syn_S_NMe_m-CF3benz_3-CF3.xyz
syn_S_NMe_m-CF3benz_p-CNbenz,C1=C2C=C(N4C)C(C(C=C6(C#N))=C4(C=C6))=CC2=CC3=CC(C(C=C7)=C5(C=C7(C(F)(F)(F))))=C(S5)C=C13,structures/syn_S_NMe_m-CF3benz_p-CNbenz.xyz
syn_S_NMe_m-CNbenz_2-F,C1=C2C=C(N4C)C(C=C4(F))=CC2=CC3=CC(C(C=C7)=C5(C=C7(C#N)))=C(S5)C=C13,structures/syn_S_NMe_m-CNbenz_2-F.xyz
syn_S_NMe_p-CF3benz_m-CF3benz,C1=C2C=C(N4C)C(C(C=C6)=C4(C=C6(C(F)(F)(F))))=CC2=CC3=CC(C(C=C7(C(F)(F)(F)))=C5(C=C7))=C(S5)C=C13,structures/syn_S_NMe_p-CF3benz_m-CF3benz.xyz
syn_S_NPh_3-F_diCF3,C1=C2C=C(N4(C9=CC=CC=C9))C(C(C(F)(F)(F))=C4(C(F)(F)(F)))=CC2=CC3=CC(C(F)=C5)=C(S5)C=C13,structures/syn_S_NPh_3-F_diCF3.xyz
syn_S_NPh_3-F_diCl,C1=C2C=C(N4(C9=CC=CC=C9))C(C(Cl)=C4(Cl))=CC2=CC3=CC(C(F)=C5)=C(S5)C=C13,structures/syn_S_NPh_3-F_diCl.xyz
syn_S_NPh_3-OMe_m-CNbenz,C1=C2C=C(N4(C9=CC=CC=C9))C(C(C=C6)=C4(C=C6(C#N)))=CC2=CC3=CC(C(OC)=C5)=C(S5)C=C13,structures/syn_S_NPh_3-OMe_m-CNbenz.xyz
syn_S_NPh_3-OMe_p-CF3benz,C1=C2C=C(N4(C9=CC=CC=C9))C(C(C=C6(C(F)(F)(F)))=C4(C=C6))=CC2=CC3=CC(C(OC)=C5)=C(S5)C=C13,structures/syn_S_NPh_3-OMe_p-CF3benz.xyz
syn_S_NPh_m-CF3benz_3-F,C1=C2C=C(N4(C9=CC=CC=C9))C(C(F)=C4)=CC2=CC3=CC(C(C=C7)=C5(C=C7(C(F)(F)(F))))=C(S5)C=C13,structures/syn_S_NPh_m-CF3benz_3-F.xyz
syn_S_NPh_p-CNbenz_2-OMe,C1=C2C=C(N4(C9=CC=CC=C9))C(C=C4(OC))=CC2=CC3=CC(C(C=C7(C#N))=C5(C=C7))=C(S5)C=C13,structures/syn_S_NPh_p-CNbenz_2-OMe.xyz
syn_S_NPh_p-CNbenz_diOMe,C1=C2C=C(N4(C9=CC=CC=C9))C(C(OC)=C4(OC))=CC2=CC3=CC(C(C=C7(C#N))=C5(C=C7))=C(S5)C=C13,structures/syn_S_NPh_p-CNbenz_diOMe.xyz
syn_S_NPh_tetClbenz_diF,C1=C2C=C(N4(C9=CC=CC=C9))C(C(F)=C4(F))=CC2=CC3=CC(C(C(Cl)=C7(Cl))=C5(C(Cl)=C7(Cl)))=C(S5)C=C13,structures/syn_S_NPh_tetClbenz_diF.xyz
syn_S_O_3-Cl_p-OMebenz,C1=C2C=C(O4)C(C(C=C6(OC))=C4(C=C6))=CC2=CC3=CC(C(Cl)=C5)=C(S5)C=C13,structures/syn_S_O_3-Cl_p-OMebenz.xyz
syn_S_O_benz_benz,C1=C2C=C(O4)C(C(C=C6)=C4(C=C6))=CC2=CC3=CC(C(C=C7)=C5(C=C7))=C(S5)C=C13,structures/syn_S_O_benz_benz.xyz
syn_S_O_diCF3_tetFbenz,C1=C2C=C(O4)C(C(C(F)=C6(F))=C4(C(F)=C6(F)))=CC2=CC3=CC(C(C(F)(F)(F))=C5(C(F)(F)(F)))=C(S5)C=C13,structures/syn_S_O_diCF3_tetFbenz.xyz
syn_S_O_diCN_2-Cl,C1=C2C=C(O4)C(C=C4(Cl))=CC2=CC3=CC(C(C#N)=C5(C#N))=C(S5)C=C13,structures/syn_S_O_diCN_2-Cl.xyz
syn_S_O_diCN_3-OMe,C1=C2C=C(O4)C(C(OC)=C4)=CC2=CC3=CC(C(C#N)=C5(C#N))=C(S5)C=C13,structures/syn_S_O_diCN_3-OMe.xyz
syn_S_O_m-OMebenz_C,C1=C2C=C(O4)C(C=C4)=CC2=CC3=CC(C(C=C7)=C5(C=C7(OC)))=C(S5)C=C13,structures/syn_S_O_m-OMebenz_C.xyz
syn_S_O_m-OMebenz_p-CNbenz,C1=C2C=C(O4)C(C(C=C6(C#N))=C4(C=C6))=CC2=CC3=CC(C(C=C7)=C5(C=C7(OC)))=C(S5)C=C13,structures/syn_S_O_m-OMebenz_p-CNbenz.xyz
syn_S_O_tetClbenz_3-CF3,C1=C2C=C(O4)C(C(C(F)(F)(F))=C4)=CC2=CC3=CC(C(C(Cl)=C7(Cl))=C5(C(Cl)=C7(Cl)))=C(S5)C=C13,structures/syn_S_O_tetClbenz_3-CF3.xyz
syn_S_S_3-CF3_tetFbenz,C1=C2C=C(S4)C(C(C(F)=C6(F))=C4(C(F)=C6(F)))=CC2=CC3=CC(C(C(F)(F)(F))=C5)=C(S5)C=C13,structures/syn_S_S_3-CF3_tetFbenz.xyz
syn_S_S_3-OMe_m-OMebenz,C1=C2C=C(S4)C(C(C=C6)=C4(C=C6(OC)))=CC2=CC3=CC(C(OC)=C5)=C(S5)C=C13,structures/syn_S_S_3-OMe_m-OMebenz.xyz
syn_S_S_benz_m-CF3benz,C1=C2C=C(S4)C(C(C=C6)=C4(C=C6(C(F)(F)(F))))=CC2=CC3=CC(C(C=C7)=C5(C=C7))=C(S5)C=C13,structures/syn_S_S_benz_m-CF3benz.xyz
syn_S_S_p-CNbenz_m-OMebenz,C1=C2C=C(S4)C(C(C=C6)=C4(C=C6(OC)))=CC2=CC3=CC(C(C=C7(C#N))=C5(C=C7))=C(S5)C=C13,structures/syn_S_S_p-CNbenz_m-OMebenz.xyz
syn_S_S_tetFbenz_m-CF3benz,C1=C2C=C(S4)C(C(C=C6)=C4(C=C6(C(F)(F)(F))))=CC2=CC3=CC(C(C(F)=C7(F))=C5(C(F)=C7(F)))=C(S5)C=C13,structures/syn_S_S_tetFbenz_m-CF3benz.xyz
syn_S_S_tetFbenz_p-CF3benz,C1=C2C=C(S4)C(C(C=C6(C(F)(F)(F)))=C4(C=C6))=CC2=CC3=CC(C(C(F)=C7(F))=C5(C(F)=C7(F)))=C(S5)C=C13,structures/syn_S_S_tetFbenz_p-CF3benz.xyz
anti_C_C_3-Cl_3-Cl,C1=C2C=C(C(Cl)=C4)C(C=C4)=CC2=CC3=CC(C(Cl)=C5)=C(C=C5)C=C13,structures/anti_C_C_3-Cl_3-Cl.xyz
anti_C_NMe_2-CF3_p-OMebenz,C1=C2C=C(C(C=C6(OC))=C4(C=C6))C(N4C)=CC2=CC3=CC(C=C5(C(F)(F)(F)))=C(C=C5)C=C13,structures/anti_C_NMe_2-CF3_p-OMebenz.xyz
anti_C_NMe_3-Cl_tetClbenz,C1=C2C=C(C(C(Cl)=C6(Cl))=C4(C(Cl)=C6(Cl)))C(N4C)=CC2=CC3=CC(C(Cl)=C5)=C(C=C5)C=C13,structures/anti_C_NMe_3-Cl_tetClbenz.xyz
anti_C_NMe_3-F_diCl,C1=C2C=C(C(Cl)=C4(Cl))C(N4C)=CC2=CC3=CC(C(F)=C5)=C(C=C5)C=C13,structures/anti_C_NMe_3-F_diCl.xyz
anti_C_NMe_benz_m-OMebenz,C1=C2C=C(C(C=C6)=C4(C=C6(OC)))C(N4C)=CC2=CC3=CC(C(C=C7)=C5(C=C7))=C(C=C5)C=C13,structures/anti_C_NMe_benz_m-OMebenz.xyz
anti_C_NMe_m-CF3benz_3-CN,C1=C2C=C(C(C#N)=C4)C(N4C)=CC2=CC3=CC(C(C=C7)=C5(C=C7(C(F)(F)(F))))=C(C=C5)C=C13,structures/anti_C_NMe_m-CF3benz_3-CN.xyz
anti_C_NMe_m-CNbenz_3-Cl,C1=C2C=C(C(Cl)=C4)C(N4C)=CC2=CC3=CC(C(C=C7)=C5(C=C7(C#N)))=C(C=C5)C=C13,structures/anti_C_NMe_m-CNbenz_3-Cl.xyz
anti_C_NPh_2-OMe_3-CN,C1=C2C=C(C(C#N)=C4)C(N4(C9=CC=CC=C9))=CC2=CC3=CC(C=C5(OC))=C(C=C5)C=C13,structures/anti_C_NPh_2-OMe_3-CN.xyz
anti_C_NPh_3-CF3_tetClbenz,C1=C2C=C(C(C(Cl)=C6(Cl))=C4(C(Cl)=C6(Cl)))C(N4(C9=CC=CC=C9))=CC2=CC3=CC(C(C(F)(F)(F))=C5)=C(C=C5)C=C13,structures/anti_C_NPh_3-CF3_tetClbenz.xyz
anti_C_NPh_3-OMe_3-CN,C1=C2C=C(C(C#N)=C4)C(N4(C9=CC=CC=C9))=CC2=CC3=CC(C(OC)=C5)=C(C=C5)C=C13,structures/anti_C_NPh_3-OMe_3-CN.xyz
anti_C_NPh_m-CF3benz_3-OMe,C1=C2C=C(C(OC)=C4)C(N4(C9=CC=CC=C9))=CC2=CC3=CC(C(C=C7)=C5(C=C7(C(F)(F)(F))))=C(C=C5)C=C13,structures/anti_C_NPh_m-CF3benz_3-OMe.xyz
anti_C_NPh_p-CF3benz_diCF3,C1=C2C=C(C(C(F)(F)(F))=C4(C(F)(F)(F)))C(N4(C9=CC=CC=C9))=CC2=CC3=CC(C(C=C7(C(F)(F)(F)))=C5(C=C7))=C(C=C5)C=C13,structures/anti_C_NPh_p-CF3benz_diCF3.xyz
anti_C_NPh_tetFbenz_benz,C1=C2C=C(C(C=C6)=C4(C=C6))C(N4(C9=CC=CC=C9))=CC2=CC3=CC(C(C(F)=C7(F))=C5(C(F)=C7(F)))=C(C=C5)C=C13,structures/anti_C_NPh_tetFbenz_benz.xyz
anti_C_NPh_tetFbenz_tetFbenz,C1=C2C=C(C(C(F)=C6(F))=C4(C(F)=C6(F)))C(N4(C9=CC=CC=C9))=CC2=CC3=CC(C(C(F)=C7(F))=C5(C(F)=C7(F)))=C(C=C5)C=C13,structures/anti_C_NPh_tetFbenz_tetFbenz.xyz
anti_C_O_2-Cl_p-OMebenz,C1=C2C=C(C(C=C6(OC))=C4(C=C6))C(O4)=CC2=CC3=CC(C=C5(Cl))=C(C=C5)C=C13,structures/anti_C_O_2-Cl_p-OMebenz.xyz
anti_C_O_2-F_3-OMe,C1=C2C=C(C(OC)=C4)C(O4)=CC2=CC3=CC(C=C5(F))=C(C=C5)C=C13,structures/anti_C_O_2-F_3-OMe.xyz
anti_C_O_3-Cl_diCF3,C1=C2C=C(C(C(F)(F)(F))=C4(C(F)(F)(F)))C(O4)=CC2=CC3=CC(C(Cl)=C5)=C(C=C5)C=C13,structures/anti_C_O_3-Cl_diCF3.xyz
anti_C_O_3-CN_2-Cl,C1=C2C=C(C=C4(Cl))C(O4)=CC2=CC3=CC(C(C#N)=C5)=C(C=C5)C=C13,structures/anti_C_O_3-CN_2-Cl.xyz
anti_C_O_benz_m-CNbenz,C1=C2C=C(C(C=C6)=C4(C=C6(C#N)))C(O4)=CC2=CC3=CC(C(C=C7)=C5(C=C7))=C(C=C5)C=C13,structures/anti_C_O_benz_m-CNbenz.xyz
anti_C_O_diCF3_3-CF3,C1=C2C=C(C(C(F)(F)(F))=C4)C(O4)=CC2=CC3=CC(C(C(F)(F)(F))=C5(C(F)(F)(F)))=C(C=C5)C=C13,structures/anti_C_O_diCF3_3-CF3.xyz
anti_C_O_diCl_2-Cl,C1=C2C=C(C=C4(Cl))C(O4)=CC2=CC3=CC(C(Cl)=C5(Cl))=C(C=C5)C=C13,structures/anti_C_O_diCl_2-Cl.xyz
anti_C_O_diCl_diCN,C1=C2C=C(C(C#N)=C4(C#N))C(O4)=CC2=CC3=CC(C(Cl)=C5(Cl))=C(C=C5)C=C13,structures/anti_C_O_diCl_diCN.xyz
anti_C_O_diF_diCF3,C1=C2C=C(C(C(F)(F)(F))=C4(C(F)(F)(F)))C(O4)=CC2=CC3=CC(C(F)=C5(F))=C(C=C5)C=C13,structures/anti_C_O_diF_diCF3.xyz
anti_C_O_m-CF3benz_m-OMebenz,C1=C2C=C(C(C=C6)=C4(C=C6(OC)))C(O4)=CC2=CC3=CC(C(C=C7)=C5(C=C7(C(F)(F)(F))))=C(C=C5)C=C13,structures/anti_C_O_m-CF3benz_m-OMebenz.xyz
anti_C_O_tetFbenz_diCN,C1=C2C=C(C(C#N)=C4(C#N))C(O4)=CC2=CC3=CC(C(C(F)=C7(F))=C5(C(F)=C7(F)))=C(C=C5)C=C13,structures/anti_C_O_tetFbenz_diCN.xyz
anti_C_S_2-OMe_2-OMe,C1=C2C=C(C=C4(OC))C(S4)=CC2=CC3=CC(C=C5(OC))=C(C=C5)C=C13,structures/anti_C_S_2-OMe_2-OMe.xyz
anti_C_S_3-Cl_p-OMebenz,C1=C2C=C(C(C=C6(OC))=C4(C=C6))C(S4)=CC2=CC3=CC(C(Cl)=C5)=C(C=C5)C=C13,structures/anti_C_S_3-Cl_p-OMebenz.xyz
anti_C_S_3-CN_2-CN,C1=C2C=C(C=C4(C#N))C(S4)=CC2=CC3=CC(C(C#N)=C5)=C(C=C5)C=C13,structures/anti_C_S_3-CN_2-CN.xyz
anti_C_S_3-F_3-CF3,C1=C2C=C(C(C(F)(F)(F))=C4)C(S4)=CC2=CC3=CC(C(F)=C5)=C(C=C5)C=C13,structures/anti_C_S_3-F_3-CF3.xyz
anti_C_S_diCN_tetClbenz,C1=C2C=C(C(C(Cl)=C6(Cl))=C4(C(Cl)=C6(Cl)))C(S4)=CC2=CC3=CC(C(C#N)=C5(C#N))=C(C=C5)C=C13,structures/anti_C_S_diCN_tetClbenz.xyz
anti_NMe_NMe_2-CF3_m-CF3benz,C1=C2C=C(C(C=C6)=C4(C=C6(C(F)(F)(F))))C(N4C)=CC2=CC3=CC(C=C5(C(F)(F)(F)))=C(N5C)C=C13,structures/anti_NMe_NMe_2-CF3_m-CF3benz.xyz
anti_NMe_NMe_2-OMe_3-CF3,C1=C2C=C(C(C(F)(F)(F))=C4)C(N4C)=CC2=CC3=CC(C=C5(OC))=C(N5C)C=C13,structures/anti_NMe_NMe_2-OMe_3-CF3.xyz
anti_NMe_NMe_3-F_3-F,C1=C2C=C(C(F)=C4)C(N4C)=CC2=CC3=CC(C(F)=C5)=C(N5C)C=C13,structures/anti_NMe_NMe_3-F_3-F.xyz
anti_NMe_NMe_C_p-CF3benz,C1=C2C=C(C(C=C6(C(F)(F)(F)))=C4(C=C6))C(N4C)=CC2=CC3=CC(C=C5)=C(N5C)C=C13,structures/anti_NMe_NMe_C_p-CF3benz.xyz
anti_NMe_NPh_2-Cl_2-CF3,C1=C2C=C(C=C4(C(F)(F)(F)))C(N4(C9=CC=CC=C9))=CC2=CC3=CC(C=C5(Cl))=C(N5C)C=C13,structures/anti_NMe_NPh_2-Cl_2-CF3.xyz
anti_NMe_NPh_2-Cl_2-Cl,C1=C2C=C(C=C4(Cl))C(N4(C9=CC=CC=C9))=CC2=CC3=CC(C=C5(Cl))=C(N5C)C=C13,structures/anti_NMe_NPh_2-Cl_2-Cl.xyz
anti_NMe_NPh_2-Cl_diCl,C1=C2C=C(C(Cl)=C4(Cl))C(N4(C9=CC=CC=C9))=CC2=CC3=CC(C=C5(Cl))=C(N5C)C=C13,structures/anti_NMe_NPh_2-Cl_diCl.xyz
anti_NMe_NPh_2-Cl_p-OMebenz,C1=C2C=C(C(C=C6(OC))=C4(C=C6))C(N4(C9=CC=CC=C9))=CC2=CC3=CC(C=C5(Cl))=C(N5C)C=C13,structures/anti_NMe_NPh_2-Cl_p-OMebenz.xyz
anti_NMe_NPh_2-CN_benz,C1=C2C=C(C(C=C6)=C4(C=C6))C(N4(C9=CC=CC=C9))=CC2=CC3=CC(C=C5(C#N))=C(N5C)C=C13,structures/anti_NMe_NPh_2-CN_benz.xyz
anti_NMe_NPh_2-OMe_3-CN,C1=C2C=C(C(C#N)=C4)C(N4(C9=CC=CC=C9))=CC2=CC3=CC(C=C5(OC))=C(N5C)C=C13,structures/anti_NMe_NPh_2-OMe_3-CN.xyz
anti_NMe_NPh_3-CF3_2-CN,C1=C2C=C(C=C4(C#N))C(N4(C9=CC=CC=C9))=CC2=CC3=CC(C(C(F)(F)(F))=C5)=C(N5C)C=C13,structures/anti_NMe_NPh_3-CF3_2-CN.xyz
anti_NMe_NPh_3-F_3-CF3,C1=C2C=C(C(C(F)(F)(F))=C4)C(N4(C9=CC=CC=C9))=CC2=CC3=CC(C(F)=C5)=C(N5C)C=C13,structures/anti_NMe_NPh_3-F_3-CF3.xyz
anti_NMe_NPh_benz_3-OMe,C1=C2C=C(C(OC)=C4)C(N4(C9=CC=CC=C9))=CC2=CC3=CC(C(C=C7)=C5(C=C7))=C(N5C)C=C13,structures/anti_NMe_NPh_benz_3-OMe.xyz
anti_NMe_NPh_diCN_m-CF3benz,C1=C2C=C(C(C=C6)=C4(C=C6(C(F)(F)(F))))C(N4(C9=CC=CC=C9))=CC2=CC3=CC(C(C#N)=C5(C#N))=C(N5C)C=C13,structures/anti_NMe_NPh_diCN_m-CF3benz.xyz
anti_NMe_NPh_m-CF3benz_3-OMe,C1=C2C=C(C(OC)=C4)C(N4(C9=CC=CC=C9))=CC2=CC3=CC(C(C=C7)=C5(C=C7(C(F)(F)(F))))=C(N5C)C=C13,structures/anti_NMe_NPh_m-CF3benz_3-OMe.xyz
anti_NMe_NPh_m-CNbenz_C,C1=C2C=C(C=C4)C(N4(C9=CC=CC=C9))=CC2=CC3=CC(C(C=C7)=C5(C=C7(C#N)))=C(N5C)C=C13,structures/anti_NMe_NPh_m-CNbenz_C.xyz
anti_NMe_NPh_m-OMebenz_diCl,C1=C2C=C(C(Cl)=C4(Cl))C(N4(C9=CC=CC=C9))=CC2=CC3=CC(C(C=C7)=C5(C=C7(OC)))=C(N5C)C=C13,structures/anti_NMe_NPh_m-OMebenz_diCl.xyz
anti_NMe_NPh_p-CF3benz_diCN,C1=C2C=C(C(C#N)=C4(C#N))C(N4(C9=CC=CC=C9))=CC2=CC3=CC(C(C=C7(C(F)(F)(F)))=C5(C=C7))=C(N5C)C=C13,structures/anti_NMe_NPh_p-CF3benz_diCN.xyz
anti_NMe_NPh_p-CF3benz_tetFbenz,C1=C2C=C(C(C(F)=C6(F))=C4(C(F)=C6(F)))C(N4(C9=CC=CC=C9))=CC2=CC3=CC(C(C=C7(C(F)(F)(F)))=C5(C=C7))=C(N5C)C=C13,structures/anti_NMe_NPh_p-CF3benz_tetFbenz.xyz
anti_NMe_NPh_tetClbenz_p-OMebenz,C1=C2C=C(C(C=C6(OC))=C4(C=C6))C(N4(C9=CC=CC=C9))=CC2=CC3=CC(C(C(Cl)=C7(Cl))=C5(C(Cl)=C7(Cl)))=C(N5C)C=C13,structures/anti_NMe_NPh_tetClbenz_p-OMebenz.xyz
anti_NPh_NPh_3-F_3-CF3,C1=C2C=C(C(C(F)(F)(F))=C4)C(N4(C9=CC=CC=C9))=CC2=CC3=CC(C(F)=C5)=C(N5(C8=CC=CC=C8))C=C13,structures/anti_NPh_NPh_3-F_3-CF3.xyz
anti_NPh_NPh_diF_m-CNbenz,C1=C2C=C(C(C=C6)=C4(C=C6(C#N)))C(N4(C9=CC=CC=C9))=CC2=CC3=CC(C(F)=C5(F))=C(N5(C8=CC=CC=C8))C=C13,structures/anti_NPh_NPh_diF_m-CNbenz.xyz
anti_O_NMe_2-CN_diCF3,C1=C2C=C(C(C(F)(F)(F))=C4(C(F)(F)(F)))C(N4C)=CC2=CC3=CC(C=C5(C#N))=C(O5)C=C13,structures/anti_O_NMe_2-CN_diCF3.xyz
anti_O_NMe_2-F_tetClbenz,C1=C2C=C(C(C(Cl)=C6(Cl))=C4(C(Cl)=C6(Cl)))C(N4C)=CC2=CC3=CC(C=C5(F))=C(O5)C=C13,structures/anti_O_NMe_2-F_tetClbenz.xyz
anti_O_NMe_3-Cl_3-CF3,C1=C2C=C(C(C(F)(F)(F))=C4)C(N4C)=CC2=CC3=CC(C(Cl)=C5)=C(O5)C=C13,structures/anti_O_NMe_3-Cl_3-CF3.xyz
anti_O_NMe_C_2-OMe,C1=C2C=C(C=C4(OC))C(N4C)=CC2=CC3=CC(C=C5)=C(O5)C=C13,structures/anti_O_NMe_C_2-OMe.xyz
anti_O_NMe_diCF3_tetClbenz,C1=C2C=C(C(C(Cl)=C6(Cl))=C4(C(Cl)=C6(Cl)))C(N4C)=CC2=CC3=CC(C(C(F)(F)(F))=C5(C(F)(F)(F)))=C(O5)C=C13,structures/anti_O_NMe_diCF3_tetClbenz.xyz
anti_O_NMe_diF_2-CF3,C1=C2C=C(C=C4(C(F)(F)(F)))C(N4C)=CC2=CC3=CC(C(F)=C5(F))=C(O5)C=C13,structures/anti_O_NMe_diF_2-CF3.xyz
anti_O_NMe_m-CF3benz_3-CN,C1=C2C=C(C(C#N)=C4)C(N4C)=CC2=CC3=CC(C(C=C7)=C5(C=C7(C(F)(F)(F))))=C(O5)C=C13,structures/anti_O_NMe_m-CF3benz_3-CN.xyz
anti_O_NMe_m-CF3benz_m-OMebenz,C1=C2C=C(C(C=C6)=C4(C=C6(OC)))C(N4C)=CC2=CC3=CC(C(C=C7)=C5(C=C7(C(F)(F)(F))))=C(O5)C=C13,structures/anti_O_NMe_m-CF3benz_m-OMebenz.xyz
anti_O_NMe_p-CF3benz_diCF3,C1=C2C=C(C(C(F)(F)(F))=C4(C(F)(F)(F)))C(N4C)=CC2=CC3=CC(C(C=C7(C(F)(F)(F)))=C5(C=C7))=C(O5)C=C13,structures/anti_O_NMe_p-CF3benz_diCF3.xyz
anti_O_NPh_2-CF3_m-CF3benz,C1=C2C=C(C(C=C6)=C4(C=C6(C(F)(F)(F))))C(N4(C9=CC=CC=C9))=CC2=CC3=CC(C=C5(C(F)(F)(F)))=C(O5)C=C13,structures/anti_O_NPh_2-CF3_m-CF3benz.xyz
anti_O_NPh_2-OMe_diCl,C1=C2C=C(C(Cl)=C4(Cl))C(N4(C9=CC=CC=C9))=CC2=CC3=CC(C=C5(OC))=C(O5)C=C13,structures/anti_O_NPh_2-OMe_diCl.xyz
anti_O_NPh_3-CN_m-OMebenz,C1=C2C=C(C(C=C6)=C4(C=C6(OC)))C(N4(C9=CC=CC=C9))=CC2=CC3=CC(C(C#N)=C5)=C(O5)C=C13,structures/anti_O_NPh_3-CN_m-OMebenz.xyz
anti_O_NPh_3-F_tetClbenz,C1=C2C=C(C(C(Cl)=C6(Cl))=C4(C(Cl)=C6(Cl)))C(N4(C9=CC=CC=C9))=CC2=CC3=CC(C(F)=C5)=C(O5)C=C13,structures/anti_O_NPh_3-F_tetClbenz.xyz
anti_O_NPh_diCF3_tetFbenz,C1=C2C=C(C(C(F)=C6(F))=C4(C(F)=C6(F)))C(N4(C9=CC=CC=C9))=CC2=CC3=CC(C(C(F)(F)(F))=C5(C(F)(F)(F)))=C(O5)C=C13,structures/anti_O_NPh_diCF3_tetFbenz.xyz
anti_O_NPh_diOMe_2-F,C1=C2C=C(C=C4(F))C(N4(C9=CC=CC=C9))=CC2=CC3=CC(C(OC)=C5(OC))=C(O5)C=C13,structures/anti_O_NPh_diOMe_2-F.xyz
anti_O_NPh_m-CF3benz_C,C1=C2C=C(C=C4)C(N4(C9=CC=CC=C9))=CC2=CC3=CC(C(C=C7)=C5(C=C7(C(F)(F)(F))))=C(O5)C=C13,structures/anti_O_NPh_m-CF3benz_C.xyz
anti_O_NPh_m-CF3benz_diCN,C1=C2C=C(C(C#N)=C4(C#N))C(N4(C9=CC=CC=C9))=CC2=CC3=CC(C(C=C7)=C5(C=C7(C(F)(F)(F))))=C(O5)C=C13,structures/anti_O_NPh_m-CF3benz_diCN.xyz
anti_O_NPh_m-OMebenz_3-F,C1=C2C=C(C(F)=C4)C(N4(C9=CC=CC=C9))=CC2=CC3=CC(C(C=C7)=C5(C=C7(OC)))=C(O5)C=C13,structures/anti_O_NPh_m-OMebenz_3-F.xyz
anti_O_NPh_tetFbenz_3-F,C1=C2C=C(C(F)=C4)C(N4(C9=CC=CC=C9))=CC2=CC3=CC(C(C(F)=C7(F))=C5(C(F)=C7(F)))=C(O5)C=C13,structures/anti_O_NPh_tetFbenz_3-F.xyz
anti_O_NPh_tetFbenz_diF,C1=C2C=C(C(F)=C4(F))C(N4(C9=CC=CC=C9))=CC2=CC3=CC(C(C(F)=C7(F))=C5(C(F)=C7(F)))=C(O5)C=C13,structures/anti_O_NPh_tetFbenz_diF.xyz
anti_O_NPh_tetFbenz_diOMe,C1=C2C=C(C(OC)=C4(OC))C(N4(C9=CC=CC=C9))=CC2=CC3=CC(C(C(F)=C7(F))=C5(C(F)=C7(F)))=C(O5)C=C13,structures/anti_O_NPh_tetFbenz_diOMe.xyz
anti_O_O_2-CN_p-CF3benz,C1=C2C=C(C(C=C6(C(F)(F)(F)))=C4(C=C6))C(O4)=CC2=CC3=CC(C=C5(C#N))=C(O5)C=C13,structures/anti_O_O_2-CN_p-CF3benz.xyz
anti_O_O_2-F_p-CF3benz,C1=C2C=C(C(C=C6(C(F)(F)(F)))=C4(C=C6))C(O4)=CC2=CC3=CC(C=C5(F))=C(O5)C=C13,structures/anti_O_O_2-F_p-CF3benz.xyz
anti_O_O_2-OMe_diOMe,C1=C2C=C(C(OC)=C4(OC))C(O4)=CC2=CC3=CC(C=C5(OC))=C(O5)C=C13,structures/anti_O_O_2-OMe_diOMe.xyz
anti_O_O_C_3-F,C1=C2C=C(C(F)=C4)C(O4)=CC2=CC3=CC(C=C5)=C(O5)C=C13,structures/anti_O_O_C_3-F.xyz
anti_O_O_diCF3_p-OMebenz,C1=C2C=C(C(C=C6(OC))=C4(C=C6))C(O4)=CC2=CC3=CC(C(C(F)(F)(F))=C5(C(F)(F)(F)))=C(O5)C=C13,structures/anti_O_O_diCF3_p-OMebenz.xyz
anti_O_O_diCN_m-CNbenz,C1=C2C=C(C(C=C6)=C4(C=C6(C#N)))C(O4)=CC2=CC3=CC(C(C#N)=C5(C#N))=C(O5)C=C13,structures/anti_O_O_diCN_m-CNbenz.xyz
anti_S_NMe_2-CF3_diCl,C1=C2C=C(C(Cl)=C4(Cl))C(N4C)=CC2=CC3=CC(C=C5(C(F)(F)(F)))=C(S5)C=C13,structures/anti_S_NMe_2-CF3_diCl.xyz
anti_S_NMe_2-F_diF,C1=C2C=C(C(F)=C4(F))C(N4C)=CC2=CC3=CC(C=C5(F))=C(S5)C=C13,structures/anti_S_NMe_2-F_diF.xyz
anti_S_NMe_3-CN_3-Cl,C1=C2C=C(C(Cl)=C4)C(N4C)=CC2=CC3=CC(C(C#N)=C5)=C(S5)C=C13,structures/anti_S_NMe_3-CN_3-Cl.xyz
anti_S_NMe_3-OMe_diCl,C1=C2C=C(C(Cl)=C4(Cl))C(N4C)=CC2=CC3=CC(C(OC)=C5)=C(S5)C=C13,structures/anti_S_NMe_3-OMe_diCl.xyz
anti_S_NMe_3-OMe_tetFbenz,C1=C2C=C(C(C(F)=C6(F))=C4(C(F)=C6(F)))C(N4C)=CC2=CC3=CC(C(OC)=C5)=C(S5)C=C13,structures/anti_S_NMe_3-OMe_tetFbenz.xyz
anti_S_NMe_benz_diF,C1=C2C=C(C(F)=C4(F))C(N4C)=CC2=CC3=CC(C(C=C7)=C5(C=C7))=C(S5)C=C13,structures/anti_S_NMe_benz_diF.xyz
anti_S_NMe_m-CF3benz_C,C1=C2C=C(C=C4)C(N4C)=CC2=CC3=CC(C(C=C7)=C5(C=C7(C(F)(F)(F))))=C(S5)C=C13,structures/anti_S_NMe_m-CF3benz_C.xyz
anti_S_NMe_m-OMebenz_p-CF3benz,C1=C2C=C(C(C=C6(C(F)(F)(F)))=C4(C=C6))C(N4C)=CC2=CC3=CC(C(C=C7)=C5(C=C7(OC)))=C(S5)C=C13,structures/anti_S_NMe_m-OMebenz_p-CF3benz.xyz
anti_S_NMe_p-CNbenz_tetClbenz,C1=C2C=C(C(C(Cl)=C6(Cl))=C4(C(Cl)=C6(Cl)))C(N4C)=CC2=CC3=CC(C(C=C7(C#N))=C5(C=C7))=C(S5)C=C13,structures/anti_S_NMe_p-CNbenz_tetClbenz.xyz
anti_S_NMe_p-OMebenz_tetFbenz,C1=C2C=C(C(C(F)=C6(F))=C4(C(F)=C6(F)))C(N4C)=CC2=CC3=CC(C(C=C7(OC))=C5(C=C7))=C(S5)C=C13,structures/anti_S_NMe_p-OMebenz_tetFbenz.xyz
anti_S_NPh_2-CN_3-Cl,C1=C2C=C(C(Cl)=C4)C(N4(C9=CC=CC=C9))=CC2=CC3=CC(C=C5(C#N))=C(S5)C=C13,structures/anti_S_NPh_2-CN_3-Cl.xyz
anti_S_NPh_2-OMe_2-CN,C1=C2C=C(C=C4(C#N))C(N4(C9=CC=CC=C9))=CC2=CC3=CC(C=C5(OC))=C(S5)C=C13,structures/anti_S_NPh_2-OMe_2-CN.xyz
anti_S_NPh_C_3-F,C1=C2C=C(C(F)=C4)C(N4(C9=CC=CC=C9))=CC2=CC3=CC(C=C5)=C(S5)C=C13,structures/anti_S_NPh_C_3-F.xyz
anti_S_NPh_C_diCF3,C1=C2C=C(C(C(F)(F)(F))=C4(C(F)(F)(F)))C(N4(C9=CC=CC=C9))=CC2=CC3=CC(C=C5)=C(S5)C=C13,structures/anti_S_NPh_C_diCF3.xyz
anti_S_NPh_p-CF3benz_3-CN,C1=C2C=C(C(C#N)=C4)C(N4(C9=CC=CC=C9))=CC2=CC3=CC(C(C=C7(C(F)(F)(F)))=C5(C=C7))=C(S5)C=C13,structures/anti_S_NPh_p-CF3benz_3-CN.xyz
anti_S_NPh_p-CNbenz_p-CNbenz,C1=C2C=C(C(C=C6(C#N))=C4(C=C6))C(N4(C9=CC=CC=C9))=CC2=CC3=CC(C(C=C7(C#N))=C5(C=C7))=C(S5)C=C13,structures/anti_S_NPh_p-CNbenz_p-CNbenz.xyz
anti_S_O_2-CF3_C,C1=C2C=C(C=C4)C(O4)=CC2=CC3=CC(C=C5(C(F)(F)(F)))=C(S5)C=C13,structures/anti_S_O_2-CF3_C.xyz
anti_S_O_2-CF3_diCl,C1=C2C=C(C(Cl)=C4(Cl))C(O4)=CC2=CC3=CC(C=C5(C(F)(F)(F)))=C(S5)C=C13,structures/anti_S_O_2-CF3_diCl.xyz
anti_S_O_2-F_2-Cl,C1=C2C=C(C=C4(Cl))C(O4)=CC2=CC3=CC(C=C5(F))=C(S5)C=C13,structures/anti_S_O_2-F_2-Cl.xyz
anti_S_O_2-F_2-F,C1=C2C=C(C=C4(F))C(O4)=CC2=CC3=CC(C=C5(F))=C(S5)C=C13,structures/anti_S_O_2-F_2-F.xyz
anti_S_O_3-Cl_m-CF3benz,C1=C2C=C(C(C=C6)=C4(C=C6(C(F)(F)(F))))C(O4)=CC2=CC3=CC(C(Cl)=C5)=C(S5)C=C13,structures/anti_S_O_3-Cl_m-CF3benz.xyz
anti_S_O_3-CN_3-CF3,C1=C2C=C(C(C(F)(F)(F))=C4)C(O4)=CC2=CC3=CC(C(C#N)=C5)=C(S5)C=C13,structures/anti_S_O_3-CN_3-CF3.xyz
anti_S_O_3-OMe_m-OMebenz,C1=C2C=C(C(C=C6)=C4(C=C6(OC)))C(O4)=CC2=CC3=CC(C(OC)=C5)=C(S5)C=C13,structures/anti_S_O_3-OMe_m-OMebenz.xyz
anti_S_O_benz_p-OMebenz,C1=C2C=C(C(C=C6(OC))=C4(C=C6))C(O4)=CC2=CC3=CC(C(C=C7)=C5(C=C7))=C(S5)C=C13,structures/anti_S_O_benz_p-OMebenz.xyz
anti_S_O_diCN_2-CF3,C1=C2C=C(C=C4(C(F)(F)(F)))C(O4)=CC2=CC3=CC(C(C#N)=C5(C#N))=C(S5)C=C13,structures/anti_S_O_diCN_2-CF3.xyz
anti_S_O_diCN_diCF3,C1=C2C=C(C(C(F)(F)(F))=C4(C(F)(F)(F)))C(O4)=CC2=CC3=CC(C(C#N)=C5(C#N))=C(S5)C=C13,structures/anti_S_O_diCN_diCF3.xyz
anti_S_O_m-CNbenz_diCN,C1=C2C=C(C(C#N)=C4(C#N))C(O4)=CC2=CC3=CC(C(C=C7)=C5(C=C7(C#N)))=C(S5)C=C13,structures/anti_S_O_m-CNbenz_diCN.xyz
anti_S_O_p-CNbenz_m-CNbenz,C1=C2C=C(C(C=C6)=C4(C=C6(C#N)))C(O4)=CC2=CC3=CC(C(C=C7(C#N))=C5(C=C7))=C(S5)C=C13,structures/anti_S_O_p-CNbenz_m-CNbenz.xyz
anti_S_S_diCl_benz,C1=C2C=C(C(C=C6)=C4(C=C6))C(S4)=CC2=CC3=CC(C(Cl)=C5(Cl))=C(S5)C=C13,structures/anti_S_S_diCl_benz.xyz
anti_S_S_m-CF3benz_m-CF3benz,C1=C2C=C(C(C=C6)=C4(C=C6(C(F)(F)(F))))C(S4)=CC2=CC3=CC(C(C=C7)=C5(C=C7(C(F)(F)(F))))=C(S5)C=C13,structures/anti_S_S_m-CF3benz_m-CF3benz.xyz
anti_S_S_p-CF3benz_m-CF3benz,C1=C2C=C(C(C=C6)=C4(C=C6(C(F)(F)(F))))C(S4)=CC2=CC3=CC(C(C=C7(C(F)(F)(F)))=C5(C=C7))=C(S5)C=C13,structures/anti_S_S_p-CF3benz_m-CF3benz.xyz
asym_NMe_3-CF3,C1=C2C=CC=CC2=CC3=CC(C(C(F)(F)(F))=C5)=C(N5C)C=C13,structures/asym_NMe_3-CF3.xyz
asym_S_3-OMe,C1=C2C=CC=CC2=CC3=CC(C(OC)=C5)=C(S5)C=C13,structures/asym_S_3-OMe.xyz
syn_C_C_2-Cl_diF,C1=C2C=C(C=C4)C(C(F)=C4(F))=CC2=CC3=CC(C=C5(Cl))=C(C=C5)C=C13,structures/syn_C_C_2-Cl_diF.xyz
syn_C_C_2-F_2-CF3,C1=C2C=C(C=C4)C(C=C4(C(F)(F)(F)))=CC2=CC3=CC(C=C5(F))=C(C=C5)C=C13,structures/syn_C_C_2-F_2-CF3.xyz
syn_C_C_3-Cl_diF,C1=C2C=C(C=C4)C(C(F)=C4(F))=CC2=CC3=CC(C(Cl)=C5)=C(C=C5)C=C13,structures/syn_C_C_3-Cl_diF.xyz
syn_C_C_C_3-F,C1=C2C=C(C=C4)C(C(F)=C4)=CC2=CC3=CC(C=C5)=C(C=C5)C=C13,structures/syn_C_C_C_3-F.xyz
syn_C_NMe_2-CN_3-CN,C1=C2C=C(N4C)C(C(C#N)=C4)=CC2=CC3=CC(C=C5(C#N))=C(C=C5)C=C13,structures/syn_C_NMe_2-CN_3-CN.xyz
syn_C_NMe_3-CF3_2-F,C1=C2C=C(N4C)C(C=C4(F))=CC2=CC3=CC(C(C(F)(F)(F))=C5)=C(C=C5)C=C13,structures/syn_C_NMe_3-CF3_2-F.xyz
syn_C_NMe_3-Cl_2-CF3,C1=C2C=C(N4C)C(C=C4(C(F)(F)(F)))=CC2=CC3=CC(C(Cl)=C5)=C(C=C5)C=C13,structures/syn_C_NMe_3-Cl_2-CF3.xyz
syn_C_NMe_3-Cl_p-OMebenz,C1=C2C=C(N4C)C(C(C=C6(OC))=C4(C=C6))=CC2=CC3=CC(C(Cl)=C5)=C(C=C5)C=C13,structures/syn_C_NMe_3-Cl_p-OMebenz.xyz
syn_C_NMe_3-OMe_3-Cl,C1=C2C=C(N4C)C(C(Cl)=C4)=CC2=CC3=CC(C(OC)=C5)=C(C=C5)C=C13,structures/syn_C_NMe_3-OMe_3-Cl.xyz
syn_C_NMe_diCl_diCN,C1=C2C=C(N4C)C(C(C#N)=C4(C#N))=CC2=CC3=CC(C(Cl)=C5(Cl))=C(C=C5)C=C13,structures/syn_C_NMe_diCl_diCN.xyz
syn_C_NMe_diCl_p-CF3benz,C1=C2C=C(N4C)C(C(C=C6(C(F)(F)(F)))=C4(C=C6))=CC2=CC3=CC(C(Cl)=C5(Cl))=C(C=C5)C=C13,structures/syn_C_NMe_diCl_p-CF3benz.xyz
syn_C_NMe_m-CF3benz_tetClbenz,C1=C2C=C(N4C)C(C(C(Cl)=C6(Cl))=C4(C(Cl)=C6(Cl)))=CC2=CC3=CC(C(C=C7)=C5(C=C7(C(F)(F)(F))))=C(C=C5)C=C13,structures/syn_C_NMe_m-CF3benz_tetClbenz.xyz
syn_C_NMe_p-CNbenz_3-OMe,C1=C2C=C(N4C)C(C(OC)=C4)=CC2=CC3=CC(C(C=C7(C#N))=C5(C=C7))=C(C=C5)C=C13,structures/syn_C_NMe_p-CNbenz_3-OMe.xyz
syn_C_NMe_p-CNbenz_diCF3,C1=C2C=C(N4C)C(C(C(F)(F)(F))=C4(C(F)(F)(F)))=CC2=CC3=CC(C(C=C7(C#N))=C5(C=C7))=C(C=C5)C=C13,structures/syn_C_NMe_p-CNbenz_diCF3.xyz
syn_C_NMe_tetClbenz_benz,C1=C2C=C(N4C)C(C(C=C6)=C4(C=C6))=CC2=CC3=CC(C(C(Cl)=C7(Cl))=C5(C(Cl)=C7(Cl)))=C(C=C5)C=C13,structures/syn_C_NMe_tetClbenz_benz.xyz
syn_C_NPh_3-CN_2-F,C1=C2C=C(N4(C9=CC=CC=C9))C(C=C4(F))=CC2=CC3=CC(C(C#N)=C5)=C(C=C5)C=C13,structures/syn_C_NPh_3-CN_2-F.xyz
syn_C_NPh_3-CN_tetFbenz,C1=C2C=C(N4(C9=CC=CC=C9))C(C(C(F)=C6(F))=C4(C(F)=C6(F)))=CC2=CC3=CC(C(C#N)=C5)=C(C=C5)C=C13,structures/syn_C_NPh_3-CN_tetFbenz.xyz
syn_C_NPh_benz_3-CF3,C1=C2C=C(N4(C9=CC=CC=C9))C(C(C(F)(F)(F))=C4)=CC2=CC3=CC(C(C=C7)=C5(C=C7))=C(C=C5)C=C13,structures/syn_C_NPh_benz_3-CF3.xyz
syn_C_NPh_diCF3_3-Cl,C1=C2C=C(N4(C9=CC=CC=C9))C(C(Cl)=C4)=CC2=CC3=CC(C(C(F)(F)(F))=C5(C(F)(F)(F)))=C(C=C5)C=C13,structures/syn_C_NPh_diCF3_3-Cl.xyz
syn_C_NPh_diCF3_p-OMebenz,C1=C2C=C(N4(C9=CC=CC=C9))C(C(C=C6(OC))=C4(C=C6))=CC2=CC3=CC(C(C(F)(F)(F))=C5(C(F)(F)(F)))=C(C=C5)C=C13,structures/syn_C_NPh_diCF3_p-OMebenz.xyz
syn_C_NPh_tetClbenz_diCl,C1=C2C=C(N4(C9=CC=CC=C9))C(C(Cl)=C4(Cl))=CC2=CC3=CC(C(C(Cl)=C7(Cl))=C5(C(Cl)=C7(Cl)))=C(C=C5)C=C13,structures/syn_C_NPh_tetClbenz_diCl.xyz
syn_C_NPh_tetFbenz_m-CF3benz,C1=C2C=C(N4(C9=CC=CC=C9))C(C(C=C6)=C4(C=C6(C(F)(F)(F))))=CC2=CC3=CC(C(C(F)=C7(F))=C5(C(F)=C7(F)))=C(C=C5)C=C13,structures/syn_C_NPh_tetFbenz_m-CF3benz.xyz
syn_C_O_3-Cl_diCl,C1=C2C=C(O4)C(C(Cl)=C4(Cl))=CC2=CC3=CC(C(Cl)=C5)=C(C=C5)C=C13,structures/syn_C_O_3-Cl_diCl.xyz
syn_C_O_3-Cl_p-OMebenz,C1=C2C=C(O4)C(C(C=C6(OC))=C4(C=C6))=CC2=CC3=CC(C(Cl)=C5)=C(C=C5)C=C13,structures/syn_C_O_3-Cl_p-OMebenz.xyz
syn_C_O_diF_3-Cl,C1=C2C=C(O4)C(C(Cl)=C4)=CC2=CC3=CC(C(F)=C5(F))=C(C=C5)C=C13,structures/syn_C_O_diF_3-Cl.xyz
syn_C_O_m-CF3benz_diCl,C1=C2C=C(O4)C(C(Cl)=C4(Cl))=CC2=CC3=CC(C(C=C7)=C5(C=C7(C(F)(F)(F))))=C(C=C5)C=C13,structures/syn_C_O_m-CF3benz_diCl.xyz
syn_C_S_2-CF3_3-F,C1=C2C=C(S4)C(C(F)=C4)=CC2=CC3=CC(C=C5(C(F)(F)(F)))=C(C=C5)C=C13,structures/syn_C_S_2-CF3_3-F.xyz
syn_C_S_2-Cl_diCl,C1=C2C=C(S4)C(C(Cl)=C4(Cl))=CC2=CC3=CC(C=C5(Cl))=C(C=C5)C=C13,structures/syn_C_S_2-Cl_diCl.xyz
syn_C_S_2-OMe_2-Cl,C1=C2C=C(S4)C(C=C4(Cl))=CC2=CC3=CC(C=C5(OC))=C(C=C5)C=C13,structures/syn_C_S_2-OMe_2-Cl.xyz
syn_C_S_3-OMe_diOMe,C1=C2C=C(S4)C(C(OC)=C4(OC))=CC2=CC3=CC(C(OC)=C5)=C(C=C5)C=C13,structures/syn_C_S_3-OMe_diOMe.xyz
syn_C_S_benz_2-Cl,C1=C2C=C(S4)C(C=C4(Cl))=CC2=CC3=CC(C(C=C7)=C5(C=C7))=C(C=C5)C=C13,structures/syn_C_S_benz_2-Cl.xyz
syn_C_S_diCF3_2-CF3,C1=C2C=C(S4)C(C=C4(C(F)(F)(F)))=CC2=CC3=CC(C(C(F)(F)(F))=C5(C(F)(F)(F)))=C(C=C5)C=C13,structures/syn_C_S_diCF3_2-CF3.xyz
syn_C_S_diCl_2-F,C1=C2C=C(S4)C(C=C4(F))=CC2=CC3=CC(C(Cl)=C5(Cl))=C(C=C5)C=C13,structures/syn_C_S_diCl_2-F.xyz
syn_C_S_diCl_3-CN,C1=C2C=C(S4)C(C(C#N)=C4)=CC2=CC3=CC(C(Cl)=C5(Cl))=C(C=C5)C=C13,structures/syn_C_S_diCl_3-CN.xyz
syn_C_S_diCN_3-OMe,C1=C2C=C(S4)C(C(OC)=C4)=CC2=CC3=CC(C(C#N)=C5(C#N))=C(C=C5)C=C13,structures/syn_C_S_diCN_3-OMe.xyz
syn_C_S_diOMe_m-CF3benz,C1=C2C=C(S4)C(C(C=C6)=C4(C=C6(C(F)(F)(F))))=CC2=CC3=CC(C(OC)=C5(OC))=C(C=C5)C=C13,structures/syn_C_S_diOMe_m-CF3benz.xyz
syn_C_S_p-CNbenz_3-Cl,C1=C2C=C(S4)C(C(Cl)=C4)=CC2=CC3=CC(C(C=C7(C#N))=C5(C=C7))=C(C=C5)C=C13,structures/syn_C_S_p-CNbenz_3-Cl.xyz
syn_NMe_NMe_2-CF3_m-CF3benz,C1=C2C=C(N4C)C(C(C=C6)=C4(C=C6(C(F)(F)(F))))=CC2=CC3=CC(C=C5(C(F)(F)(F)))=C(N5C)C=C13,structures/syn_NMe_NMe_2-CF3_m-CF3benz.xyz
syn_NMe_NMe_2-Cl_3-F,C1=C2C=C(N4C)C(C(F)=C4)=CC2=CC3=CC(C=C5(Cl))=C(N5C)C=C13,structures/syn_NMe_NMe_2-Cl_3-F.xyz
syn_NMe_NMe_3-Cl_3-CF3,C1=C2C=C(N4C)C(C(C(F)(F)(F))=C4)=CC2=CC3=CC(C(Cl)=C5)=C(N5C)C=C13,structures/syn_NMe_NMe_3-Cl_3-CF3.xyz
syn_NMe_NMe_3-F_benz,C1=C2C=C(N4C)C(C(C=C6)=C4(C=C6))=CC2=CC3=CC(C(F)=C5)=C(N5C)C=C13,structures/syn_NMe_NMe_3-F_benz.xyz
syn_NMe_NMe_benz_m-OMebenz,C1=C2C=C(N4C)C(C(C=C6)=C4(C=C6(OC)))=CC2=CC3=CC(C(C=C7)=C5(C=C7))=C(N5C)C=C13,structures/syn_NMe_NMe_benz_m-OMebenz.xyz
syn_NMe_NPh_2-CF3_3-Cl,C1=C2C=C(N4(C9=CC=CC=C9))C(C(Cl)=C4)=CC2=CC3=CC(C=C5(C(F)(F)(F)))=C(N5C)C=C13,structures/syn_NMe_NPh_2-CF3_3-Cl.xyz
syn_NMe_NPh_2-CN_benz,C1=C2C=C(N4(C9=CC=CC=C9))C(C(C=C6)=C4(C=C6))=CC2=CC3=CC(C=C5(C#N))=C(N5C)C=C13,structures/syn_NMe_NPh_2-CN_benz.xyz
syn_NMe_NPh_2-OMe_benz,C1=C2C=C(N4(C9=CC=CC=C9))C(C(C=C6)=C4(C=C6))=CC2=CC3=CC(C=C5(OC))=C(N5C)C=C13,structures/syn_NMe_NPh_2-OMe_benz.xyz
syn_NMe_NPh_3-CF3_m-OMebenz,C1=C2C=C(N4(C9=CC=CC=C9))C(C(C=C6)=C4(C=C6(OC)))=CC2=CC3=CC(C(C(F)(F)(F))=C5)=C(N5C)C=C13,structures/syn_NMe_NPh_3-CF3_m-OMebenz.xyz
syn_NMe_NPh_3-CF3_p-CF3benz,C1=C2C=C(N4(C9=CC=CC=C9))C(C(C=C6(C(F)(F)(F)))=C4(C=C6))=CC2=CC3=CC(C(C(F)(F)(F))=C5)=C(N5C)C=C13,structures/syn_NMe_NPh_3-CF3_p-CF3benz.xyz
syn_NMe_NPh_3-Cl_p-CF3benz,C1=C2C=C(N4(C9=CC=CC=C9))C(C(C=C6(C(F)(F)(F)))=C4(C=C6))=CC2=CC3=CC(C(Cl)=C5)=C(N5C)C=C13,structures/syn_NMe_NPh_3-Cl_p-CF3benz.xyz
syn_NMe_NPh_diCl_diCN,C1=C2C=C(N4(C9=CC=CC=C9))C(C(C#N)=C4(C#N))=CC2=CC3=CC(C(Cl)=C5(Cl))=C(N5C)C=C13,structures/syn_NMe_NPh_diCl_diCN.xyz
syn_NMe_NPh_m-OMebenz_benz,C1=C2C=C(N4(C9=CC=CC=C9))C(C(C=C6)=C4(C=C6))=CC2=CC3=CC(C(C=C7)=C5(C=C7(OC)))=C(N5C)C=C13,structures/syn_NMe_NPh_m-OMebenz_benz.xyz
syn_NPh_NPh_3-Cl_diCN,C1=C2C=C(N4(C9=CC=CC=C9))C(C(C#N)=C4(C#N))=CC2=CC3=CC(C(Cl)=C5)=C(N5(C8=CC=CC=C8))C=C13,structures/syn_NPh_NPh_3-Cl_diCN.xyz
syn_O_NMe_2-CF3_C,C1=C2C=C(N4C)C(C=C4)=CC2=CC3=CC(C=C5(C(F)(F)(F)))=C(O5)C=C13,structures/syn_O_NMe_2-CF3_C.xyz
syn_O_NMe_2-CF3_tetFbenz,C1=C2C=C(N4C)C(C(C(F)=C6(F))=C4(C(F)=C6(F)))=CC2=CC3=CC(C=C5(C(F)(F)(F)))=C(O5)C=C13,structures/syn_O_NMe_2-CF3_tetFbenz.xyz
syn_O_NMe_2-Cl_3-CN,C1=C2C=C(N4C)C(C(C#N)=C4)=CC2=CC3=CC(C=C5(Cl))=C(O5)C=C13,structures/syn_O_NMe_2-Cl_3-CN.xyz
syn_O_NMe_2-CN_diCN,C1=C2C=C(N4C)C(C(C#N)=C4(C#N))=CC2=CC3=CC(C=C5(C#N))=C(O5)C=C13,structures/syn_O_NMe_2-CN_diCN.xyz
syn_O_NMe_2-F_2-CF3,C1=C2C=C(N4C)C(C=C4(C(F)(F)(F)))=CC2=CC3=CC(C=C5(F))=C(O5)C=C13,structures/syn_O_NMe_2-F_2-CF3.xyz
syn_O_NMe_3-OMe_tetFbenz,C1=C2C=C(N4C)C(C(C(F)=C6(F))=C4(C(F)=C6(F)))=CC2=CC3=CC(C(OC)=C5)=C(O5)C=C13,structures/syn_O_NMe_3-OMe_tetFbenz.xyz
syn_O_NMe_benz_2-CF3,C1=C2C=C(N4C)C(C=C4(C(F)(F)(F)))=CC2=CC3=CC(C(C=C7)=C5(C=C7))=C(O5)C=C13,structures/syn_O_NMe_benz_2-CF3.xyz
syn_O_NMe_diCl_diCF3,C1=C2C=C(N4C)C(C(C(F)(F)(F))=C4(C(F)(F)(F)))=CC2=CC3=CC(C(Cl)=C5(Cl))=C(O5)C=C13,structures/syn_O_NMe_diCl_diCF3.xyz
syn_O_NMe_diOMe_2-CF3,C1=C2C=C(N4C)C(C=C4(C(F)(F)(F)))=CC2=CC3=CC(C(OC)=C5(OC))=C(O5)C=C13,structures/syn_O_NMe_diOMe_2-CF3.xyz
syn_O_NMe_m-OMebenz_m-OMebenz,C1=C2C=C(N4C)C(C(C=C6)=C4(C=C6(OC)))=CC2=CC3=CC(C(C=C7)=C5(C=C7(OC)))=C(O5)C=C13,structures/syn_O_NMe_m-OMebenz_m-OMebenz.xyz
syn_O_NMe_m-OMebenz_tetFbenz,C1=C2C=C(N4C)C(C(C(F)=C6(F))=C4(C(F)=C6(F)))=CC2=CC3=CC(C(C=C7)=C5(C=C7(OC)))=C(O5)C=C13,structures/syn_O_NMe_m-OMebenz_tetFbenz.xyz
syn_O_NMe_p-CNbenz_diCl,C1=C2C=C(N4C)C(C(Cl)=C4(Cl))=CC2=CC3=CC(C(C=C7(C#N))=C5(C=C7))=C(O5)C=C13,structures/syn_O_NMe_p-CNbenz_diCl.xyz
syn_O_NMe_tetFbenz_p-CF3benz,C1=C2C=C(N4C)C(C(C=C6(C(F)(F)(F)))=C4(C=C6))=CC2=CC3=CC(C(C(F)=C7(F))=C5(C(F)=C7(F)))=C(O5)C=C13,structures/syn_O_NMe_tetFbenz_p-CF3benz.xyz
syn_O_NPh_2-Cl_m-OMebenz,C1=C2C=C(N4(C9=CC=CC=C9))C(C(C=C6)=C4(C=C6(OC)))=CC2=CC3=CC(C=C5(Cl))=C(O5)C=C13,structures/syn_O_NPh_2-Cl_m-OMebenz.xyz
syn_O_NPh_3-CN_diF,C1=C2C=C(N4(C9=CC=CC=C9))C(C(F)=C4(F))=CC2=CC3=CC(C(C#N)=C5)=C(O5)C=C13,structures/syn_O_NPh_3-CN_diF.xyz
syn_O_NPh_diCF3_diF,C1=C2C=C(N4(C9=CC=CC=C9))C(C(F)=C4(F))=CC2=CC3=CC(C(C(F)(F)(F))=C5(C(F)(F)(F)))=C(O5)C=C13,structures/syn_O_NPh_diCF3_diF.xyz
syn_O_NPh_diF_tetFbenz,C1=C2C=C(N4(C9=CC=CC=C9))C(C(C(F)=C6(F))=C4(C(F)=C6(F)))=CC2=CC3=CC(C(F)=C5(F))=C(O5)C=C13,structures/syn_O_NPh_diF_tetFbenz.xyz
syn_O_NPh_m-CF3benz_2-CF3,C1=C2C=C(N4(C9=CC=CC=C9))C(C=C4(C(F)(F)(F)))=CC2=CC3=CC(C(C=C7)=C5(C=C7(C(F)(F)(F))))=C(O5)C=C13,structures/syn_O_NPh_m-CF3benz_2-CF3.xyz
syn_O_NPh_m-CF3benz_m-CNbenz,C1=C2C=C(N4(C9=CC=CC=C9))C(C(C=C6)=C4(C=C6(C#N)))=CC2=CC3=CC(C(C=C7)=C5(C=C7(C(F)(F)(F))))=C(O5)C=C13,structures/syn_O_NPh_m-CF3benz_m-CNbenz.xyz
syn_O_NPh_m-OMebenz_tetFbenz,C1=C2C=C(N4(C9=CC=CC=C9))C(C(C(F)=C6(F))=C4(C(F)=C6(F)))=CC2=CC3=CC(C(C=C7)=C5(C=C7(OC)))=C(O5)C=C13,structures/syn_O_NPh_m-OMebenz_tetFbenz.xyz
syn_O_O_2-CN_m-OMebenz,C1=C2C=C(O4)C(C(C=C6)=C4(C=C6(OC)))=CC2=CC3=CC(C=C5(C#N))=C(O5)C=C13,structures/syn_O_O_2-CN_m-OMebenz.xyz
syn_O_O_2-F_2-F,C1=C2C=C(O4)C(C=C4(F))=CC2=CC3=CC(C=C5(F))=C(O5)C=C13,structures/syn_O_O_2-F_2-F.xyz
syn_O_O_2-F_tetClbenz,C1=C2C=C(O4)C(C(C(Cl)=C6(Cl))=C4(C(Cl)=C6(Cl)))=CC2=CC3=CC(C=C5(F))=C(O5)C=C13,structures/syn_O_O_2-F_tetClbenz.xyz
syn_O_O_2-OMe_3-CF3,C1=C2C=C(O4)C(C(C(F)(F)(F))=C4)=CC2=CC3=CC(C=C5(OC))=C(O5)C=C13,structures/syn_O_O_2-OMe_3-CF3.xyz
syn_O_O_m-CF3benz_m-CF3benz,C1=C2C=C(O4)C(C(C=C6)=C4(C=C6(C(F)(F)(F))))=CC2=CC3=CC(C(C=C7)=C5(C=C7(C(F)(F)(F))))=C(O5)C=C13,structures/syn_O_O_m-CF3benz_m-CF3benz.xyz
syn_S_NMe_2-CN_2-CF3,C1=C2C=C(N4C)C(C=C4(C(F)(F)(F)))=CC2=CC3=CC(C=C5(C#N))=C(S5)C=C13,structures/syn_S_NMe_2-CN_2-CF3.xyz
syn_S_NMe_diCF3_diCN,C1=C2C=C(N4C)C(C(C#N)=C4(C#N))=CC2=CC3=CC(C(C(F)(F)(F))=C5(C(F)(F)(F)))=C(S5)C=C13,structures/syn_S_NMe_diCF3_diCN.xyz
syn_S_NMe_diCl_diCF3,C1=C2C=C(N4C)C(C(C(F)(F)(F))=C4(C(F)(F)(F)))=CC2=CC3=CC(C(Cl)=C5(Cl))=C(S5)C=C13,structures/syn_S_NMe_diCl_diCF3.xyz
syn_S_NMe_diF_diOMe,C1=C2C=C(N4C)C(C(OC)=C4(OC))=CC2=CC3=CC(C(F)=C5(F))=C(S5)C=C13,structures/syn_S_NMe_diF_diOMe.xyz
syn_S_NMe_diOMe_m-CNbenz,C1=C2C=C(N4C)C(C(C=C6)=C4(C=C6(C#N)))=CC2=CC3=CC(C(OC)=C5(OC))=C(S5)C=C13,structures/syn_S_NMe_diOMe_m-CNbenz.xyz
syn_S_NMe_m-CF3benz_C,C1=C2C=C(N4C)C(C=C4)=CC2=CC3=CC(C(C=C7)=C5(C=C7(C(F)(F)(F))))=C(S5)C=C13,structures/syn_S_NMe_m-CF3benz_C.xyz
syn_S_NMe_m-CF3benz_m-OMebenz,C1=C2C=C(N4C)C(C(C=C6)=C4(C=C6(OC)))=CC2=CC3=CC(C(C=C7)=C5(C=C7(C(F)(F)(F))))=C(S5)C=C13,structures/syn_S_NMe_m-CF3benz_m-OMebenz.xyz
syn_S_NMe_m-CNbenz_p-OMebenz,C1=C2C=C(N4C)C(C(C=C6(OC))=C4(C=C6))=CC2=CC3=CC(C(C=C7)=C5(C=C7(C#N)))=C(S5)C=C13,structures/syn_S_NMe_m-CNbenz_p-OMebenz.xyz
syn_S_NMe_p-CNbenz_2-CN,C1=C2C=C(N4C)C(C=C4(C#N))=CC2=CC3=CC(C(C=C7(C#N))=C5(C=C7))=C(S5)C=C13,structures/syn_S_NMe_p-CNbenz_2-CN.xyz
syn_S_NMe_p-CNbenz_benz,C1=C2C=C(N4C)C(C(C=C6)=C4(C=C6))=CC2=CC3=CC(C(C=C7(C#N))=C5(C=C7))=C(S5)C=C13,structures/syn_S_NMe_p-CNbenz_benz.xyz
syn_S_NPh_2-Cl_diCl,C1=C2C=C(N4(C9=CC=CC=C9))C(C(Cl)=C4(Cl))=CC2=CC3=CC(C=C5(Cl))=C(S5)C=C13,structures/syn_S_NPh_2-Cl_diCl.xyz
syn_S_NPh_2-OMe_3-CF3,C1=C2C=C(N4(C9=CC=CC=C9))C(C(C(F)(F)(F))=C4)=CC2=CC3=CC(C=C5(OC))=C(S5)C=C13,structures/syn_S_NPh_2-OMe_3-CF3.xyz
syn_S_NPh_3-CF3_benz,C1=C2C=C(N4(C9=CC=CC=C9))C(C(C=C6)=C4(C=C6))=CC2=CC3=CC(C(C(F)(F)(F))=C5)=C(S5)C=C13,structures/syn_S_NPh_3-CF3_benz.xyz
syn_S_NPh_3-F_diCN,C1=C2C=C(N4(C9=CC=CC=C9))C(C(C#N)=C4(C#N))=CC2=CC3=CC(C(F)=C5)=C(S5)C=C13,structures/syn_S_NPh_3-F_diCN.xyz
syn_S_NPh_3-F_m-CNbenz,C1=C2C=C(N4(C9=CC=CC=C9))C(C(C=C6)=C4(C=C6(C#N)))=CC2=CC3=CC(C(F)=C5)=C(S5)C=C13,structures/syn_S_NPh_3-F_m-CNbenz.xyz
syn_S_NPh_diCl_C,C1=C2C=C(N4(C9=CC=CC=C9))C(C=C4)=CC2=CC3=CC(C(Cl)=C5(Cl))=C(S5)C=C13,structures/syn_S_NPh_diCl_C.xyz
syn_S_NPh_m-CNbenz_2-CF3,C1=C2C=C(N4(C9=CC=CC=C9))C(C=C4(C(F)(F)(F)))=CC2=CC3=CC(C(C=C7)=C5(C=C7(C#N)))=C(S5)C=C13,structures/syn_S_NPh_m-CNbenz_2-CF3.xyz
syn_S_NPh_m-OMebenz_C,C1=C2C=C(N4(C9=CC=CC=C9))C(C=C4)=CC2=CC3=CC(C(C=C7)=C5(C=C7(OC)))=C(S5)C=C13,structures/syn_S_NPh_m-OMebenz_C.xyz
syn_S_NPh_p-CNbenz_p-CNbenz,C1=C2C=C(N4(C9=CC=CC=C9))C(C(C=C6(C#N))=C4(C=C6))=CC2=CC3=CC(C(C=C7(C#N))=C5(C=C7))=C(S5)C=C13,structures/syn_S_NPh_p-CNbenz_p-CNbenz.xyz
syn_S_NPh_p-OMebenz_2-OMe,C1=C2C=C(N4(C9=CC=CC=C9))C(C=C4(OC))=CC2=CC3=CC(C(C=C7(OC))=C5(C=C7))=C(S5)C=C13,structures/syn_S_NPh_p-OMebenz_2-OMe.xyz
syn_S_NPh_tetFbenz_p-CF3benz,C1=C2C=C(N4(C9=CC=CC=C9))C(C(C=C6(C(F)(F)(F)))=C4(C=C6))=CC2=CC3=CC(C(C(F)=C7(F))=C5(C(F)=C7(F)))=C(S5)C=C13,structures/syn_S_NPh_tetFbenz_p-CF3benz.xyz
syn_S_O_2-CF3_2-CF3,C1=C2C=C(O4)C(C=C4(C(F)(F)(F)))=CC2=CC3=CC(C=C5(C(F)(F)(F)))=C(S5)C=C13,structures/syn_S_O_2-CF3_2-CF3.xyz
syn_S_O_2-CN_p-CF3benz,C1=C2C=C(O4)C(C(C=C6(C(F)(F)(F)))=C4(C=C6))=CC2=CC3=CC(C=C5(C#N))=C(S5)C=C13,structures/syn_S_O_2-CN_p-CF3benz.xyz
syn_S_O_3-Cl_3-OMe,C1=C2C=C(O4)C(C(OC)=C4)=CC2=CC3=CC(C(Cl)=C5)=C(S5)C=C13,structures/syn_S_O_3-Cl_3-OMe.xyz
syn_S_O_C_diCN,C1=C2C=C(O4)C(C(C#N)=C4(C#N))=CC2=CC3=CC(C=C5)=C(S5)C=C13,structures/syn_S_O_C_diCN.xyz
syn_S_O_diCl_C,C1=C2C=C(O4)C(C=C4)=CC2=CC3=CC(C(Cl)=C5(Cl))=C(S5)C=C13,structures/syn_S_O_diCl_C.xyz
syn_S_O_diF_benz,C1=C2C=C(O4)C(C(C=C6)=C4(C=C6))=CC2=CC3=CC(C(F)=C5(F))=C(S5)C=C13,structures/syn_S_O_diF_benz.xyz
syn_S_O_diF_tetClbenz,C1=C2C=C(O4)C(C(C(Cl)=C6(Cl))=C4(C(Cl)=C6(Cl)))=CC2=CC3=CC(C(F)=C5(F))=C(S5)C=C13,structures/syn_S_O_diF_tetClbenz.xyz
syn_S_O_m-CNbenz_2-CF3,C1=C2C=C(O4)C(C=C4(C(F)(F)(F)))=CC2=CC3=CC(C(C=C7)=C5(C=C7(C#N)))=C(S5)C=C13,structures/syn_S_O_m-CNbenz_2-CF3.xyz
syn_S_O_p-CF3benz_p-CF3benz,C1=C2C=C(O4)C(C(C=C6(C(F)(F)(F)))=C4(C=C6))=CC2=CC3=CC(C(C=C7(C(F)(F)(F)))=C5(C=C7))=C(S5)C=C13,structures/syn_S_O_p-CF3benz_p-CF3benz.xyz
syn_S_O_p-CNbenz_2-Cl,C1=C2C=C(O4)C(C=C4(Cl))=CC2=CC3=CC(C(C=C7(C#N))=C5(C=C7))=C(S5)C=C13,structures/syn_S_O_p-CNbenz_2-Cl.xyz
syn_S_S_2-CF3_3-F,C1=C2C=C(S4)C(C(F)=C4)=CC2=CC3=CC(C=C5(C(F)(F)(F)))=C(S5)C=C13,structures/syn_S_S_2-CF3_3-F.xyz
syn_S_S_2-CN_3-OMe,C1=C2C=C(S4)C(C(OC)=C4)=CC2=CC3=CC(C=C5(C#N))=C(S5)C=C13,structures/syn_S_S_2-CN_3-OMe.xyz
syn_S_S_2-CN_m-CNbenz,C1=C2C=C(S4)C(C(C=C6)=C4(C=C6(C#N)))=CC2=CC3=CC(C=C5(C#N))=C(S5)C=C13,structures/syn_S_S_2-CN_m-CNbenz.xyz
syn_S_S_2-F_2-Cl,C1=C2C=C(S4)C(C=C4(Cl))=CC2=CC3=CC(C=C5(F))=C(S5)C=C13,structures/syn_S_S_2-F_2-Cl.xyz
syn_S_S_p-OMebenz_m-OMebenz,C1=C2C=C(S4)C(C(C=C6)=C4(C=C6(OC)))=CC2=CC3=CC(C(C=C7(OC))=C5(C=C7))=C(S5)C=C13,structures/syn_S_S_p-OMebenz_m-OMebenz.xyz
syn_S_S_tetFbenz_tetFbenz,C1=C2C=C(S4)C(C(C(F)=C6(F))=C4(C(F)=C6(F)))=CC2=CC3=CC(C(C(F)=C7(F))=C5(C(F)=C7(F)))=C(S5)C=C13,structures/syn_S_S_tetFbenz_tetFbenz.xyz
anti_C_C_2-CF3_p-CNbenz,C1=C2C=C(C(C=C6(C#N))=C4(C=C6))C(C=C4)=CC2=CC3=CC(C=C5(C(F)(F)(F)))=C(C=C5)C=C13,structures/anti_C_C_2-CF3_p-CNbenz.xyz
anti_C_C_3-F_p-CNbenz,C1=C2C=C(C(C=C6(C#N))=C4(C=C6))C(C=C4)=CC2=CC3=CC(C(F)=C5)=C(C=C5)C=C13,structures/anti_C_C_3-F_p-CNbenz.xyz
anti_C_C_diCF3_diOMe,C1=C2C=C(C(OC)=C4(OC))C(C=C4)=CC2=CC3=CC(C(C(F)(F)(F))=C5(C(F)(F)(F)))=C(C=C5)C=C13,structures/anti_C_C_diCF3_diOMe.xyz
anti_C_NMe_2-CF3_3-Cl,C1=C2C=C(C(Cl)=C4)C(N4C)=CC2=CC3=CC(C=C5(C(F)(F)(F)))=C(C=C5)C=C13,structures/anti_C_NMe_2-CF3_3-Cl.xyz
anti_C_NMe_2-CF3_3-F,C1=C2C=C(C(F)=C4)C(N4C)=CC2=CC3=CC(C=C5(C(F)(F)(F)))=C(C=C5)C=C13,structures/anti_C_NMe_2-CF3_3-F.xyz
anti_C_NMe_3-CF3_p-CF3benz,C1=C2C=C(C(C=C6(C(F)(F)(F)))=C4(C=C6))C(N4C)=CC2=CC3=CC(C(C(F)(F)(F))=C5)=C(C=C5)C=C13,structures/anti_C_NMe_3-CF3_p-CF3benz.xyz
anti_C_NMe_3-F_2-Cl,C1=C2C=C(C=C4(Cl))C(N4C)=CC2=CC3=CC(C(F)=C5)=C(C=C5)C=C13,structures/anti_C_NMe_3-F_2-Cl.xyz
anti_C_NMe_benz_2-OMe,C1=C2C=C(C=C4(OC))C(N4C)=CC2=CC3=CC(C(C=C7)=C5(C=C7))=C(C=C5)C=C13,structures/anti_C_NMe_benz_2-OMe.xyz
anti_C_NMe_diCF3_m-CF3benz,C1=C2C=C(C(C=C6)=C4(C=C6(C(F)(F)(F))))C(N4C)=CC2=CC3=CC(C(C(F)(F)(F))=C5(C(F)(F)(F)))=C(C=C5)C=C13,structures/anti_C_NMe_diCF3_m-CF3benz.xyz
anti_C_NMe_m-CNbenz_diCN,C1=C2C=C(C(C#N)=C4(C#N))C(N4C)=CC2=CC3=CC(C(C=C7)=C5(C=C7(C#N)))=C(C=C5)C=C13,structures/anti_C_NMe_m-CNbenz_diCN.xyz
anti_C_NMe_p-OMebenz_3-CF3,C1=C2C=C(C(C(F)(F)(F))=C4)C(N4C)=CC2=CC3=CC(C(C=C7(OC))=C5(C=C7))=C(C=C5)C=C13,structures/anti_C_NMe_p-OMebenz_3-CF3.xyz
anti_C_NPh_2-CF3_diCl,C1=C2C=C(C(Cl)=C4(Cl))C(N4(C9=CC=CC=C9))=CC2=CC3=CC(C=C5(C(F)(F)(F)))=C(C=C5)C=C13,structures/anti_C_NPh_2-CF3_diCl.xyz
anti_C_NPh_2-Cl_diOMe,C1=C2C=C(C(OC)=C4(OC))C(N4(C9=CC=CC=C9))=CC2=CC3=CC(C=C5(Cl))=C(C=C5)C=C13,structures/anti_C_NPh_2-Cl_diOMe.xyz
anti_C_NPh_3-Cl_p-CNbenz,C1=C2C=C(C(C=C6(C#N))=C4(C=C6))C(N4(C9=CC=CC=C9))=CC2=CC3=CC(C(Cl)=C5)=C(C=C5)C=C13,structures/anti_C_NPh_3-Cl_p-CNbenz.xyz
anti_C_NPh_3-CN_p-CNbenz,C1=C2C=C(C(C=C6(C#N))=C4(C=C6))C(N4(C9=CC=CC=C9))=CC2=CC3=CC(C(C#N)=C5)=C(C=C5)C=C13,structures/anti_C_NPh_3-CN_p-CNbenz.xyz
anti_C_NPh_benz_p-CNbenz,C1=C2C=C(C(C=C6(C#N))=C4(C=C6))C(N4(C9=CC=CC=C9))=CC2=CC3=CC(C(C=C7)=C5(C=C7))=C(C=C5)C=C13,structures/anti_C_NPh_benz_p-CNbenz.xyz
anti_C_NPh_diCl_tetClbenz,C1=C2C=C(C(C(Cl)=C6(Cl))=C4(C(Cl)=C6(Cl)))C(N4(C9=CC=CC=C9))=CC2=CC3=CC(C(Cl)=C5(Cl))=C(C=C5)C=C13,structures/anti_C_NPh_diCl_tetClbenz.xyz
anti_C_NPh_diCN_tetClbenz,C1=C2C=C(C(C(Cl)=C6(Cl))=C4(C(Cl)=C6(Cl)))C(N4(C9=CC=CC=C9))=CC2=CC3=CC(C(C#N)=C5(C#N))=C(C=C5)C=C13,structures/anti_C_NPh_diCN_tetClbenz.xyz
anti_C_NPh_m-CNbenz_2-OMe,C1=C2C=C(C=C4(OC))C(N4(C9=CC=CC=C9))=CC2=CC3=CC(C(C=C7)=C5(C=C7(C#N)))=C(C=C5)C=C13,structures/anti_C_NPh_m-CNbenz_2-OMe.xyz
anti_C_NPh_p-CF3benz_m-CF3benz,C1=C2C=C(C(C=C6)=C4(C=C6(C(F)(F)(F))))C(N4(C9=CC=CC=C9))=CC2=CC3=CC(C(C=C7(C(F)(F)(F)))=C5(C=C7))=C(C=C5)C=C13,structures/anti_C_NPh_p-CF3benz_m-CF3benz.xyz
anti_C_O_2-CF3_m-OMebenz,C1=C2C=C(C(C=C6)=C4(C=C6(OC)))C(O4)=CC2=CC3=CC(C=C5(C(F)(F)(F)))=C(C=C5)C=C13,structures/anti_C_O_2-CF3_m-OMebenz.xyz
anti_C_O_2-Cl_tetClbenz,C1=C2C=C(C(C(Cl)=C6(Cl))=C4(C(Cl)=C6(Cl)))C(O4)=CC2=CC3=CC(C=C5(Cl))=C(C=C5)C=C13,structures/anti_C_O_2-Cl_tetClbenz.xyz
anti_C_O_2-OMe_diOMe,C1=C2C=C(C(OC)=C4(OC))C(O4)=CC2=CC3=CC(C=C5(OC))=C(C=C5)C=C13,structures/anti_C_O_2-OMe_diOMe.xyz
anti_C_O_3-Cl_m-CF3benz,C1=C2C=C(C(C=C6)=C4(C=C6(C(F)(F)(F))))C(O4)=CC2=CC3=CC(C(Cl)=C5)=C(C=C5)C=C13,structures/anti_C_O_3-Cl_m-CF3benz.xyz
anti_C_O_3-CN_2-F,C1=C2C=C(C=C4(F))C(O4)=CC2=CC3=CC(C(C#N)=C5)=C(C=C5)C=C13,structures/anti_C_O_3-CN_2-F.xyz
anti_C_O_benz_3-Cl,C1=C2C=C(C(Cl)=C4)C(O4)=CC2=CC3=CC(C(C=C7)=C5(C=C7))=C(C=C5)C=C13,structures/anti_C_O_benz_3-Cl.xyz
anti_C_O_diOMe_3-Cl,C1=C2C=C(C(Cl)=C4)C(O4)=CC2=CC3=CC(C(OC)=C5(OC))=C(C=C5)C=C13,structures/anti_C_O_diOMe_3-Cl.xyz
anti_C_O_p-CF3benz_p-OMebenz,C1=C2C=C(C(C=C6(OC))=C4(C=C6))C(O4)=CC2=CC3=CC(C(C=C7(C(F)(F)(F)))=C5(C=C7))=C(C=C5)C=C13,structures/anti_C_O_p-CF3benz_p-OMebenz.xyz
anti_C_S_2-CN_p-CNbenz,C1=C2C=C(C(C=C6(C#N))=C4(C=C6))C(S4)=CC2=CC3=CC(C=C5(C#N))=C(C=C5)C=C13,structures/anti_C_S_2-CN_p-CNbenz.xyz
anti_C_S_3-CN_C,C1=C2C=C(C=C4)C(S4)=CC2=CC3=CC(C(C#N)=C5)=C(C=C5)C=C13,structures/anti_C_S_3-CN_C.xyz
anti_C_S_diCF3_diF,C1=C2C=C(C(F)=C4(F))C(S4)=CC2=CC3=CC(C(C(F)(F)(F))=C5(C(F)(F)(F)))=C(C=C5)C=C13,structures/anti_C_S_diCF3_diF.xyz
anti_C_S_diF_p-CNbenz,C1=C2C=C(C(C=C6(C#N))=C4(C=C6))C(S4)=CC2=CC3=CC(C(F)=C5(F))=C(C=C5)C=C13,structures/anti_C_S_diF_p-CNbenz.xyz
anti_C_S_diOMe_diOMe,C1=C2C=C(C(OC)=C4(OC))C(S4)=CC2=CC3=CC(C(OC)=C5(OC))=C(C=C5)C=C13,structures/anti_C_S_diOMe_diOMe.xyz
anti_C_S_m-CF3benz_2-Cl,C1=C2C=C(C=C4(Cl))C(S4)=CC2=CC3=CC(C(C=C7)=C5(C=C7(C(F)(F)(F))))=C(C=C5)C=C13,structures/anti_C_S_m-CF3benz_2-Cl.xyz
anti_C_S_m-OMebenz_2-F,C1=C2C=C(C=C4(F))C(S4)=CC2=CC3=CC(C(C=C7)=C5(C=C7(OC)))=C(C=C5)C=C13,structures/anti_C_S_m-OMebenz_2-F.xyz
anti_NMe_NMe_2-CF3_3-CN,C1=C2C=C(C(C#N)=C4)C(N4C)=CC2=CC3=CC(C=C5(C(F)(F)(F)))=C(N5C)C=C13,structures/anti_NMe_NMe_2-CF3_3-CN.xyz
anti_NMe_NMe_2-Cl_diOMe,C1=C2C=C(C(OC)=C4(OC))C(N4C)=CC2=CC3=CC(C=C5(Cl))=C(N5C)C=C13,structures/anti_NMe_NMe_2-Cl_diOMe.xyz
anti_NMe_NMe_3-Cl_3-OMe,C1=C2C=C(C(OC)=C4)C(N4C)=CC2=CC3=CC(C(Cl)=C5)=C(N5C)C=C13,structures/anti_NMe_NMe_3-Cl_3-OMe.xyz
anti_NMe_NMe_3-Cl_p-OMebenz,C1=C2C=C(C(C=C6(OC))=C4(C=C6))C(N4C)=CC2=CC3=CC(C(Cl)=C5)=C(N5C)C=C13,structures/anti_NMe_NMe_3-Cl_p-OMebenz.xyz
anti_NMe_NMe_benz_tetFbenz,C1=C2C=C(C(C(F)=C6(F))=C4(C(F)=C6(F)))C(N4C)=CC2=CC3=CC(C(C=C7)=C5(C=C7))=C(N5C)C=C13,structures/anti_NMe_NMe_benz_tetFbenz.xyz
anti_NMe_NMe_diCF3_m-OMebenz,C1=C2C=C(C(C=C6)=C4(C=C6(OC)))C(N4C)=CC2=CC3=CC(C(C(F)(F)(F))=C5(C(F)(F)(F)))=C(N5C)C=C13,structures/anti_NMe_NMe_diCF3_m-OMebenz.xyz
anti_NMe_NMe_diCF3_p-OMebenz,C1=C2C=C(C(C=C6(OC))=C4(C=C6))C(N4C)=CC2=CC3=CC(C(C(F)(F)(F))=C5(C(F)(F)(F)))=C(N5C)C=C13,structures/anti_NMe_NMe_diCF3_p-OMebenz.xyz
anti_NMe_NMe_diCN_p-CF3benz,C1=C2C=C(C(C=C6(C(F)(F)(F)))=C4(C=C6))C(N4C)=CC2=CC3=CC(C(C#N)=C5(C#N))=C(N5C)C=C13,structures/anti_NMe_NMe_diCN_p-CF3benz.xyz
anti_NMe_NMe_diOMe_p-CNbenz,C1=C2C=C(C(C=C6(C#N))=C4(C=C6))C(N4C)=CC2=CC3=CC(C(OC)=C5(OC))=C(N5C)C=C13,structures/anti_NMe_NMe_diOMe_p-CNbenz.xyz
anti_NMe_NPh_2-CF3_diCN,C1=C2C=C(C(C#N)=C4(C#N))C(N4(C9=CC=CC=C9))=CC2=CC3=CC(C=C5(C(F)(F)(F)))=C(N5C)C=C13,structures/anti_NMe_NPh_2-CF3_diCN.xyz
anti_NMe_NPh_2-F_3-CN,C1=C2C=C(C(C#N)=C4)C(N4(C9=CC=CC=C9))=CC2=CC3=CC(C=C5(F))=C(N5C)C=C13,structures/anti_NMe_NPh_2-F_3-CN.xyz
anti_NMe_NPh_2-OMe_m-OMebenz,C1=C2C=C(C(C=C6)=C4(C=C6(OC)))C(N4(C9=CC=CC=C9))=CC2=CC3=CC(C=C5(OC))=C(N5C)C=C13,structures/anti_NMe_NPh_2-OMe_m-OMebenz.xyz
anti_NMe_NPh_3-Cl_3-Cl,C1=C2C=C(C(Cl)=C4)C(N4(C9=CC=CC=C9))=CC2=CC3=CC(C(Cl)=C5)=C(N5C)C=C13,structures/anti_NMe_NPh_3-Cl_3-Cl.xyz
anti_NMe_NPh_3-Cl_3-CN,C1=C2C=C(C(C#N)=C4)C(N4(C9=CC=CC=C9))=CC2=CC3=CC(C(Cl)=C5)=C(N5C)C=C13,structures/anti_NMe_NPh_3-Cl_3-CN.xyz
anti_NMe_NPh_benz_3-CF3,C1=C2C=C(C(C(F)(F)(F))=C4)C(N4(C9=CC=CC=C9))=CC2=CC3=CC(C(C=C7)=C5(C=C7))=C(N5C)C=C13,structures/anti_NMe_NPh_benz_3-CF3.xyz
anti_NMe_NPh_C_m-OMebenz,C1=C2C=C(C(C=C6)=C4(C=C6(OC)))C(N4(C9=CC=CC=C9))=CC2=CC3=CC(C=C5)=C(N5C)C=C13,structures/anti_NMe_NPh_C_m-OMebenz.xyz
anti_NMe_NPh_diCN_3-F,C1=C2C=C(C(F)=C4)C(N4(C9=CC=CC=C9))=CC2=CC3=CC(C(C#N)=C5(C#N))=C(N5C)C=C13,structures/anti_NMe_NPh_diCN_3-F.xyz
anti_NMe_NPh_diOMe_diOMe,C1=C2C=C(C(OC)=C4(OC))C(N4(C9=CC=CC=C9))=CC2=CC3=CC(C(OC)=C5(OC))=C(N5C)C=C13,structures/anti_NMe_NPh_diOMe_diOMe.xyz
anti_NPh_NPh_3-F_3-CN,C1=C2C=C(C(C#N)=C4)C(N4(C9=CC=CC=C9))=CC2=CC3=CC(C(F)=C5)=C(N5(C8=CC=CC=C8))C=C13,structures/anti_NPh_NPh_3-F_3-CN.xyz
anti_NPh_NPh_benz_m-CF3benz,C1=C2C=C(C(C=C6)=C4(C=C6(C(F)(F)(F))))C(N4(C9=CC=CC=C9))=CC2=CC3=CC(C(C=C7)=C5(C=C7))=C(N5(C8=CC=CC=C8))C=C13,structures/anti_NPh_NPh_benz_m-CF3benz.xyz
anti_O_NMe_2-Cl_m-OMebenz,C1=C2C=C(C(C=C6)=C4(C=C6(OC)))C(N4C)=CC2=CC3=CC(C=C5(Cl))=C(O5)C=C13,structures/anti_O_NMe_2-Cl_m-OMebenz.xyz
anti_O_NMe_2-CN_diCN,C1=C2C=C(C(C#N)=C4(C#N))C(N4C)=CC2=CC3=CC(C=C5(C#N))=C(O5)C=C13,structures/anti_O_NMe_2-CN_diCN.xyz
anti_O_NMe_2-F_2-OMe,C1=C2C=C(C=C4(OC))C(N4C)=CC2=CC3=CC(C=C5(F))=C(O5)C=C13,structures/anti_O_NMe_2-F_2-OMe.xyz
anti_O_NMe_3-OMe_2-CF3,C1=C2C=C(C=C4(C(F)(F)(F)))C(N4C)=CC2=CC3=CC(C(OC)=C5)=C(O5)C=C13,structures/anti_O_NMe_3-OMe_2-CF3.xyz
anti_O_NMe_diCl_3-CN,C1=C2C=C(C(C#N)=C4)C(N4C)=CC2=CC3=CC(C(Cl)=C5(Cl))=C(O5)C=C13,structures/anti_O_NMe_diCl_3-CN.xyz
anti_O_NMe_m-CNbenz_tetFbenz,C1=C2C=C(C(C(F)=C6(F))=C4(C(F)=C6(F)))C(N4C)=CC2=CC3=CC(C(C=C7)=C5(C=C7(C#N)))=C(O5)C=C13,structures/anti_O_NMe_m-CNbenz_tetFbenz.xyz
anti_O_NMe_p-CNbenz_3-CF3,C1=C2C=C(C(C(F)(F)(F))=C4)C(N4C)=CC2=CC3=CC(C(C=C7(C#N))=C5(C=C7))=C(O5)C=C13,structures/anti_O_NMe_p-CNbenz_3-CF3.xyz
anti_O_NMe_p-OMebenz_p-OMebenz,C1=C2C=C(C(C=C6(OC))=C4(C=C6))C(N4C)=CC2=CC3=CC(C(C=C7(OC))=C5(C=C7))=C(O5)C=C13,structures/anti_O_NMe_p-OMebenz_p-OMebenz.xyz
anti_O_NPh_2-F_3-OMe,C1=C2C=C(C(OC)=C4)C(N4(C9=CC=CC=C9))=CC2=CC3=CC(C=C5(F))=C(O5)C=C13,structures/anti_O_NPh_2-F_3-OMe.xyz
anti_O_NPh_2-F_p-CNbenz,C1=C2C=C(C(C=C6(C#N))=C4(C=C6))C(N4(C9=CC=CC=C9))=CC2=CC3=CC(C=C5(F))=C(O5)C=C13,structures/anti_O_NPh_2-F_p-CNbenz.xyz
anti_O_NPh_3-Cl_m-CF3benz,C1=C2C=C(C(C=C6)=C4(C=C6(C(F)(F)(F))))C(N4(C9=CC=CC=C9))=CC2=CC3=CC(C(Cl)=C5)=C(O5)C=C13,structures/anti_O_NPh_3-Cl_m-CF3benz.xyz
anti_O_NPh_3-F_m-OMebenz,C1=C2C=C(C(C=C6)=C4(C=C6(OC)))C(N4(C9=CC=CC=C9))=CC2=CC3=CC(C(F)=C5)=C(O5)C=C13,structures/anti_O_NPh_3-F_m-OMebenz.xyz
anti_O_NPh_3-OMe_3-Cl,C1=C2C=C(C(Cl)=C4)C(N4(C9=CC=CC=C9))=CC2=CC3=CC(C(OC)=C5)=C(O5)C=C13,structures/anti_O_NPh_3-OMe_3-Cl.xyz
anti_O_NPh_diCl_diF,C1=C2C=C(C(F)=C4(F))C(N4(C9=CC=CC=C9))=CC2=CC3=CC(C(Cl)=C5(Cl))=C(O5)C=C13,structures/anti_O_NPh_diCl_diF.xyz
anti_O_NPh_diCN_m-CF3benz,C1=C2C=C(C(C=C6)=C4(C=C6(C(F)(F)(F))))C(N4(C9=CC=CC=C9))=CC2=CC3=CC(C(C#N)=C5(C#N))=C(O5)C=C13,structures/anti_O_NPh_diCN_m-CF3benz.xyz
anti_O_NPh_diOMe_diCN,C1=C2C=C(C(C#N)=C4(C#N))C(N4(C9=CC=CC=C9))=CC2=CC3=CC(C(OC)=C5(OC))=C(O5)C=C13,structures/anti_O_NPh_diOMe_diCN.xyz
anti_O_NPh_p-CF3benz_2-Cl,C1=C2C=C(C=C4(Cl))C(N4(C9=CC=CC=C9))=CC2=CC3=CC(C(C=C7(C(F)(F)(F)))=C5(C=C7))=C(O5)C=C13,structures/anti_O_NPh_p-CF3benz_2-Cl.xyz
anti_O_O_2-CN_3-CF3,C1=C2C=C(C(C(F)(F)(F))=C4)C(O4)=CC2=CC3=CC(C=C5(C#N))=C(O5)C=C13,structures/anti_O_O_2-CN_3-CF3.xyz
anti_O_O_diCN_m-CF3benz,C1=C2C=C(C(C=C6)=C4(C=C6(C(F)(F)(F))))C(O4)=CC2=CC3=CC(C(C#N)=C5(C#N))=C(O5)C=C13,structures/anti_O_O_diCN_m-CF3benz.xyz
anti_O_O_diF_p-CNbenz,C1=C2C=C(C(C=C6(C#N))=C4(C=C6))C(O4)=CC2=CC3=CC(C(F)=C5(F))=C(O5)C=C13,structures/anti_O_O_diF_p-CNbenz.xyz
anti_O_O_tetClbenz_m-CF3benz,C1=C2C=C(C(C=C6)=C4(C=C6(C(F)(F)(F))))C(O4)=CC2=CC3=CC(C(C(Cl)=C7(Cl))=C5(C(Cl)=C7(Cl)))=C(O5)C=C13,structures/anti_O_O_tetClbenz_m-CF3benz.xyz
anti_S_NMe_2-F_m-CNbenz,C1=C2C=C(C(C=C6)=C4(C=C6(C#N)))C(N4C)=CC2=CC3=CC(C=C5(F))=C(S5)C=C13,structures/anti_S_NMe_2-F_m-CNbenz.xyz
anti_S_NMe_3-CN_p-CF3benz,C1=C2C=C(C(C=C6(C(F)(F)(F)))=C4(C=C6))C(N4C)=CC2=CC3=CC(C(C#N)=C5)=C(S5)C=C13,structures/anti_S_NMe_3-CN_p-CF3benz.xyz
anti_S_NMe_3-F_diOMe,C1=C2C=C(C(OC)=C4(OC))C(N4C)=CC2=CC3=CC(C(F)=C5)=C(S5)C=C13,structures/anti_S_NMe_3-F_diOMe.xyz
anti_S_NMe_3-OMe_3-CN,C1=C2C=C(C(C#N)=C4)C(N4C)=CC2=CC3=CC(C(OC)=C5)=C(S5)C=C13,structures/anti_S_NMe_3-OMe_3-CN.xyz
anti_S_NMe_diCF3_diCN,C1=C2C=C(C(C#N)=C4(C#N))C(N4C)=CC2=CC3=CC(C(C(F)(F)(F))=C5(C(F)(F)(F)))=C(S5)C=C13,structures/anti_S_NMe_diCF3_diCN.xyz
anti_S_NMe_p-CNbenz_diF,C1=C2C=C(C(F)=C4(F))C(N4C)=CC2=CC3=CC(C(C=C7(C#N))=C5(C=C7))=C(S5)C=C13,structures/anti_S_NMe_p-CNbenz_diF.xyz
anti_S_NMe_p-OMebenz_3-Cl,C1=C2C=C(C(Cl)=C4)C(N4C)=CC2=CC3=CC(C(C=C7(OC))=C5(C=C7))=C(S5)C=C13,structures/anti_S_NMe_p-OMebenz_3-Cl.xyz
anti_S_NPh_2-CF3_m-CF3benz,C1=C2C=C(C(C=C6)=C4(C=C6(C(F)(F)(F))))C(N4(C9=CC=CC=C9))=CC2=CC3=CC(C=C5(C(F)(F)(F)))=C(S5)C=C13,structures/anti_S_NPh_2-CF3_m-CF3benz.xyz
anti_S_NPh_2-F_3-CN,C1=C2C=C(C(C#N)=C4)C(N4(C9=CC=CC=C9))=CC2=CC3=CC(C=C5(F))=C(S5)C=C13,structures/anti_S_NPh_2-F_3-CN.xyz
anti_S_NPh_3-CF3_m-OMebenz,C1=C2C=C(C(C=C6)=C4(C=C6(OC)))C(N4(C9=CC=CC=C9))=CC2=CC3=CC(C(C(F)(F)(F))=C5)=C(S5)C=C13,structures/anti_S_NPh_3-CF3_m-OMebenz.xyz
anti_S_NPh_3-Cl_p-CF3benz,C1=C2C=C(C(C=C6(C(F)(F)(F)))=C4(C=C6))C(N4(C9=CC=CC=C9))=CC2=CC3=CC(C(Cl)=C5)=C(S5)C=C13,structures/anti_S_NPh_3-Cl_p-CF3benz.xyz
anti_S_NPh_3-F_2-CF3,C1=C2C=C(C=C4(C(F)(F)(F)))C(N4(C9=CC=CC=C9))=CC2=CC3=CC(C(F)=C5)=C(S5)C=C13,structures/anti_S_NPh_3-F_2-CF3.xyz
anti_S_NPh_3-F_3-F,C1=C2C=C(C(F)=C4)C(N4(C9=CC=CC=C9))=CC2=CC3=CC(C(F)=C5)=C(S5)C=C13,structures/anti_S_NPh_3-F_3-F.xyz
anti_S_NPh_3-F_tetFbenz,C1=C2C=C(C(C(F)=C6(F))=C4(C(F)=C6(F)))C(N4(C9=CC=CC=C9))=CC2=CC3=CC(C(F)=C5)=C(S5)C=C13,structures/anti_S_NPh_3-F_tetFbenz.xyz
anti_S_NPh_diCl_p-OMebenz,C1=C2C=C(C(C=C6(OC))=C4(C=C6))C(N4(C9=CC=CC=C9))=CC2=CC3=CC(C(Cl)=C5(Cl))=C(S5)C=C13,structures/anti_S_NPh_diCl_p-OMebenz.xyz
anti_S_NPh_diOMe_m-CF3benz,C1=C2C=C(C(C=C6)=C4(C=C6(C(F)(F)(F))))C(N4(C9=CC=CC=C9))=CC2=CC3=CC(C(OC)=C5(OC))=C(S5)C=C13,structures/anti_S_NPh_diOMe_m-CF3benz.xyz
anti_S_NPh_diOMe_tetClbenz,C1=C2C=C(C(C(Cl)=C6(Cl))=C4(C(Cl)=C6(Cl)))C(N4(C9=CC=CC=C9))=CC2=CC3=CC(C(OC)=C5(OC))=C(S5)C=C13,structures/anti_S_NPh_diOMe_tetClbenz.xyz
anti_S_NPh_m-CNbenz_benz,C1=C2C=C(C(C=C6)=C4(C=C6))C(N4(C9=CC=CC=C9))=CC2=CC3=CC(C(C=C7)=C5(C=C7(C#N)))=C(S5)C=C13,structures/anti_S_NPh_m-CNbenz_benz.xyz
anti_S_NPh_m-OMebenz_2-CF3,C1=C2C=C(C=C4(C(F)(F)(F)))C(N4(C9=CC=CC=C9))=CC2=CC3=CC(C(C=C7)=C5(C=C7(OC)))=C(S5)C=C13,structures/anti_S_NPh_m-OMebenz_2-CF3.xyz
anti_S_NPh_tetClbenz_benz,C1=C2C=C(C(C=C6)=C4(C=C6))C(N4(C9=CC=CC=C9))=CC2=CC3=CC(C(C(Cl)=C7(Cl))=C5(C(Cl)=C7(Cl)))=C(S5)C=C13,structures/anti_S_NPh_tetClbenz_benz.xyz
anti_S_NPh_tetClbenz_diCl,C1=C2C=C(C(Cl)=C4(Cl))C(N4(C9=CC=CC=C9))=CC2=CC3=CC(C(C(Cl)=C7(Cl))=C5(C(Cl)=C7(Cl)))=C(S5)C=C13,structures/anti_S_NPh_tetClbenz_diCl.xyz
anti_S_NPh_tetFbenz_diOMe,C1=C2C=C(C(OC)=C4(OC))C(N4(C9=CC=CC=C9))=CC2=CC3=CC(C(C(F)=C7(F))=C5(C(F)=C7(F)))=C(S5)C=C13,structures/anti_S_NPh_tetFbenz_diOMe.xyz
anti_S_O_2-Cl_3-CF3,C1=C2C=C(C(C(F)(F)(F))=C4)C(O4)=CC2=CC3=CC(C=C5(Cl))=C(S5)C=C13,structures/anti_S_O_2-Cl_3-CF3.xyz
anti_S_O_2-CN_m-CNbenz,C1=C2C=C(C(C=C6)=C4(C=C6(C#N)))C(O4)=CC2=CC3=CC(C=C5(C#N))=C(S5)C=C13,structures/anti_S_O_2-CN_m-CNbenz.xyz
anti_S_O_2-F_diCl,C1=C2C=C(C(Cl)=C4(Cl))C(O4)=CC2=CC3=CC(C=C5(F))=C(S5)C=C13,structures/anti_S_O_2-F_diCl.xyz
anti_S_O_3-CN_2-Cl,C1=C2C=C(C=C4(Cl))C(O4)=CC2=CC3=CC(C(C#N)=C5)=C(S5)C=C13,structures/anti_S_O_3-CN_2-Cl.xyz
anti_S_O_3-F_p-CF3benz,C1=C2C=C(C(C=C6(C(F)(F)(F)))=C4(C=C6))C(O4)=CC2=CC3=CC(C(F)=C5)=C(S5)C=C13,structures/anti_S_O_3-F_p-CF3benz.xyz
anti_S_O_diCN_benz,C1=C2C=C(C(C=C6)=C4(C=C6))C(O4)=CC2=CC3=CC(C(C#N)=C5(C#N))=C(S5)C=C13,structures/anti_S_O_diCN_benz.xyz
anti_S_O_p-CF3benz_p-CNbenz,C1=C2C=C(C(C=C6(C#N))=C4(C=C6))C(O4)=CC2=CC3=CC(C(C=C7(C(F)(F)(F)))=C5(C=C7))=C(S5)C=C13,structures/anti_S_O_p-CF3benz_p-CNbenz.xyz
anti_S_O_p-CNbenz_2-F,C1=C2C=C(C=C4(F))C(O4)=CC2=CC3=CC(C(C=C7(C#N))=C5(C=C7))=C(S5)C=C13,structures/anti_S_O_p-CNbenz_2-F.xyz
anti_S_O_p-CNbenz_3-CN,C1=C2C=C(C(C#N)=C4)C(O4)=CC2=CC3=CC(C(C=C7(C#N))=C5(C=C7))=C(S5)C=C13,structures/anti_S_O_p-CNbenz_3-CN.xyz
anti_S_O_tetClbenz_p-CF3benz,C1=C2C=C(C(C=C6(C(F)(F)(F)))=C4(C=C6))C(O4)=CC2=CC3=CC(C(C(Cl)=C7(Cl))=C5(C(Cl)=C7(Cl)))=C(S5)C=C13,structures/anti_S_O_tetClbenz_p-CF3benz.xyz
anti_S_S_3-CF3_3-CN,C1=C2C=C(C(C#N)=C4)C(S4)=CC2=CC3=CC(C(C(F)(F)(F))=C5)=C(S5)C=C13,structures/anti_S_S_3-CF3_3-CN.xyz
anti_S_S_3-F_m-CF3benz,C1=C2C=C(C(C=C6)=C4(C=C6(C(F)(F)(F))))C(S4)=CC2=CC3=CC(C(F)=C5)=C(S5)C=C13,structures/anti_S_S_3-F_m-CF3benz.xyz
anti_S_S_3-OMe_m-OMebenz,C1=C2C=C(C(C=C6)=C4(C=C6(OC)))C(S4)=CC2=CC3=CC(C(OC)=C5)=C(S5)C=C13,structures/anti_S_S_3-OMe_m-OMebenz.xyz
anti_S_S_benz_m-CNbenz,C1=C2C=C(C(C=C6)=C4(C=C6(C#N)))C(S4)=CC2=CC3=CC(C(C=C7)=C5(C=C7))=C(S5)C=C13,structures/anti_S_S_benz_m-CNbenz.xyz
anti_S_S_tetClbenz_m-CF3benz,C1=C2C=C(C(C=C6)=C4(C=C6(C(F)(F)(F))))C(S4)=CC2=CC3=CC(C(C(Cl)=C7(Cl))=C5(C(Cl)=C7(Cl)))=C(S5)C=C13,structures/anti_S_S_tetClbenz_m-CF3benz.xyz
asym_S_3-CN,C1=C2C=CC=CC2=CC3=CC(C(C#N)=C5)=C(S5)C=C13,structures/asym_S_3-CN.xyz
syn_C_C_2-CF3_p-OMebenz,C1=C2C=C(C=C4)C(C(C=C6(OC))=C4(C=C6))=CC2=CC3=CC(C=C5(C(F)(F)(F)))=C(C=C5)C=C13,structures/syn_C_C_2-CF3_p-OMebenz.xyz
syn_C_C_2-CN_3-F,C1=C2C=C(C=C4)C(C(F)=C4)=CC2=CC3=CC(C=C5(C#N))=C(C=C5)C=C13,structures/syn_C_C_2-CN_3-F.xyz
syn_C_C_m-CF3benz_m-CNbenz,C1=C2C=C(C=C4)C(C(C=C6)=C4(C=C6(C#N)))=CC2=CC3=CC(C(C=C7)=C5(C=C7(C(F)(F)(F))))=C(C=C5)C=C13,structures/syn_C_C_m-CF3benz_m-CNbenz.xyz
syn_C_NMe_3-F_p-OMebenz,C1=C2C=C(N4C)C(C(C=C6(OC))=C4(C=C6))=CC2=CC3=CC(C(F)=C5)=C(C=C5)C=C13,structures/syn_C_NMe_3-F_p-OMebenz.xyz
syn_C_NMe_benz_diCF3,C1=C2C=C(N4C)C(C(C(F)(F)(F))=C4(C(F)(F)(F)))=CC2=CC3=CC(C(C=C7)=C5(C=C7))=C(C=C5)C=C13,structures/syn_C_NMe_benz_diCF3.xyz
syn_C_NMe_m-OMebenz_3-CN,C1=C2C=C(N4C)C(C(C#N)=C4)=CC2=CC3=CC(C(C=C7)=C5(C=C7(OC)))=C(C=C5)C=C13,structures/syn_C_NMe_m-OMebenz_3-CN.xyz
syn_C_NMe_p-CNbenz_benz,C1=C2C=C(N4C)C(C(C=C6)=C4(C=C6))=CC2=CC3=CC(C(C=C7(C#N))=C5(C=C7))=C(C=C5)C=C13,structures/syn_C_NMe_p-CNbenz_benz.xyz
syn_C_NPh_2-Cl_tetFbenz,C1=C2C=C(N4(C9=CC=CC=C9))C(C(C(F)=C6(F))=C4(C(F)=C6(F)))=CC2=CC3=CC(C=C5(Cl))=C(C=C5)C=C13,structures/syn_C_NPh_2-Cl_tetFbenz.xyz
syn_C_NPh_3-CF3_diCN,C1=C2C=C(N4(C9=CC=CC=C9))C(C(C#N)=C4(C#N))=CC2=CC3=CC(C(C(F)(F)(F))=C5)=C(C=C5)C=C13,structures/syn_C_NPh_3-CF3_diCN.xyz
syn_C_NPh_3-CF3_tetFbenz,C1=C2C=C(N4(C9=CC=CC=C9))C(C(C(F)=C6(F))=C4(C(F)=C6(F)))=CC2=CC3=CC(C(C(F)(F)(F))=C5)=C(C=C5)C=C13,structures/syn_C_NPh_3-CF3_tetFbenz.xyz
syn_C_NPh_3-OMe_p-OMebenz,C1=C2C=C(N4(C9=CC=CC=C9))C(C(C=C6(OC))=C4(C=C6))=CC2=CC3=CC(C(OC)=C5)=C(C=C5)C=C13,structures/syn_C_NPh_3-OMe_p-OMebenz.xyz
syn_C_NPh_benz_3-Cl,C1=C2C=C(N4(C9=CC=CC=C9))C(C(Cl)=C4)=CC2=CC3=CC(C(C=C7)=C5(C=C7))=C(C=C5)C=C13,structures/syn_C_NPh_benz_3-Cl.xyz
syn_C_NPh_C_m-CNbenz,C1=C2C=C(N4(C9=CC=CC=C9))C(C(C=C6)=C4(C=C6(C#N)))=CC2=CC3=CC(C=C5)=C(C=C5)C=C13,structures/syn_C_NPh_C_m-CNbenz.xyz
syn_C_NPh_diCl_2-CF3,C1=C2C=C(N4(C9=CC=CC=C9))C(C=C4(C(F)(F)(F)))=CC2=CC3=CC(C(Cl)=C5(Cl))=C(C=C5)C=C13,structures/syn_C_NPh_diCl_2-CF3.xyz
syn_C_NPh_m-CNbenz_2-OMe,C1=C2C=C(N4(C9=CC=CC=C9))C(C=C4(OC))=CC2=CC3=CC(C(C=C7)=C5(C=C7(C#N)))=C(C=C5)C=C13,structures/syn_C_NPh_m-CNbenz_2-OMe.xyz
syn_C_NPh_p-CNbenz_2-CN,C1=C2C=C(N4(C9=CC=CC=C9))C(C=C4(C#N))=CC2=CC3=CC(C(C=C7(C#N))=C5(C=C7))=C(C=C5)C=C13,structures/syn_C_NPh_p-CNbenz_2-CN.xyz
syn_C_O_2-Cl_p-CNbenz,C1=C2C=C(O4)C(C(C=C6(C#N))=C4(C=C6))=CC2=CC3=CC(C=C5(Cl))=C(C=C5)C=C13,structures/syn_C_O_2-Cl_p-CNbenz.xyz
syn_C_O_2-CN_2-Cl,C1=C2C=C(O4)C(C=C4(Cl))=CC2=CC3=CC(C=C5(C#N))=C(C=C5)C=C13,structures/syn_C_O_2-CN_2-Cl.xyz
syn_C_O_3-CN_tetClbenz,C1=C2C=C(O4)C(C(C(Cl)=C6(Cl))=C4(C(Cl)=C6(Cl)))=CC2=CC3=CC(C(C#N)=C5)=C(C=C5)C=C13,structures/syn_C_O_3-CN_tetClbenz.xyz
syn_C_O_diCl_p-CF3benz,C1=C2C=C(O4)C(C(C=C6(C(F)(F)(F)))=C4(C=C6))=CC2=CC3=CC(C(Cl)=C5(Cl))=C(C=C5)C=C13,structures/syn_C_O_diCl_p-CF3benz.xyz
syn_C_O_diCN_p-CNbenz,C1=C2C=C(O4)C(C(C=C6(C#N))=C4(C=C6))=CC2=CC3=CC(C(C#N)=C5(C#N))=C(C=C5)C=C13,structures/syn_C_O_diCN_p-CNbenz.xyz
syn_C_O_m-CNbenz_2-OMe,C1=C2C=C(O4)C(C=C4(OC))=CC2=CC3=CC(C(C=C7)=C5(C=C7(C#N)))=C(C=C5)C=C13,structures/syn_C_O_m-CNbenz_2-OMe.xyz
syn_C_O_tetFbenz_C,C1=C2C=C(O4)C(C=C4)=CC2=CC3=CC(C(C(F)=C7(F))=C5(C(F)=C7(F)))=C(C=C5)C=C13,structures/syn_C_O_tetFbenz_C.xyz
syn_C_O_tetFbenz_diCN,C1=C2C=C(O4)C(C(C#N)=C4(C#N))=CC2=CC3=CC(C(C(F)=C7(F))=C5(C(F)=C7(F)))=C(C=C5)C=C13,structures/syn_C_O_tetFbenz_diCN.xyz
syn_C_S_2-CF3_C,C1=C2C=C(S4)C(C=C4)=CC2=CC3=CC(C=C5(C(F)(F)(F)))=C(C=C5)C=C13,structures/syn_C_S_2-CF3_C.xyz
syn_C_S_2-CN_benz,C1=C2C=C(S4)C(C(C=C6)=C4(C=C6))=CC2=CC3=CC(C=C5(C#N))=C(C=C5)C=C13,structures/syn_C_S_2-CN_benz.xyz
syn_C_S_2-CN_p-CF3benz,C1=C2C=C(S4)C(C(C=C6(C(F)(F)(F)))=C4(C=C6))=CC2=CC3=CC(C=C5(C#N))=C(C=C5)C=C13,structures/syn_C_S_2-CN_p-CF3benz.xyz
syn_C_S_3-F_C,C1=C2C=C(S4)C(C=C4)=CC2=CC3=CC(C(F)=C5)=C(C=C5)C=C13,structures/syn_C_S_3-F_C.xyz
syn_C_S_p-CF3benz_m-CF3benz,C1=C2C=C(S4)C(C(C=C6)=C4(C=C6(C(F)(F)(F))))=CC2=CC3=CC(C(C=C7(C(F)(F)(F)))=C5(C=C7))=C(C=C5)C=C13,structures/syn_C_S_p-CF3benz_m-CF3benz.xyz
syn_C_S_p-CF3benz_m-CNbenz,C1=C2C=C(S4)C(C(C=C6)=C4(C=C6(C#N)))=CC2=CC3=CC(C(C=C7(C(F)(F)(F)))=C5(C=C7))=C(C=C5)C=C13,structures/syn_C_S_p-CF3benz_m-CNbenz.xyz
syn_C_S_tetFbenz_3-Cl,C1=C2C=C(S4)C(C(Cl)=C4)=CC2=CC3=CC(C(C(F)=C7(F))=C5(C(F)=C7(F)))=C(C=C5)C=C13,structures/syn_C_S_tetFbenz_3-Cl.xyz
syn_NMe_NMe_2-CF3_3-CN,C1=C2C=C(N4C)C(C(C#N)=C4)=CC2=CC3=CC(C=C5(C(F)(F)(F)))=C(N5C)C=C13,structures/syn_NMe_NMe_2-CF3_3-CN.xyz
syn_NMe_NMe_3-CN_3-OMe,C1=C2C=C(N4C)C(C(OC)=C4)=CC2=CC3=CC(C(C#N)=C5)=C(N5C)C=C13,structures/syn_NMe_NMe_3-CN_3-OMe.xyz
syn_NMe_NMe_3-CN_tetFbenz,C1=C2C=C(N4C)C(C(C(F)=C6(F))=C4(C(F)=C6(F)))=CC2=CC3=CC(C(C#N)=C5)=C(N5C)C=C13,structures/syn_NMe_NMe_3-CN_tetFbenz.xyz
syn_NMe_NMe_3-OMe_tetFbenz,C1=C2C=C(N4C)C(C(C(F)=C6(F))=C4(C(F)=C6(F)))=CC2=CC3=CC(C(OC)=C5)=C(N5C)C=C13,structures/syn_NMe_NMe_3-OMe_tetFbenz.xyz
syn_NMe_NMe_benz_p-CF3benz,C1=C2C=C(N4C)C(C(C=C6(C(F)(F)(F)))=C4(C=C6))=CC2=CC3=CC(C(C=C7)=C5(C=C7))=C(N5C)C=C13,structures/syn_NMe_NMe_benz_p-CF3benz.xyz
syn_NMe_NMe_C_m-OMebenz,C1=C2C=C(N4C)C(C(C=C6)=C4(C=C6(OC)))=CC2=CC3=CC(C=C5)=C(N5C)C=C13,structures/syn_NMe_NMe_C_m-OMebenz.xyz
syn_NMe_NMe_diCN_p-CNbenz,C1=C2C=C(N4C)C(C(C=C6(C#N))=C4(C=C6))=CC2=CC3=CC(C(C#N)=C5(C#N))=C(N5C)C=C13,structures/syn_NMe_NMe_diCN_p-CNbenz.xyz
syn_NMe_NPh_2-CF3_m-CF3benz,C1=C2C=C(N4(C9=CC=CC=C9))C(C(C=C6)=C4(C=C6(C(F)(F)(F))))=CC2=CC3=CC(C=C5(C(F)(F)(F)))=C(N5C)C=C13,structures/syn_NMe_NPh_2-CF3_m-CF3benz.xyz
syn_NMe_NPh_2-Cl_benz,C1=C2C=C(N4(C9=CC=CC=C9))C(C(C=C6)=C4(C=C6))=CC2=CC3=CC(C=C5(Cl))=C(N5C)C=C13,structures/syn_NMe_NPh_2-Cl_benz.xyz
syn_NMe_NPh_2-CN_tetClbenz,C1=C2C=C(N4(C9=CC=CC=C9))C(C(C(Cl)=C6(Cl))=C4(C(Cl)=C6(Cl)))=CC2=CC3=CC(C=C5(C#N))=C(N5C)C=C13,structures/syn_NMe_NPh_2-CN_tetClbenz.xyz
syn_NMe_NPh_2-F_diOMe,C1=C2C=C(N4(C9=CC=CC=C9))C(C(OC)=C4(OC))=CC2=CC3=CC(C=C5(F))=C(N5C)C=C13,structures/syn_NMe_NPh_2-F_diOMe.xyz
syn_NMe_NPh_3-CF3_diOMe,C1=C2C=C(N4(C9=CC=CC=C9))C(C(OC)=C4(OC))=CC2=CC3=CC(C(C(F)(F)(F))=C5)=C(N5C)C=C13,structures/syn_NMe_NPh_3-CF3_diOMe.xyz
syn_NMe_NPh_diCF3_2-F,C1=C2C=C(N4(C9=CC=CC=C9))C(C=C4(F))=CC2=CC3=CC(C(C(F)(F)(F))=C5(C(F)(F)(F)))=C(N5C)C=C13,structures/syn_NMe_NPh_diCF3_2-F.xyz
syn_NMe_NPh_diCl_diCF3,C1=C2C=C(N4(C9=CC=CC=C9))C(C(C(F)(F)(F))=C4(C(F)(F)(F)))=CC2=CC3=CC(C(Cl)=C5(Cl))=C(N5C)C=C13,structures/syn_NMe_NPh_diCl_diCF3.xyz
syn_NMe_NPh_diCl_p-CF3benz,C1=C2C=C(N4(C9=CC=CC=C9))C(C(C=C6(C(F)(F)(F)))=C4(C=C6))=CC2=CC3=CC(C(Cl)=C5(Cl))=C(N5C)C=C13,structures/syn_NMe_NPh_diCl_p-CF3benz.xyz
syn_NMe_NPh_diF_3-F,C1=C2C=C(N4(C9=CC=CC=C9))C(C(F)=C4)=CC2=CC3=CC(C(F)=C5(F))=C(N5C)C=C13,structures/syn_NMe_NPh_diF_3-F.xyz
syn_NMe_NPh_diOMe_2-OMe,C1=C2C=C(N4(C9=CC=CC=C9))C(C=C4(OC))=CC2=CC3=CC(C(OC)=C5(OC))=C(N5C)C=C13,structures/syn_NMe_NPh_diOMe_2-OMe.xyz
syn_NMe_NPh_m-CF3benz_2-CF3,C1=C2C=C(N4(C9=CC=CC=C9))C(C=C4(C(F)(F)(F)))=CC2=CC3=CC(C(C=C7)=C5(C=C7(C(F)(F)(F))))=C(N5C)C=C13,structures/syn_NMe_NPh_m-CF3benz_2-CF3.xyz
syn_NMe_NPh_p-CNbenz_m-OMebenz,C1=C2C=C(N4(C9=CC=CC=C9))C(C(C=C6)=C4(C=C6(OC)))=CC2=CC3=CC(C(C=C7(C#N))=C5(C=C7))=C(N5C)C=C13,structures/syn_NMe_NPh_p-CNbenz_m-OMebenz.xyz
syn_NMe_NPh_p-OMebenz_diF,C1=C2C=C(N4(C9=CC=CC=C9))C(C(F)=C4(F))=CC2=CC3=CC(C(C=C7(OC))=C5(C=C7))=C(N5C)C=C13,structures/syn_NMe_NPh_p-OMebenz_diF.xyz
syn_NMe_NPh_tetFbenz_m-CNbenz,C1=C2C=C(N4(C9=CC=CC=C9))C(C(C=C6)=C4(C=C6(C#N)))=CC2=CC3=CC(C(C(F)=C7(F))=C5(C(F)=C7(F)))=C(N5C)C=C13,structures/syn_NMe_NPh_tetFbenz_m-CNbenz.xyz
syn_NPh_NPh_2-CF3_diCN,C1=C2C=C(N4(C9=CC=CC=C9))C(C(C#N)=C4(C#N))=CC2=CC3=CC(C=C5(C(F)(F)(F)))=C(N5(C8=CC=CC=C8))C=C13,structures/syn_NPh_NPh_2-CF3_diCN.xyz
syn_NPh_NPh_2-Cl_diCN,C1=C2C=C(N4(C9=CC=CC=C9))C(C(C#N)=C4(C#N))=CC2=CC3=CC(C=C5(Cl))=C(N5(C8=CC=CC=C8))C=C13,structures/syn_NPh_NPh_2-Cl_diCN.xyz
syn_NPh_NPh_2-Cl_diOMe,C1=C2C=C(N4(C9=CC=CC=C9))C(C(OC)=C4(OC))=CC2=CC3=CC(C=C5(Cl))=C(N5(C8=CC=CC=C8))C=C13,structures/syn_NPh_NPh_2-Cl_diOMe.xyz
syn_NPh_NPh_2-Cl_p-OMebenz,C1=C2C=C(N4(C9=CC=CC=C9))C(C(C=C6(OC))=C4(C=C6))=CC2=CC3=CC(C=C5(Cl))=C(N5(C8=CC=CC=C8))C=C13,structures/syn_NPh_NPh_2-Cl_p-OMebenz.xyz
syn_NPh_NPh_2-CN_tetFbenz,C1=C2C=C(N4(C9=CC=CC=C9))C(C(C(F)=C6(F))=C4(C(F)=C6(F)))=CC2=CC3=CC(C=C5(C#N))=C(N5(C8=CC=CC=C8))C=C13,structures/syn_NPh_NPh_2-CN_tetFbenz.xyz
syn_NPh_NPh_3-CN_m-CF3benz,C1=C2C=C(N4(C9=CC=CC=C9))C(C(C=C6)=C4(C=C6(C(F)(F)(F))))=CC2=CC3=CC(C(C#N)=C5)=C(N5(C8=CC=CC=C8))C=C13,structures/syn_NPh_NPh_3-CN_m-CF3benz.xyz
syn_NPh_NPh_C_diCN,C1=C2C=C(N4(C9=CC=CC=C9))C(C(C#N)=C4(C#N))=CC2=CC3=CC(C=C5)=C(N5(C8=CC=CC=C8))C=C13,structures/syn_NPh_NPh_C_diCN.xyz
syn_NPh_NPh_diCl_diCl,C1=C2C=C(N4(C9=CC=CC=C9))C(C(Cl)=C4(Cl))=CC2=CC3=CC(C(Cl)=C5(Cl))=C(N5(C8=CC=CC=C8))C=C13,structures/syn_NPh_NPh_diCl_diCl.xyz
syn_NPh_NPh_diCN_p-CF3benz,C1=C2C=C(N4(C9=CC=CC=C9))C(C(C=C6(C(F)(F)(F)))=C4(C=C6))=CC2=CC3=CC(C(C#N)=C5(C#N))=C(N5(C8=CC=CC=C8))C=C13,structures/syn_NPh_NPh_diCN_p-CF3benz.xyz
syn_NPh_NPh_diF_tetClbenz,C1=C2C=C(N4(C9=CC=CC=C9))C(C(C(Cl)=C6(Cl))=C4(C(Cl)=C6(Cl)))=CC2=CC3=CC(C(F)=C5(F))=C(N5(C8=CC=CC=C8))C=C13,structures/syn_NPh_NPh_diF_tetClbenz.xyz
syn_O_NMe_2-Cl_p-OMebenz,C1=C2C=C(N4C)C(C(C=C6(OC))=C4(C=C6))=CC2=CC3=CC(C=C5(Cl))=C(O5)C=C13,structures/syn_O_NMe_2-Cl_p-OMebenz.xyz
syn_O_NMe_2-OMe_benz,C1=C2C=C(N4C)C(C(C=C6)=C4(C=C6))=CC2=CC3=CC(C=C5(OC))=C(O5)C=C13,structures/syn_O_NMe_2-OMe_benz.xyz
syn_O_NMe_3-Cl_2-CN,C1=C2C=C(N4C)C(C=C4(C#N))=CC2=CC3=CC(C(Cl)=C5)=C(O5)C=C13,structures/syn_O_NMe_3-Cl_2-CN.xyz
syn_O_NMe_3-F_2-Cl,C1=C2C=C(N4C)C(C=C4(Cl))=CC2=CC3=CC(C(F)=C5)=C(O5)C=C13,structures/syn_O_NMe_3-F_2-Cl.xyz
syn_O_NMe_3-F_3-Cl,C1=C2C=C(N4C)C(C(Cl)=C4)=CC2=CC3=CC(C(F)=C5)=C(O5)C=C13,structures/syn_O_NMe_3-F_3-Cl.xyz
syn_O_NMe_benz_diCF3,C1=C2C=C(N4C)C(C(C(F)(F)(F))=C4(C(F)(F)(F)))=CC2=CC3=CC(C(C=C7)=C5(C=C7))=C(O5)C=C13,structures/syn_O_NMe_benz_diCF3.xyz
syn_O_NMe_C_2-OMe,C1=C2C=C(N4C)C(C=C4(OC))=CC2=CC3=CC(C=C5)=C(O5)C=C13,structures/syn_O_NMe_C_2-OMe.xyz
syn_O_NMe_C_diCF3,C1=C2C=C(N4C)C(C(C(F)(F)(F))=C4(C(F)(F)(F)))=CC2=CC3=CC(C=C5)=C(O5)C=C13,structures/syn_O_NMe_C_diCF3.xyz
syn_O_NPh_3-OMe_3-Cl,C1=C2C=C(N4(C9=CC=CC=C9))C(C(Cl)=C4)=CC2=CC3=CC(C(OC)=C5)=C(O5)C=C13,structures/syn_O_NPh_3-OMe_3-Cl.xyz
syn_O_NPh_benz_3-F,C1=C2C=C(N4(C9=CC=CC=C9))C(C(F)=C4)=CC2=CC3=CC(C(C=C7)=C5(C=C7))=C(O5)C=C13,structures/syn_O_NPh_benz_3-F.xyz
syn_O_NPh_benz_diCN,C1=C2C=C(N4(C9=CC=CC=C9))C(C(C#N)=C4(C#N))=CC2=CC3=CC(C(C=C7)=C5(C=C7))=C(O5)C=C13,structures/syn_O_NPh_benz_diCN.xyz
syn_O_NPh_diCl_benz,C1=C2C=C(N4(C9=CC=CC=C9))C(C(C=C6)=C4(C=C6))=CC2=CC3=CC(C(Cl)=C5(Cl))=C(O5)C=C13,structures/syn_O_NPh_diCl_benz.xyz
syn_O_NPh_diCl_C,C1=C2C=C(N4(C9=CC=CC=C9))C(C=C4)=CC2=CC3=CC(C(Cl)=C5(Cl))=C(O5)C=C13,structures/syn_O_NPh_diCl_C.xyz
syn_O_NPh_diOMe_p-OMebenz,C1=C2C=C(N4(C9=CC=CC=C9))C(C(C=C6(OC))=C4(C=C6))=CC2=CC3=CC(C(OC)=C5(OC))=C(O5)C=C13,structures/syn_O_NPh_diOMe_p-OMebenz.xyz
syn_O_NPh_m-CF3benz_m-CF3benz,C1=C2C=C(N4(C9=CC=CC=C9))C(C(C=C6)=C4(C=C6(C(F)(F)(F))))=CC2=CC3=CC(C(C=C7)=C5(C=C7(C(F)(F)(F))))=C(O5)C=C13,structures/syn_O_NPh_m-CF3benz_m-CF3benz.xyz
syn_O_NPh_p-CF3benz_2-OMe,C1=C2C=C(N4(C9=CC=CC=C9))C(C=C4(OC))=CC2=CC3=CC(C(C=C7(C(F)(F)(F)))=C5(C=C7))=C(O5)C=C13,structures/syn_O_NPh_p-CF3benz_2-OMe.xyz
syn_O_O_2-Cl_diCF3,C1=C2C=C(O4)C(C(C(F)(F)(F))=C4(C(F)(F)(F)))=CC2=CC3=CC(C=C5(Cl))=C(O5)C=C13,structures/syn_O_O_2-Cl_diCF3.xyz
syn_O_O_3-CF3_3-CN,C1=C2C=C(O4)C(C(C#N)=C4)=CC2=CC3=CC(C(C(F)(F)(F))=C5)=C(O5)C=C13,structures/syn_O_O_3-CF3_3-CN.xyz
syn_O_O_3-OMe_tetClbenz,C1=C2C=C(O4)C(C(C(Cl)=C6(Cl))=C4(C(Cl)=C6(Cl)))=CC2=CC3=CC(C(OC)=C5)=C(O5)C=C13,structures/syn_O_O_3-OMe_tetClbenz.xyz
syn_O_O_diCF3_p-CNbenz,C1=C2C=C(O4)C(C(C=C6(C#N))=C4(C=C6))=CC2=CC3=CC(C(C(F)(F)(F))=C5(C(F)(F)(F)))=C(O5)C=C13,structures/syn_O_O_diCF3_p-CNbenz.xyz
syn_S_NMe_2-Cl_benz,C1=C2C=C(N4C)C(C(C=C6)=C4(C=C6))=CC2=CC3=CC(C=C5(Cl))=C(S5)C=C13,structures/syn_S_NMe_2-Cl_benz.xyz
syn_S_NMe_2-Cl_m-CNbenz,C1=C2C=C(N4C)C(C(C=C6)=C4(C=C6(C#N)))=CC2=CC3=CC(C=C5(Cl))=C(S5)C=C13,structures/syn_S_NMe_2-Cl_m-CNbenz.xyz
syn_S_NMe_2-OMe_p-CF3benz,C1=C2C=C(N4C)C(C(C=C6(C(F)(F)(F)))=C4(C=C6))=CC2=CC3=CC(C=C5(OC))=C(S5)C=C13,structures/syn_S_NMe_2-OMe_p-CF3benz.xyz
syn_S_NMe_3-CF3_m-CF3benz,C1=C2C=C(N4C)C(C(C=C6)=C4(C=C6(C(F)(F)(F))))=CC2=CC3=CC(C(C(F)(F)(F))=C5)=C(S5)C=C13,structures/syn_S_NMe_3-CF3_m-CF3benz.xyz
syn_S_NMe_3-CN_diF,C1=C2C=C(N4C)C(C(F)=C4(F))=CC2=CC3=CC(C(C#N)=C5)=C(S5)C=C13,structures/syn_S_NMe_3-CN_diF.xyz
syn_S_NMe_C_diCF3,C1=C2C=C(N4C)C(C(C(F)(F)(F))=C4(C(F)(F)(F)))=CC2=CC3=CC(C=C5)=C(S5)C=C13,structures/syn_S_NMe_C_diCF3.xyz
syn_S_NMe_diCl_3-Cl,C1=C2C=C(N4C)C(C(Cl)=C4)=CC2=CC3=CC(C(Cl)=C5(Cl))=C(S5)C=C13,structures/syn_S_NMe_diCl_3-Cl.xyz
syn_S_NMe_diF_C,C1=C2C=C(N4C)C(C=C4)=CC2=CC3=CC(C(F)=C5(F))=C(S5)C=C13,structures/syn_S_NMe_diF_C.xyz
syn_S_NMe_p-CF3benz_diCl,C1=C2C=C(N4C)C(C(Cl)=C4(Cl))=CC2=CC3=CC(C(C=C7(C(F)(F)(F)))=C5(C=C7))=C(S5)C=C13,structures/syn_S_NMe_p-CF3benz_diCl.xyz
syn_S_NMe_tetClbenz_p-OMebenz,C1=C2C=C(N4C)C(C(C=C6(OC))=C4(C=C6))=CC2=CC3=CC(C(C(Cl)=C7(Cl))=C5(C(Cl)=C7(Cl)))=C(S5)C=C13,structures/syn_S_NMe_tetClbenz_p-OMebenz.xyz
syn_S_NPh_2-CF3_m-OMebenz,C1=C2C=C(N4(C9=CC=CC=C9))C(C(C=C6)=C4(C=C6(OC)))=CC2=CC3=CC(C=C5(C(F)(F)(F)))=C(S5)C=C13,structures/syn_S_NPh_2-CF3_m-OMebenz.xyz
syn_S_NPh_2-Cl_2-F,C1=C2C=C(N4(C9=CC=CC=C9))C(C=C4(F))=CC2=CC3=CC(C=C5(Cl))=C(S5)C=C13,structures/syn_S_NPh_2-Cl_2-F.xyz
syn_S_NPh_2-Cl_p-OMebenz,C1=C2C=C(N4(C9=CC=CC=C9))C(C(C=C6(OC))=C4(C=C6))=CC2=CC3=CC(C=C5(Cl))=C(S5)C=C13,structures/syn_S_NPh_2-Cl_p-OMebenz.xyz
syn_S_NPh_2-OMe_tetClbenz,C1=C2C=C(N4(C9=CC=CC=C9))C(C(C(Cl)=C6(Cl))=C4(C(Cl)=C6(Cl)))=CC2=CC3=CC(C=C5(OC))=C(S5)C=C13,structures/syn_S_NPh_2-OMe_tetClbenz.xyz
syn_S_NPh_3-CN_m-OMebenz,C1=C2C=C(N4(C9=CC=CC=C9))C(C(C=C6)=C4(C=C6(OC)))=CC2=CC3=CC(C(C#N)=C5)=C(S5)C=C13,structures/syn_S_NPh_3-CN_m-OMebenz.xyz
syn_S_NPh_diF_3-F,C1=C2C=C(N4(C9=CC=CC=C9))C(C(F)=C4)=CC2=CC3=CC(C(F)=C5(F))=C(S5)C=C13,structures/syn_S_NPh_diF_3-F.xyz
syn_S_NPh_p-CF3benz_tetFbenz,C1=C2C=C(N4(C9=CC=CC=C9))C(C(C(F)=C6(F))=C4(C(F)=C6(F)))=CC2=CC3=CC(C(C=C7(C(F)(F)(F)))=C5(C=C7))=C(S5)C=C13,structures/syn_S_NPh_p-CF3benz_tetFbenz.xyz
syn_S_O_2-CN_diCl,C1=C2C=C(O4)C(C(Cl)=C4(Cl))=CC2=CC3=CC(C=C5(C#N))=C(S5)C=C13,structures/syn_S_O_2-CN_diCl.xyz
syn_S_O_2-F_3-OMe,C1=C2C=C(O4)C(C(OC)=C4)=CC2=CC3=CC(C=C5(F))=C(S5)C=C13,structures/syn_S_O_2-F_3-OMe.xyz
syn_S_O_3-CN_diCF3,C1=C2C=C(O4)C(C(C(F)(F)(F))=C4(C(F)(F)(F)))=CC2=CC3=CC(C(C#N)=C5)=C(S5)C=C13,structures/syn_S_O_3-CN_diCF3.xyz
syn_S_O_diCl_tetFbenz,C1=C2C=C(O4)C(C(C(F)=C6(F))=C4(C(F)=C6(F)))=CC2=CC3=CC(C(Cl)=C5(Cl))=C(S5)C=C13,structures/syn_S_O_diCl_tetFbenz.xyz
syn_S_O_diCN_2-F,C1=C2C=C(O4)C(C=C4(F))=CC2=CC3=CC(C(C#N)=C5(C#N))=C(S5)C=C13,structures/syn_S_O_diCN_2-F.xyz
syn_S_O_diCN_2-OMe,C1=C2C=C(O4)C(C=C4(OC))=CC2=CC3=CC(C(C#N)=C5(C#N))=C(S5)C=C13,structures/syn_S_O_diCN_2-OMe.xyz
syn_S_O_p-OMebenz_2-OMe,C1=C2C=C(O4)C(C=C4(OC))=CC2=CC3=CC(C(C=C7(OC))=C5(C=C7))=C(S5)C=C13,structures/syn_S_O_p-OMebenz_2-OMe.xyz
syn_S_O_tetClbenz_diCF3,C1=C2C=C(O4)C(C(C(F)(F)(F))=C4(C(F)(F)(F)))=CC2=CC3=CC(C(C(Cl)=C7(Cl))=C5(C(Cl)=C7(Cl)))=C(S5)C=C13,structures/syn_S_O_tetClbenz_diCF3.xyz
syn_S_O_tetFbenz_3-OMe,C1=C2C=C(O4)C(C(OC)=C4)=CC2=CC3=CC(C(C(F)=C7(F))=C5(C(F)=C7(F)))=C(S5)C=C13,structures/syn_S_O_tetFbenz_3-OMe.xyz
syn_S_O_tetFbenz_p-CNbenz,C1=C2C=C(O4)C(C(C=C6(C#N))=C4(C=C6))=CC2=CC3=CC(C(C(F)=C7(F))=C5(C(F)=C7(F)))=C(S5)C=C13,structures/syn_S_O_tetFbenz_p-CNbenz.xyz
syn_S_S_2-Cl_3-CN,C1=C2C=C(S4)C(C(C#N)=C4)=CC2=CC3=CC(C=C5(Cl))=C(S5)C=C13,structures/syn_S_S_2-Cl_3-CN.xyz
syn_S_S_3-F_m-CNbenz,C1=C2C=C(S4)C(C(C=C6)=C4(C=C6(C#N)))=CC2=CC3=CC(C(F)=C5)=C(S5)C=C13,structures/syn_S_S_3-F_m-CNbenz.xyz
anti_C_C_2-CF3_diCN,C1=C2C=C(C(C#N)=C4(C#N))C(C=C4)=CC2=CC3=CC(C=C5(C(F)(F)(F)))=C(C=C5)C=C13,structures/anti_C_C_2-CF3_diCN.xyz
anti_C_C_2-Cl_m-OMebenz,C1=C2C=C(C(C=C6)=C4(C=C6(OC)))C(C=C4)=CC2=CC3=CC(C=C5(Cl))=C(C=C5)C=C13,structures/anti_C_C_2-Cl_m-OMebenz.xyz
anti_C_C_3-CF3_tetFbenz,C1=C2C=C(C(C(F)=C6(F))=C4(C(F)=C6(F)))C(C=C4)=CC2=CC3=CC(C(C(F)(F)(F))=C5)=C(C=C5)C=C13,structures/anti_C_C_3-CF3_tetFbenz.xyz
anti_C_C_3-CN_diF,C1=C2C=C(C(F)=C4(F))C(C=C4)=CC2=CC3=CC(C(C#N)=C5)=C(C=C5)C=C13,structures/anti_C_C_3-CN_diF.xyz
anti_C_C_3-F_3-CN,C1=C2C=C(C(C#N)=C4)C(C=C4)=CC2=CC3=CC(C(F)=C5)=C(C=C5)C=C13,structures/anti_C_C_3-F_3-CN.xyz
anti_C_C_diCF3_diCN,C1=C2C=C(C(C#N)=C4(C#N))C(C=C4)=CC2=CC3=CC(C(C(F)(F)(F))=C5(C(F)(F)(F)))=C(C=C5)C=C13,structures/anti_C_C_diCF3_diCN.xyz
anti_C_NMe_2-CF3_3-CF3,C1=C2C=C(C(C(F)(F)(F))=C4)C(N4C)=CC2=CC3=CC(C=C5(C(F)(F)(F)))=C(C=C5)C=C13,structures/anti_C_NMe_2-CF3_3-CF3.xyz
anti_C_NMe_2-OMe_3-F,C1=C2C=C(C(F)=C4)C(N4C)=CC2=CC3=CC(C=C5(OC))=C(C=C5)C=C13,structures/anti_C_NMe_2-OMe_3-F.xyz
anti_C_NMe_3-Cl_2-CF3,C1=C2C=C(C=C4(C(F)(F)(F)))C(N4C)=CC2=CC3=CC(C(Cl)=C5)=C(C=C5)C=C13,structures/anti_C_NMe_3-Cl_2-CF3.xyz
anti_C_NMe_benz_tetFbenz,C1=C2C=C(C(C(F)=C6(F))=C4(C(F)=C6(F)))C(N4C)=CC2=CC3=CC(C(C=C7)=C5(C=C7))=C(C=C5)C=C13,structures/anti_C_NMe_benz_tetFbenz.xyz
anti_C_NMe_diCl_3-CN,C1=C2C=C(C(C#N)=C4)C(N4C)=CC2=CC3=CC(C(Cl)=C5(Cl))=C(C=C5)C=C13,structures/anti_C_NMe_diCl_3-CN.xyz
anti_C_NMe_diCN_3-Cl,C1=C2C=C(C(Cl)=C4)C(N4C)=CC2=CC3=CC(C(C#N)=C5(C#N))=C(C=C5)C=C13,structures/anti_C_NMe_diCN_3-Cl.xyz
anti_C_NMe_diCN_C,C1=C2C=C(C=C4)C(N4C)=CC2=CC3=CC(C(C#N)=C5(C#N))=C(C=C5)C=C13,structures/anti_C_NMe_diCN_C.xyz
anti_C_NMe_m-CNbenz_2-F,C1=C2C=C(C=C4(F))C(N4C)=CC2=CC3=CC(C(C=C7)=C5(C=C7(C#N)))=C(C=C5)C=C13,structures/anti_C_NMe_m-CNbenz_2-F.xyz
anti_C_NMe_m-CNbenz_m-OMebenz,C1=C2C=C(C(C=C6)=C4(C=C6(OC)))C(N4C)=CC2=CC3=CC(C(C=C7)=C5(C=C7(C#N)))=C(C=C5)C=C13,structures/anti_C_NMe_m-CNbenz_m-OMebenz.xyz
anti_C_NMe_p-CF3benz_diCl,C1=C2C=C(C(Cl)=C4(Cl))C(N4C)=CC2=CC3=CC(C(C=C7(C(F)(F)(F)))=C5(C=C7))=C(C=C5)C=C13,structures/anti_C_NMe_p-CF3benz_diCl.xyz
anti_C_NMe_tetFbenz_2-Cl,C1=C2C=C(C=C4(Cl))C(N4C)=CC2=CC3=CC(C(C(F)=C7(F))=C5(C(F)=C7(F)))=C(C=C5)C=C13,structures/anti_C_NMe_tetFbenz_2-Cl.xyz
anti_C_NPh_2-F_m-OMebenz,C1=C2C=C(C(C=C6)=C4(C=C6(OC)))C(N4(C9=CC=CC=C9))=CC2=CC3=CC(C=C5(F))=C(C=C5)C=C13,structures/anti_C_NPh_2-F_m-OMebenz.xyz
anti_C_NPh_2-OMe_benz,C1=C2C=C(C(C=C6)=C4(C=C6))C(N4(C9=CC=CC=C9))=CC2=CC3=CC(C=C5(OC))=C(C=C5)C=C13,structures/anti_C_NPh_2-OMe_benz.xyz
anti_C_NPh_3-CN_2-CN,C1=C2C=C(C=C4(C#N))C(N4(C9=CC=CC=C9))=CC2=CC3=CC(C(C#N)=C5)=C(C=C5)C=C13,structures/anti_C_NPh_3-CN_2-CN.xyz
anti_C_NPh_diCF3_2-F,C1=C2C=C(C=C4(F))C(N4(C9=CC=CC=C9))=CC2=CC3=CC(C(C(F)(F)(F))=C5(C(F)(F)(F)))=C(C=C5)C=C13,structures/anti_C_NPh_diCF3_2-F.xyz
anti_C_NPh_tetClbenz_diCF3,C1=C2C=C(C(C(F)(F)(F))=C4(C(F)(F)(F)))C(N4(C9=CC=CC=C9))=CC2=CC3=CC(C(C(Cl)=C7(Cl))=C5(C(Cl)=C7(Cl)))=C(C=C5)C=C13,structures/anti_C_NPh_tetClbenz_diCF3.xyz
anti_C_O_2-CF3_diCl,C1=C2C=C(C(Cl)=C4(Cl))C(O4)=CC2=CC3=CC(C=C5(C(F)(F)(F)))=C(C=C5)C=C13,structures/anti_C_O_2-CF3_diCl.xyz
anti_C_O_2-Cl_tetFbenz,C1=C2C=C(C(C(F)=C6(F))=C4(C(F)=C6(F)))C(O4)=CC2=CC3=CC(C=C5(Cl))=C(C=C5)C=C13,structures/anti_C_O_2-Cl_tetFbenz.xyz
anti_C_O_2-F_2-CN,C1=C2C=C(C=C4(C#N))C(O4)=CC2=CC3=CC(C=C5(F))=C(C=C5)C=C13,structures/anti_C_O_2-F_2-CN.xyz
anti_C_O_3-OMe_tetFbenz,C1=C2C=C(C(C(F)=C6(F))=C4(C(F)=C6(F)))C(O4)=CC2=CC3=CC(C(OC)=C5)=C(C=C5)C=C13,structures/anti_C_O_3-OMe_tetFbenz.xyz
anti_C_O_diCF3_p-OMebenz,C1=C2C=C(C(C=C6(OC))=C4(C=C6))C(O4)=CC2=CC3=CC(C(C(F)(F)(F))=C5(C(F)(F)(F)))=C(C=C5)C=C13,structures/anti_C_O_diCF3_p-OMebenz.xyz
anti_C_O_diCl_tetClbenz,C1=C2C=C(C(C(Cl)=C6(Cl))=C4(C(Cl)=C6(Cl)))C(O4)=CC2=CC3=CC(C(Cl)=C5(Cl))=C(C=C5)C=C13,structures/anti_C_O_diCl_tetClbenz.xyz
anti_C_O_diCN_3-F,C1=C2C=C(C(F)=C4)C(O4)=CC2=CC3=CC(C(C#N)=C5(C#N))=C(C=C5)C=C13,structures/anti_C_O_diCN_3-F.xyz
anti_C_O_m-CNbenz_diF,C1=C2C=C(C(F)=C4(F))C(O4)=CC2=CC3=CC(C(C=C7)=C5(C=C7(C#N)))=C(C=C5)C=C13,structures/anti_C_O_m-CNbenz_diF.xyz
anti_C_O_p-CF3benz_diOMe,C1=C2C=C(C(OC)=C4(OC))C(O4)=CC2=CC3=CC(C(C=C7(C(F)(F)(F)))=C5(C=C7))=C(C=C5)C=C13,structures/anti_C_O_p-CF3benz_diOMe.xyz
anti_C_O_p-CNbenz_m-CF3benz,C1=C2C=C(C(C=C6)=C4(C=C6(C(F)(F)(F))))C(O4)=CC2=CC3=CC(C(C=C7(C#N))=C5(C=C7))=C(C=C5)C=C13,structures/anti_C_O_p-CNbenz_m-CF3benz.xyz
anti_C_S_2-OMe_diCN,C1=C2C=C(C(C#N)=C4(C#N))C(S4)=CC2=CC3=CC(C=C5(OC))=C(C=C5)C=C13,structures/anti_C_S_2-OMe_diCN.xyz
anti_C_S_diCl_diCN,C1=C2C=C(C(C#N)=C4(C#N))C(S4)=CC2=CC3=CC(C(Cl)=C5(Cl))=C(C=C5)C=C13,structures/anti_C_S_diCl_diCN.xyz
anti_C_S_diOMe_m-CNbenz,C1=C2C=C(C(C=C6)=C4(C=C6(C#N)))C(S4)=CC2=CC3=CC(C(OC)=C5(OC))=C(C=C5)C=C13,structures/anti_C_S_diOMe_m-CNbenz.xyz
anti_C_S_m-CNbenz_2-CF3,C1=C2C=C(C=C4(C(F)(F)(F)))C(S4)=CC2=CC3=CC(C(C=C7)=C5(C=C7(C#N)))=C(C=C5)C=C13,structures/anti_C_S_m-CNbenz_2-CF3.xyz
anti_C_S_p-OMebenz_m-CNbenz,C1=C2C=C(C(C=C6)=C4(C=C6(C#N)))C(S4)=CC2=CC3=CC(C(C=C7(OC))=C5(C=C7))=C(C=C5)C=C13,structures/anti_C_S_p-OMebenz_m-CNbenz.xyz
anti_C_S_tetFbenz_p-CNbenz,C1=C2C=C(C(C=C6(C#N))=C4(C=C6))C(S4)=CC2=CC3=CC(C(C(F)=C7(F))=C5(C(F)=C7(F)))=C(C=C5)C=C13,structures/anti_C_S_tetFbenz_p-CNbenz.xyz
anti_NMe_NMe_2-CF3_2-CN,C1=C2C=C(C=C4(C#N))C(N4C)=CC2=CC3=CC(C=C5(C(F)(F)(F)))=C(N5C)C=C13,structures/anti_NMe_NMe_2-CF3_2-CN.xyz
anti_NMe_NMe_2-Cl_m-CF3benz,C1=C2C=C(C(C=C6)=C4(C=C6(C(F)(F)(F))))C(N4C)=CC2=CC3=CC(C=C5(Cl))=C(N5C)C=C13,structures/anti_NMe_NMe_2-Cl_m-CF3benz.xyz
anti_NMe_NMe_2-CN_2-CN,C1=C2C=C(C=C4(C#N))C(N4C)=CC2=CC3=CC(C=C5(C#N))=C(N5C)C=C13,structures/anti_NMe_NMe_2-CN_2-CN.xyz
anti_NMe_NMe_diCF3_m-CNbenz,C1=C2C=C(C(C=C6)=C4(C=C6(C#N)))C(N4C)=CC2=CC3=CC(C(C(F)(F)(F))=C5(C(F)(F)(F)))=C(N5C)C=C13,structures/anti_NMe_NMe_diCF3_m-CNbenz.xyz
anti_NMe_NPh_3-CF3_2-Cl,C1=C2C=C(C=C4(Cl))C(N4(C9=CC=CC=C9))=CC2=CC3=CC(C(C(F)(F)(F))=C5)=C(N5C)C=C13,structures/anti_NMe_NPh_3-CF3_2-Cl.xyz
anti_NMe_NPh_m-CF3benz_m-OMebenz,C1=C2C=C(C(C=C6)=C4(C=C6(OC)))C(N4(C9=CC=CC=C9))=CC2=CC3=CC(C(C=C7)=C5(C=C7(C(F)(F)(F))))=C(N5C)C=C13,structures/anti_NMe_NPh_m-CF3benz_m-OMebenz.xyz
anti_NMe_NPh_p-OMebenz_2-F,C1=C2C=C(C=C4(F))C(N4(C9=CC=CC=C9))=CC2=CC3=CC(C(C=C7(OC))=C5(C=C7))=C(N5C)C=C13,structures/anti_NMe_NPh_p-OMebenz_2-F.xyz
anti_NPh_NPh_2-OMe_2-OMe,C1=C2C=C(C=C4(OC))C(N4(C9=CC=CC=C9))=CC2=CC3=CC(C=C5(OC))=C(N5(C8=CC=CC=C8))C=C13,structures/anti_NPh_NPh_2-OMe_2-OMe.xyz
anti_NPh_NPh_3-F_tetClbenz,C1=C2C=C(C(C(Cl)=C6(Cl))=C4(C(Cl)=C6(Cl)))C(N4(C9=CC=CC=C9))=CC2=CC3=CC(C(F)=C5)=C(N5(C8=CC=CC=C8))C=C13,structures/anti_NPh_NPh_3-F_tetClbenz.xyz
anti_NPh_NPh_3-OMe_diCF3,C1=C2C=C(C(C(F)(F)(F))=C4(C(F)(F)(F)))C(N4(C9=CC=CC=C9))=CC2=CC3=CC(C(OC)=C5)=C(N5(C8=CC=CC=C8))C=C13,structures/anti_NPh_NPh_3-OMe_diCF3.xyz
anti_NPh_NPh_C_diCF3,C1=C2C=C(C(C(F)(F)(F))=C4(C(F)(F)(F)))C(N4(C9=CC=CC=C9))=CC2=CC3=CC(C=C5)=C(N5(C8=CC=CC=C8))C=C13,structures/anti_NPh_NPh_C_diCF3.xyz
anti_O_NMe_2-CF3_m-CF3benz,C1=C2C=C(C(C=C6)=C4(C=C6(C(F)(F)(F))))C(N4C)=CC2=CC3=CC(C=C5(C(F)(F)(F)))=C(O5)C=C13,structures/anti_O_NMe_2-CF3_m-CF3benz.xyz
anti_O_NMe_2-OMe_benz,C1=C2C=C(C(C=C6)=C4(C=C6))C(N4C)=CC2=CC3=CC(C=C5(OC))=C(O5)C=C13,structures/anti_O_NMe_2-OMe_benz.xyz
anti_O_NMe_diCl_m-CNbenz,C1=C2C=C(C(C=C6)=C4(C=C6(C#N)))C(N4C)=CC2=CC3=CC(C(Cl)=C5(Cl))=C(O5)C=C13,structures/anti_O_NMe_diCl_m-CNbenz.xyz
anti_O_NMe_diCN_m-CNbenz,C1=C2C=C(C(C=C6)=C4(C=C6(C#N)))C(N4C)=CC2=CC3=CC(C(C#N)=C5(C#N))=C(O5)C=C13,structures/anti_O_NMe_diCN_m-CNbenz.xyz
anti_O_NMe_m-CNbenz_2-CN,C1=C2C=C(C=C4(C#N))C(N4C)=CC2=CC3=CC(C(C=C7)=C5(C=C7(C#N)))=C(O5)C=C13,structures/anti_O_NMe_m-CNbenz_2-CN.xyz
anti_O_NMe_p-CF3benz_2-Cl,C1=C2C=C(C=C4(Cl))C(N4C)=CC2=CC3=CC(C(C=C7(C(F)(F)(F)))=C5(C=C7))=C(O5)C=C13,structures/anti_O_NMe_p-CF3benz_2-Cl.xyz
anti_O_NMe_p-CNbenz_3-OMe,C1=C2C=C(C(OC)=C4)C(N4C)=CC2=CC3=CC(C(C=C7(C#N))=C5(C=C7))=C(O5)C=C13,structures/anti_O_NMe_p-CNbenz_3-OMe.xyz
anti_O_NMe_p-OMebenz_2-OMe,C1=C2C=C(C=C4(OC))C(N4C)=CC2=CC3=CC(C(C=C7(OC))=C5(C=C7))=C(O5)C=C13,structures/anti_O_NMe_p-OMebenz_2-OMe.xyz
anti_O_NMe_p-OMebenz_benz,C1=C2C=C(C(C=C6)=C4(C=C6))C(N4C)=CC2=CC3=CC(C(C=C7(OC))=C5(C=C7))=C(O5)C=C13,structures/anti_O_NMe_p-OMebenz_benz.xyz
anti_O_NMe_tetFbenz_2-CF3,C1=C2C=C(C=C4(C(F)(F)(F)))C(N4C)=CC2=CC3=CC(C(C(F)=C7(F))=C5(C(F)=C7(F)))=C(O5)C=C13,structures/anti_O_NMe_tetFbenz_2-CF3.xyz
anti_O_NPh_3-CF3_3-F,C1=C2C=C(C(F)=C4)C(N4(C9=CC=CC=C9))=CC2=CC3=CC(C(C(F)(F)(F))=C5)=C(O5)C=C13,structures/anti_O_NPh_3-CF3_3-F.xyz
anti_O_NPh_3-CF3_tetFbenz,C1=C2C=C(C(C(F)=C6(F))=C4(C(F)=C6(F)))C(N4(C9=CC=CC=C9))=CC2=CC3=CC(C(C(F)(F)(F))=C5)=C(O5)C=C13,structures/anti_O_NPh_3-CF3_tetFbenz.xyz
anti_O_NPh_3-Cl_p-CF3benz,C1=C2C=C(C(C=C6(C(F)(F)(F)))=C4(C=C6))C(N4(C9=CC=CC=C9))=CC2=CC3=CC(C(Cl)=C5)=C(O5)C=C13,structures/anti_O_NPh_3-Cl_p-CF3benz.xyz
anti_O_NPh_3-CN_2-CN,C1=C2C=C(C=C4(C#N))C(N4(C9=CC=CC=C9))=CC2=CC3=CC(C(C#N)=C5)=C(O5)C=C13,structures/anti_O_NPh_3-CN_2-CN.xyz
anti_O_NPh_C_m-OMebenz,C1=C2C=C(C(C=C6)=C4(C=C6(OC)))C(N4(C9=CC=CC=C9))=CC2=CC3=CC(C=C5)=C(O5)C=C13,structures/anti_O_NPh_C_m-OMebenz.xyz
anti_O_O_2-F_m-CNbenz,C1=C2C=C(C(C=C6)=C4(C=C6(C#N)))C(O4)=CC2=CC3=CC(C=C5(F))=C(O5)C=C13,structures/anti_O_O_2-F_m-CNbenz.xyz
anti_O_O_3-OMe_p-OMebenz,C1=C2C=C(C(C=C6(OC))=C4(C=C6))C(O4)=CC2=CC3=CC(C(OC)=C5)=C(O5)C=C13,structures/anti_O_O_3-OMe_p-OMebenz.xyz
anti_O_O_C_m-OMebenz,C1=C2C=C(C(C=C6)=C4(C=C6(OC)))C(O4)=CC2=CC3=CC(C=C5)=C(O5)C=C13,structures/anti_O_O_C_m-OMebenz.xyz
anti_O_O_diOMe_diOMe,C1=C2C=C(C(OC)=C4(OC))C(O4)=CC2=CC3=CC(C(OC)=C5(OC))=C(O5)C=C13,structures/anti_O_O_diOMe_diOMe.xyz
anti_O_O_tetFbenz_m-OMebenz,C1=C2C=C(C(C=C6)=C4(C=C6(OC)))C(O4)=CC2=CC3=CC(C(C(F)=C7(F))=C5(C(F)=C7(F)))=C(O5)C=C13,structures/anti_O_O_tetFbenz_m-OMebenz.xyz
anti_S_NMe_2-Cl_diCF3,C1=C2C=C(C(C(F)(F)(F))=C4(C(F)(F)(F)))C(N4C)=CC2=CC3=CC(C=C5(Cl))=C(S5)C=C13,structures/anti_S_NMe_2-Cl_diCF3.xyz
anti_S_NMe_2-OMe_diCl,C1=C2C=C(C(Cl)=C4(Cl))C(N4C)=CC2=CC3=CC(C=C5(OC))=C(S5)C=C13,structures/anti_S_NMe_2-OMe_diCl.xyz
anti_S_NMe_3-Cl_diCN,C1=C2C=C(C(C#N)=C4(C#N))C(N4C)=CC2=CC3=CC(C(Cl)=C5)=C(S5)C=C13,structures/anti_S_NMe_3-Cl_diCN.xyz
anti_S_NMe_3-OMe_m-CF3benz,C1=C2C=C(C(C=C6)=C4(C=C6(C(F)(F)(F))))C(N4C)=CC2=CC3=CC(C(OC)=C5)=C(S5)C=C13,structures/anti_S_NMe_3-OMe_m-CF3benz.xyz
anti_S_NMe_diCF3_p-OMebenz,C1=C2C=C(C(C=C6(OC))=C4(C=C6))C(N4C)=CC2=CC3=CC(C(C(F)(F)(F))=C5(C(F)(F)(F)))=C(S5)C=C13,structures/anti_S_NMe_diCF3_p-OMebenz.xyz
anti_S_NMe_diF_tetFbenz,C1=C2C=C(C(C(F)=C6(F))=C4(C(F)=C6(F)))C(N4C)=CC2=CC3=CC(C(F)=C5(F))=C(S5)C=C13,structures/anti_S_NMe_diF_tetFbenz.xyz
anti_S_NMe_m-CNbenz_2-F,C1=C2C=C(C=C4(F))C(N4C)=CC2=CC3=CC(C(C=C7)=C5(C=C7(C#N)))=C(S5)C=C13,structures/anti_S_NMe_m-CNbenz_2-F.xyz
anti_S_NMe_p-CF3benz_m-CF3benz,C1=C2C=C(C(C=C6)=C4(C=C6(C(F)(F)(F))))C(N4C)=CC2=CC3=CC(C(C=C7(C(F)(F)(F)))=C5(C=C7))=C(S5)C=C13,structures/anti_S_NMe_p-CF3benz_m-CF3benz.xyz
anti_S_NMe_tetClbenz_2-Cl,C1=C2C=C(C=C4(Cl))C(N4C)=CC2=CC3=CC(C(C(Cl)=C7(Cl))=C5(C(Cl)=C7(Cl)))=C(S5)C=C13,structures/anti_S_NMe_tetClbenz_2-Cl.xyz
anti_S_NPh_2-Cl_p-OMebenz,C1=C2C=C(C(C=C6(OC))=C4(C=C6))C(N4(C9=CC=CC=C9))=CC2=CC3=CC(C=C5(Cl))=C(S5)C=C13,structures/anti_S_NPh_2-Cl_p-OMebenz.xyz
anti_S_NPh_2-CN_m-CF3benz,C1=C2C=C(C(C=C6)=C4(C=C6(C(F)(F)(F))))C(N4(C9=CC=CC=C9))=CC2=CC3=CC(C=C5(C#N))=C(S5)C=C13,structures/anti_S_NPh_2-CN_m-CF3benz.xyz
anti_S_NPh_2-OMe_p-CNbenz,C1=C2C=C(C(C=C6(C#N))=C4(C=C6))C(N4(C9=CC=CC=C9))=CC2=CC3=CC(C=C5(OC))=C(S5)C=C13,structures/anti_S_NPh_2-OMe_p-CNbenz.xyz
anti_S_NPh_3-CF3_3-Cl,C1=C2C=C(C(Cl)=C4)C(N4(C9=CC=CC=C9))=CC2=CC3=CC(C(C(F)(F)(F))=C5)=C(S5)C=C13,structures/anti_S_NPh_3-CF3_3-Cl.xyz
anti_S_NPh_3-F_p-CNbenz,C1=C2C=C(C(C=C6(C#N))=C4(C=C6))C(N4(C9=CC=CC=C9))=CC2=CC3=CC(C(F)=C5)=C(S5)C=C13,structures/anti_S_NPh_3-F_p-CNbenz.xyz
anti_S_NPh_3-OMe_p-OMebenz,C1=C2C=C(C(C=C6(OC))=C4(C=C6))C(N4(C9=CC=CC=C9))=CC2=CC3=CC(C(OC)=C5)=C(S5)C=C13,structures/anti_S_NPh_3-OMe_p-OMebenz.xyz
anti_S_NPh_benz_diCN,C1=C2C=C(C(C#N)=C4(C#N))C(N4(C9=CC=CC=C9))=CC2=CC3=CC(C(C=C7)=C5(C=C7))=C(S5)C=C13,structures/anti_S_NPh_benz_diCN.xyz
anti_S_NPh_C_p-OMebenz,C1=C2C=C(C(C=C6(OC))=C4(C=C6))C(N4(C9=CC=CC=C9))=CC2=CC3=CC(C=C5)=C(S5)C=C13,structures/anti_S_NPh_C_p-OMebenz.xyz
anti_S_NPh_diCF3_diCl,C1=C2C=C(C(Cl)=C4(Cl))C(N4(C9=CC=CC=C9))=CC2=CC3=CC(C(C(F)(F)(F))=C5(C(F)(F)(F)))=C(S5)C=C13,structures/anti_S_NPh_diCF3_diCl.xyz
anti_S_NPh_diCl_2-OMe,C1=C2C=C(C=C4(OC))C(N4(C9=CC=CC=C9))=CC2=CC3=CC(C(Cl)=C5(Cl))=C(S5)C=C13,structures/anti_S_NPh_diCl_2-OMe.xyz
anti_S_NPh_m-CNbenz_tetClbenz,C1=C2C=C(C(C(Cl)=C6(Cl))=C4(C(Cl)=C6(Cl)))C(N4(C9=CC=CC=C9))=CC2=CC3=CC(C(C=C7)=C5(C=C7(C#N)))=C(S5)C=C13,structures/anti_S_NPh_m-CNbenz_tetClbenz.xyz
anti_S_NPh_p-CNbenz_3-F,C1=C2C=C(C(F)=C4)C(N4(C9=CC=CC=C9))=CC2=CC3=CC(C(C=C7(C#N))=C5(C=C7))=C(S5)C=C13,structures/anti_S_NPh_p-CNbenz_3-F.xyz
anti_S_NPh_p-OMebenz_benz,C1=C2C=C(C(C=C6)=C4(C=C6))C(N4(C9=CC=CC=C9))=CC2=CC3=CC(C(C=C7(OC))=C5(C=C7))=C(S5)C=C13,structures/anti_S_NPh_p-OMebenz_benz.xyz
anti_S_O_2-Cl_tetClbenz,C1=C2C=C(C(C(Cl)=C6(Cl))=C4(C(Cl)=C6(Cl)))C(O4)=CC2=CC3=CC(C=C5(Cl))=C(S5)C=C13,structures/anti_S_O_2-Cl_tetClbenz.xyz
anti_S_O_2-F_m-CF3benz,C1=C2C=C(C(C=C6)=C4(C=C6(C(F)(F)(F))))C(O4)=CC2=CC3=CC(C=C5(F))=C(S5)C=C13,structures/anti_S_O_2-F_m-CF3benz.xyz
anti_S_O_benz_3-Cl,C1=C2C=C(C(Cl)=C4)C(O4)=CC2=CC3=CC(C(C=C7)=C5(C=C7))=C(S5)C=C13,structures/anti_S_O_benz_3-Cl.xyz
anti_S_O_benz_diCN,C1=C2C=C(C(C#N)=C4(C#N))C(O4)=CC2=CC3=CC(C(C=C7)=C5(C=C7))=C(S5)C=C13,structures/anti_S_O_benz_diCN.xyz
anti_S_O_benz_diOMe,C1=C2C=C(C(OC)=C4(OC))C(O4)=CC2=CC3=CC(C(C=C7)=C5(C=C7))=C(S5)C=C13,structures/anti_S_O_benz_diOMe.xyz
anti_S_O_diCl_3-OMe,C1=C2C=C(C(OC)=C4)C(O4)=CC2=CC3=CC(C(Cl)=C5(Cl))=C(S5)C=C13,structures/anti_S_O_diCl_3-OMe.xyz
anti_S_O_m-CF3benz_3-OMe,C1=C2C=C(C(OC)=C4)C(O4)=CC2=CC3=CC(C(C=C7)=C5(C=C7(C(F)(F)(F))))=C(S5)C=C13,structures/anti_S_O_m-CF3benz_3-OMe.xyz
anti_S_O_m-CNbenz_diCF3,C1=C2C=C(C(C(F)(F)(F))=C4(C(F)(F)(F)))C(O4)=CC2=CC3=CC(C(C=C7)=C5(C=C7(C#N)))=C(S5)C=C13,structures/anti_S_O_m-CNbenz_diCF3.xyz
anti_S_O_m-OMebenz_diOMe,C1=C2C=C(C(OC)=C4(OC))C(O4)=CC2=CC3=CC(C(C=C7)=C5(C=C7(OC)))=C(S5)C=C13,structures/anti_S_O_m-OMebenz_diOMe.xyz
anti_S_O_p-CNbenz_m-CF3benz,C1=C2C=C(C(C=C6)=C4(C=C6(C(F)(F)(F))))C(O4)=CC2=CC3=CC(C(C=C7(C#N))=C5(C=C7))=C(S5)C=C13,structures/anti_S_O_p-CNbenz_m-CF3benz.xyz
anti_S_O_tetFbenz_3-CN,C1=C2C=C(C(C#N)=C4)C(O4)=CC2=CC3=CC(C(C(F)=C7(F))=C5(C(F)=C7(F)))=C(S5)C=C13,structures/anti_S_O_tetFbenz_3-CN.xyz
anti_S_S_2-CF3_3-Cl,C1=C2C=C(C(Cl)=C4)C(S4)=CC2=CC3=CC(C=C5(C(F)(F)(F)))=C(S5)C=C13,structures/anti_S_S_2-CF3_3-Cl.xyz
anti_S_S_2-CF3_diCF3,C1=C2C=C(C(C(F)(F)(F))=C4(C(F)(F)(F)))C(S4)=CC2=CC3=CC(C=C5(C(F)(F)(F)))=C(S5)C=C13,structures/anti_S_S_2-CF3_diCF3.xyz
anti_S_S_2-CN_diCF3,C1=C2C=C(C(C(F)(F)(F))=C4(C(F)(F)(F)))C(S4)=CC2=CC3=CC(C=C5(C#N))=C(S5)C=C13,structures/anti_S_S_2-CN_diCF3.xyz
anti_S_S_2-F_3-OMe,C1=C2C=C(C(OC)=C4)C(S4)=CC2=CC3=CC(C=C5(F))=C(S5)C=C13,structures/anti_S_S_2-F_3-OMe.xyz
anti_S_S_C_3-Cl,C1=C2C=C(C(Cl)=C4)C(S4)=CC2=CC3=CC(C=C5)=C(S5)C=C13,structures/anti_S_S_C_3-Cl.xyz
anti_S_S_diCN_tetClbenz,C1=C2C=C(C(C(Cl)=C6(Cl))=C4(C(Cl)=C6(Cl)))C(S4)=CC2=CC3=CC(C(C#N)=C5(C#N))=C(S5)C=C13,structures/anti_S_S_diCN_tetClbenz.xyz
anti_S_S_tetClbenz_m-OMebenz,C1=C2C=C(C(C=C6)=C4(C=C6(OC)))C(S4)=CC2=CC3=CC(C(C(Cl)=C7(Cl))=C5(C(Cl)=C7(Cl)))=C(S5)C=C13,structures/anti_S_S_tetClbenz_m-OMebenz.xyz
asym_C_C,C1=C2C=CC=CC2=CC3=CC(C=C5)=C(C=C5)C=C13,structures/asym_C_C.xyz
asym_S_2-F,C1=C2C=CC=CC2=CC3=CC(C=C5(F))=C(S5)C=C13,structures/asym_S_2-F.xyz
syn_C_C_3-Cl_p-CF3benz,C1=C2C=C(C=C4)C(C(C=C6(C(F)(F)(F)))=C4(C=C6))=CC2=CC3=CC(C(Cl)=C5)=C(C=C5)C=C13,structures/syn_C_C_3-Cl_p-CF3benz.xyz
syn_C_C_3-OMe_diCl,C1=C2C=C(C=C4)C(C(Cl)=C4(Cl))=CC2=CC3=CC(C(OC)=C5)=C(C=C5)C=C13,structures/syn_C_C_3-OMe_diCl.xyz
syn_C_C_benz_tetClbenz,C1=C2C=C(C=C4)C(C(C(Cl)=C6(Cl))=C4(C(Cl)=C6(Cl)))=CC2=CC3=CC(C(C=C7)=C5(C=C7))=C(C=C5)C=C13,structures/syn_C_C_benz_tetClbenz.xyz
syn_C_C_p-OMebenz_m-CNbenz,C1=C2C=C(C=C4)C(C(C=C6)=C4(C=C6(C#N)))=CC2=CC3=CC(C(C=C7(OC))=C5(C=C7))=C(C=C5)C=C13,structures/syn_C_C_p-OMebenz_m-CNbenz.xyz
syn_C_NMe_2-CF3_p-CF3benz,C1=C2C=C(N4C)C(C(C=C6(C(F)(F)(F)))=C4(C=C6))=CC2=CC3=CC(C=C5(C(F)(F)(F)))=C(C=C5)C=C13,structures/syn_C_NMe_2-CF3_p-CF3benz.xyz
syn_C_NMe_2-Cl_m-CF3benz,C1=C2C=C(N4C)C(C(C=C6)=C4(C=C6(C(F)(F)(F))))=CC2=CC3=CC(C=C5(Cl))=C(C=C5)C=C13,structures/syn_C_NMe_2-Cl_m-CF3benz.xyz
syn_C_NMe_3-F_2-CN,C1=C2C=C(N4C)C(C=C4(C#N))=CC2=CC3=CC(C(F)=C5)=C(C=C5)C=C13,structures/syn_C_NMe_3-F_2-CN.xyz
syn_C_NMe_benz_2-F,C1=C2C=C(N4C)C(C=C4(F))=CC2=CC3=CC(C(C=C7)=C5(C=C7))=C(C=C5)C=C13,structures/syn_C_NMe_benz_2-F.xyz
syn_C_NMe_benz_3-CF3,C1=C2C=C(N4C)C(C(C(F)(F)(F))=C4)=CC2=CC3=CC(C(C=C7)=C5(C=C7))=C(C=C5)C=C13,structures/syn_C_NMe_benz_3-CF3.xyz
syn_C_NMe_diCl_2-F,C1=C2C=C(N4C)C(C=C4(F))=CC2=CC3=CC(C(Cl)=C5(Cl))=C(C=C5)C=C13,structures/syn_C_NMe_diCl_2-F.xyz
syn_C_NMe_diF_m-OMebenz,C1=C2C=C(N4C)C(C(C=C6)=C4(C=C6(OC)))=CC2=CC3=CC(C(F)=C5(F))=C(C=C5)C=C13,structures/syn_C_NMe_diF_m-OMebenz.xyz
syn_C_NMe_diOMe_3-CF3,C1=C2C=C(N4C)C(C(C(F)(F)(F))=C4)=CC2=CC3=CC(C(OC)=C5(OC))=C(C=C5)C=C13,structures/syn_C_NMe_diOMe_3-CF3.xyz
syn_C_NMe_p-CF3benz_tetClbenz,C1=C2C=C(N4C)C(C(C(Cl)=C6(Cl))=C4(C(Cl)=C6(Cl)))=CC2=CC3=CC(C(C=C7(C(F)(F)(F)))=C5(C=C7))=C(C=C5)C=C13,structures/syn_C_NMe_p-CF3benz_tetClbenz.xyz
syn_C_NPh_diCl_3-F,C1=C2C=C(N4(C9=CC=CC=C9))C(C(F)=C4)=CC2=CC3=CC(C(Cl)=C5(Cl))=C(C=C5)C=C13,structures/syn_C_NPh_diCl_3-F.xyz
syn_C_NPh_diF_p-OMebenz,C1=C2C=C(N4(C9=CC=CC=C9))C(C(C=C6(OC))=C4(C=C6))=CC2=CC3=CC(C(F)=C5(F))=C(C=C5)C=C13,structures/syn_C_NPh_diF_p-OMebenz.xyz
syn_C_NPh_p-CF3benz_3-CF3,C1=C2C=C(N4(C9=CC=CC=C9))C(C(C(F)(F)(F))=C4)=CC2=CC3=CC(C(C=C7(C(F)(F)(F)))=C5(C=C7))=C(C=C5)C=C13,structures/syn_C_NPh_p-CF3benz_3-CF3.xyz
syn_C_NPh_p-OMebenz_m-OMebenz,C1=C2C=C(N4(C9=CC=CC=C9))C(C(C=C6)=C4(C=C6(OC)))=CC2=CC3=CC(C(C=C7(OC))=C5(C=C7))=C(C=C5)C=C13,structures/syn_C_NPh_p-OMebenz_m-OMebenz.xyz
syn_C_O_3-Cl_2-CN,C1=C2C=C(O4)C(C=C4(C#N))=CC2=CC3=CC(C(Cl)=C5)=C(C=C5)C=C13,structures/syn_C_O_3-Cl_2-CN.xyz
syn_C_O_3-F_m-OMebenz,C1=C2C=C(O4)C(C(C=C6)=C4(C=C6(OC)))=CC2=CC3=CC(C(F)=C5)=C(C=C5)C=C13,structures/syn_C_O_3-F_m-OMebenz.xyz
syn_C_O_diF_p-CNbenz,C1=C2C=C(O4)C(C(C=C6(C#N))=C4(C=C6))=CC2=CC3=CC(C(F)=C5(F))=C(C=C5)C=C13,structures/syn_C_O_diF_p-CNbenz.xyz
syn_C_O_diOMe_benz,C1=C2C=C(O4)C(C(C=C6)=C4(C=C6))=CC2=CC3=CC(C(OC)=C5(OC))=C(C=C5)C=C13,structures/syn_C_O_diOMe_benz.xyz
syn_C_O_m-CF3benz_m-OMebenz,C1=C2C=C(O4)C(C(C=C6)=C4(C=C6(OC)))=CC2=CC3=CC(C(C=C7)=C5(C=C7(C(F)(F)(F))))=C(C=C5)C=C13,structures/syn_C_O_m-CF3benz_m-OMebenz.xyz
syn_C_O_tetClbenz_2-Cl,C1=C2C=C(O4)C(C=C4(Cl))=CC2=CC3=CC(C(C(Cl)=C7(Cl))=C5(C(Cl)=C7(Cl)))=C(C=C5)C=C13,structures/syn_C_O_tetClbenz_2-Cl.xyz
syn_C_O_tetClbenz_p-CF3benz,C1=C2C=C(O4)C(C(C=C6(C(F)(F)(F)))=C4(C=C6))=CC2=CC3=CC(C(C(Cl)=C7(Cl))=C5(C(Cl)=C7(Cl)))=C(C=C5)C=C13,structures/syn_C_O_tetClbenz_p-CF3benz.xyz
syn_C_S_2-CF3_p-CNbenz,C1=C2C=C(S4)C(C(C=C6(C#N))=C4(C=C6))=CC2=CC3=CC(C=C5(C(F)(F)(F)))=C(C=C5)C=C13,structures/syn_C_S_2-CF3_p-CNbenz.xyz
syn_C_S_2-OMe_p-CNbenz,C1=C2C=C(S4)C(C(C=C6(C#N))=C4(C=C6))=CC2=CC3=CC(C=C5(OC))=C(C=C5)C=C13,structures/syn_C_S_2-OMe_p-CNbenz.xyz
syn_C_S_3-Cl_3-CF3,C1=C2C=C(S4)C(C(C(F)(F)(F))=C4)=CC2=CC3=CC(C(Cl)=C5)=C(C=C5)C=C13,structures/syn_C_S_3-Cl_3-CF3.xyz
syn_C_S_C_3-CF3,C1=C2C=C(S4)C(C(C(F)(F)(F))=C4)=CC2=CC3=CC(C=C5)=C(C=C5)C=C13,structures/syn_C_S_C_3-CF3.xyz
syn_C_S_diCF3_3-CN,C1=C2C=C(S4)C(C(C#N)=C4)=CC2=CC3=CC(C(C(F)(F)(F))=C5(C(F)(F)(F)))=C(C=C5)C=C13,structures/syn_C_S_diCF3_3-CN.xyz
syn_C_S_diCF3_m-CF3benz,C1=C2C=C(S4)C(C(C=C6)=C4(C=C6(C(F)(F)(F))))=CC2=CC3=CC(C(C(F)(F)(F))=C5(C(F)(F)(F)))=C(C=C5)C=C13,structures/syn_C_S_diCF3_m-CF3benz.xyz
syn_C_S_p-OMebenz_2-CF3,C1=C2C=C(S4)C(C=C4(C(F)(F)(F)))=CC2=CC3=CC(C(C=C7(OC))=C5(C=C7))=C(C=C5)C=C13,structures/syn_C_S_p-OMebenz_2-CF3.xyz
syn_NMe_NMe_2-F_2-F,C1=C2C=C(N4C)C(C=C4(F))=CC2=CC3=CC(C=C5(F))=C(N5C)C=C13,structures/syn_NMe_NMe_2-F_2-F.xyz
syn_NMe_NMe_benz_tetClbenz,C1=C2C=C(N4C)C(C(C(Cl)=C6(Cl))=C4(C(Cl)=C6(Cl)))=CC2=CC3=CC(C(C=C7)=C5(C=C7))=C(N5C)C=C13,structures/syn_NMe_NMe_benz_tetClbenz.xyz
syn_NMe_NMe_p-CF3benz_p-OMebenz,C1=C2C=C(N4C)C(C(C=C6(OC))=C4(C=C6))=CC2=CC3=CC(C(C=C7(C(F)(F)(F)))=C5(C=C7))=C(N5C)C=C13,structures/syn_NMe_NMe_p-CF3benz_p-OMebenz.xyz
syn_NMe_NPh_2-CF3_tetClbenz,C1=C2C=C(N4(C9=CC=CC=C9))C(C(C(Cl)=C6(Cl))=C4(C(Cl)=C6(Cl)))=CC2=CC3=CC(C=C5(C(F)(F)(F)))=C(N5C)C=C13,structures/syn_NMe_NPh_2-CF3_tetClbenz.xyz
syn_NMe_NPh_2-F_p-OMebenz,C1=C2C=C(N4(C9=CC=CC=C9))C(C(C=C6(OC))=C4(C=C6))=CC2=CC3=CC(C=C5(F))=C(N5C)C=C13,structures/syn_NMe_NPh_2-F_p-OMebenz.xyz
syn_NMe_NPh_3-CF3_3-OMe,C1=C2C=C(N4(C9=CC=CC=C9))C(C(OC)=C4)=CC2=CC3=CC(C(C(F)(F)(F))=C5)=C(N5C)C=C13,structures/syn_NMe_NPh_3-CF3_3-OMe.xyz
syn_NMe_NPh_3-CF3_diF,C1=C2C=C(N4(C9=CC=CC=C9))C(C(F)=C4(F))=CC2=CC3=CC(C(C(F)(F)(F))=C5)=C(N5C)C=C13,structures/syn_NMe_NPh_3-CF3_diF.xyz
syn_NMe_NPh_3-Cl_2-Cl,C1=C2C=C(N4(C9=CC=CC=C9))C(C=C4(Cl))=CC2=CC3=CC(C(Cl)=C5)=C(N5C)C=C13,structures/syn_NMe_NPh_3-Cl_2-Cl.xyz
syn_NMe_NPh_benz_tetFbenz,C1=C2C=C(N4(C9=CC=CC=C9))C(C(C(F)=C6(F))=C4(C(F)=C6(F)))=CC2=CC3=CC(C(C=C7)=C5(C=C7))=C(N5C)C=C13,structures/syn_NMe_NPh_benz_tetFbenz.xyz
syn_NMe_NPh_m-OMebenz_3-Cl,C1=C2C=C(N4(C9=CC=CC=C9))C(C(Cl)=C4)=CC2=CC3=CC(C(C=C7)=C5(C=C7(OC)))=C(N5C)C=C13,structures/syn_NMe_NPh_m-OMebenz_3-Cl.xyz
syn_NMe_NPh_p-CNbenz_3-CN,C1=C2C=C(N4(C9=CC=CC=C9))C(C(C#N)=C4)=CC2=CC3=CC(C(C=C7(C#N))=C5(C=C7))=C(N5C)C=C13,structures/syn_NMe_NPh_p-CNbenz_3-CN.xyz
syn_NMe_NPh_tetClbenz_3-OMe,C1=C2C=C(N4(C9=CC=CC=C9))C(C(OC)=C4)=CC2=CC3=CC(C(C(Cl)=C7(Cl))=C5(C(Cl)=C7(Cl)))=C(N5C)C=C13,structures/syn_NMe_NPh_tetClbenz_3-OMe.xyz
syn_NPh_NPh_2-Cl_benz,C1=C2C=C(N4(C9=CC=CC=C9))C(C(C=C6)=C4(C=C6))=CC2=CC3=CC(C=C5(Cl))=C(N5(C8=CC=CC=C8))C=C13,structures/syn_NPh_NPh_2-Cl_benz.xyz
syn_NPh_NPh_2-Cl_m-CF3benz,C1=C2C=C(N4(C9=CC=CC=C9))C(C(C=C6)=C4(C=C6(C(F)(F)(F))))=CC2=CC3=CC(C=C5(Cl))=C(N5(C8=CC=CC=C8))C=C13,structures/syn_NPh_NPh_2-Cl_m-CF3benz.xyz
syn_NPh_NPh_2-Cl_p-CF3benz,C1=C2C=C(N4(C9=CC=CC=C9))C(C(C=C6(C(F)(F)(F)))=C4(C=C6))=CC2=CC3=CC(C=C5(Cl))=C(N5(C8=CC=CC=C8))C=C13,structures/syn_NPh_NPh_2-Cl_p-CF3benz.xyz
syn_NPh_NPh_3-Cl_3-CF3,C1=C2C=C(N4(C9=CC=CC=C9))C(C(C(F)(F)(F))=C4)=CC2=CC3=CC(C(Cl)=C5)=C(N5(C8=CC=CC=C8))C=C13,structures/syn_NPh_NPh_3-Cl_3-CF3.xyz
syn_NPh_NPh_3-CN_m-CNbenz,C1=C2C=C(N4(C9=CC=CC=C9))C(C(C=C6)=C4(C=C6(C#N)))=CC2=CC3=CC(C(C#N)=C5)=C(N5(C8=CC=CC=C8))C=C13,structures/syn_NPh_NPh_3-CN_m-CNbenz.xyz
syn_NPh_NPh_3-OMe_diCF3,C1=C2C=C(N4(C9=CC=CC=C9))C(C(C(F)(F)(F))=C4(C(F)(F)(F)))=CC2=CC3=CC(C(OC)=C5)=C(N5(C8=CC=CC=C8))C=C13,structures/syn_NPh_NPh_3-OMe_diCF3.xyz
syn_NPh_NPh_diCF3_benz,C1=C2C=C(N4(C9=CC=CC=C9))C(C(C=C6)=C4(C=C6))=CC2=CC3=CC(C(C(F)(F)(F))=C5(C(F)(F)(F)))=C(N5(C8=CC=CC=C8))C=C13,structures/syn_NPh_NPh_diCF3_benz.xyz
syn_O_NMe_2-Cl_p-CF3benz,C1=C2C=C(N4C)C(C(C=C6(C(F)(F)(F)))=C4(C=C6))=CC2=CC3=CC(C=C5(Cl))=C(O5)C=C13,structures/syn_O_NMe_2-Cl_p-CF3benz.xyz
syn_O_NMe_3-CN_2-F,C1=C2C=C(N4C)C(C=C4(F))=CC2=CC3=CC(C(C#N)=C5)=C(O5)C=C13,structures/syn_O_NMe_3-CN_2-F.xyz
syn_O_NMe_3-CN_diOMe,C1=C2C=C(N4C)C(C(OC)=C4(OC))=CC2=CC3=CC(C(C#N)=C5)=C(O5)C=C13,structures/syn_O_NMe_3-CN_diOMe.xyz
syn_O_NMe_3-F_diF,C1=C2C=C(N4C)C(C(F)=C4(F))=CC2=CC3=CC(C(F)=C5)=C(O5)C=C13,structures/syn_O_NMe_3-F_diF.xyz
syn_O_NMe_benz_diCN,C1=C2C=C(N4C)C(C(C#N)=C4(C#N))=CC2=CC3=CC(C(C=C7)=C5(C=C7))=C(O5)C=C13,structures/syn_O_NMe_benz_diCN.xyz
syn_O_NMe_diCF3_diCF3,C1=C2C=C(N4C)C(C(C(F)(F)(F))=C4(C(F)(F)(F)))=CC2=CC3=CC(C(C(F)(F)(F))=C5(C(F)(F)(F)))=C(O5)C=C13,structures/syn_O_NMe_diCF3_diCF3.xyz
syn_O_NMe_diF_3-Cl,C1=C2C=C(N4C)C(C(Cl)=C4)=CC2=CC3=CC(C(F)=C5(F))=C(O5)C=C13,structures/syn_O_NMe_diF_3-Cl.xyz
syn_O_NMe_diOMe_3-CF3,C1=C2C=C(N4C)C(C(C(F)(F)(F))=C4)=CC2=CC3=CC(C(OC)=C5(OC))=C(O5)C=C13,structures/syn_O_NMe_diOMe_3-CF3.xyz
syn_O_NMe_m-CF3benz_diCl,C1=C2C=C(N4C)C(C(Cl)=C4(Cl))=CC2=CC3=CC(C(C=C7)=C5(C=C7(C(F)(F)(F))))=C(O5)C=C13,structures/syn_O_NMe_m-CF3benz_diCl.xyz
syn_O_NMe_m-CNbenz_3-CN,C1=C2C=C(N4C)C(C(C#N)=C4)=CC2=CC3=CC(C(C=C7)=C5(C=C7(C#N)))=C(O5)C=C13,structures/syn_O_NMe_m-CNbenz_3-CN.xyz
syn_O_NMe_tetClbenz_diCF3,C1=C2C=C(N4C)C(C(C(F)(F)(F))=C4(C(F)(F)(F)))=CC2=CC3=CC(C(C(Cl)=C7(Cl))=C5(C(Cl)=C7(Cl)))=C(O5)C=C13,structures/syn_O_NMe_tetClbenz_diCF3.xyz
syn_O_NPh_2-CF3_p-OMebenz,C1=C2C=C(N4(C9=CC=CC=C9))C(C(C=C6(OC))=C4(C=C6))=CC2=CC3=CC(C=C5(C(F)(F)(F)))=C(O5)C=C13,structures/syn_O_NPh_2-CF3_p-OMebenz.xyz
syn_O_NPh_2-Cl_p-OMebenz,C1=C2C=C(N4(C9=CC=CC=C9))C(C(C=C6(OC))=C4(C=C6))=CC2=CC3=CC(C=C5(Cl))=C(O5)C=C13,structures/syn_O_NPh_2-Cl_p-OMebenz.xyz
syn_O_NPh_2-Cl_tetClbenz,C1=C2C=C(N4(C9=CC=CC=C9))C(C(C(Cl)=C6(Cl))=C4(C(Cl)=C6(Cl)))=CC2=CC3=CC(C=C5(Cl))=C(O5)C=C13,structures/syn_O_NPh_2-Cl_tetClbenz.xyz
syn_O_NPh_3-F_m-OMebenz,C1=C2C=C(N4(C9=CC=CC=C9))C(C(C=C6)=C4(C=C6(OC)))=CC2=CC3=CC(C(F)=C5)=C(O5)C=C13,structures/syn_O_NPh_3-F_m-OMebenz.xyz
syn_O_NPh_p-CNbenz_m-CNbenz,C1=C2C=C(N4(C9=CC=CC=C9))C(C(C=C6)=C4(C=C6(C#N)))=CC2=CC3=CC(C(C=C7(C#N))=C5(C=C7))=C(O5)C=C13,structures/syn_O_NPh_p-CNbenz_m-CNbenz.xyz
syn_O_O_2-CF3_tetFbenz,C1=C2C=C(O4)C(C(C(F)=C6(F))=C4(C(F)=C6(F)))=CC2=CC3=CC(C=C5(C(F)(F)(F)))=C(O5)C=C13,structures/syn_O_O_2-CF3_tetFbenz.xyz
syn_O_O_2-Cl_m-OMebenz,C1=C2C=C(O4)C(C(C=C6)=C4(C=C6(OC)))=CC2=CC3=CC(C=C5(Cl))=C(O5)C=C13,structures/syn_O_O_2-Cl_m-OMebenz.xyz
syn_O_O_3-F_diOMe,C1=C2C=C(O4)C(C(OC)=C4(OC))=CC2=CC3=CC(C(F)=C5)=C(O5)C=C13,structures/syn_O_O_3-F_diOMe.xyz
syn_O_O_diCF3_p-OMebenz,C1=C2C=C(O4)C(C(C=C6(OC))=C4(C=C6))=CC2=CC3=CC(C(C(F)(F)(F))=C5(C(F)(F)(F)))=C(O5)C=C13,structures/syn_O_O_diCF3_p-OMebenz.xyz
syn_O_O_tetClbenz_p-OMebenz,C1=C2C=C(O4)C(C(C=C6(OC))=C4(C=C6))=CC2=CC3=CC(C(C(Cl)=C7(Cl))=C5(C(Cl)=C7(Cl)))=C(O5)C=C13,structures/syn_O_O_tetClbenz_p-OMebenz.xyz
syn_S_NMe_2-OMe_3-CF3,C1=C2C=C(N4C)C(C(C(F)(F)(F))=C4)=CC2=CC3=CC(C=C5(OC))=C(S5)C=C13,structures/syn_S_NMe_2-OMe_3-CF3.xyz
syn_S_NMe_3-CF3_2-CF3,C1=C2C=C(N4C)C(C=C4(C(F)(F)(F)))=CC2=CC3=CC(C(C(F)(F)(F))=C5)=C(S5)C=C13,structures/syn_S_NMe_3-CF3_2-CF3.xyz
syn_S_NMe_3-CF3_diF,C1=C2C=C(N4C)C(C(F)=C4(F))=CC2=CC3=CC(C(C(F)(F)(F))=C5)=C(S5)C=C13,structures/syn_S_NMe_3-CF3_diF.xyz
syn_S_NMe_3-CF3_p-CNbenz,C1=C2C=C(N4C)C(C(C=C6(C#N))=C4(C=C6))=CC2=CC3=CC(C(C(F)(F)(F))=C5)=C(S5)C=C13,structures/syn_S_NMe_3-CF3_p-CNbenz.xyz
syn_S_NMe_3-Cl_2-CN,C1=C2C=C(N4C)C(C=C4(C#N))=CC2=CC3=CC(C(Cl)=C5)=C(S5)C=C13,structures/syn_S_NMe_3-Cl_2-CN.xyz
syn_S_NMe_3-CN_m-CF3benz,C1=C2C=C(N4C)C(C(C=C6)=C4(C=C6(C(F)(F)(F))))=CC2=CC3=CC(C(C#N)=C5)=C(S5)C=C13,structures/syn_S_NMe_3-CN_m-CF3benz.xyz
syn_S_NMe_3-F_diCl,C1=C2C=C(N4C)C(C(Cl)=C4(Cl))=CC2=CC3=CC(C(F)=C5)=C(S5)C=C13,structures/syn_S_NMe_3-F_diCl.xyz
syn_S_NMe_benz_m-CNbenz,C1=C2C=C(N4C)C(C(C=C6)=C4(C=C6(C#N)))=CC2=CC3=CC(C(C=C7)=C5(C=C7))=C(S5)C=C13,structures/syn_S_NMe_benz_m-CNbenz.xyz
syn_S_NMe_C_2-Cl,C1=C2C=C(N4C)C(C=C4(Cl))=CC2=CC3=CC(C=C5)=C(S5)C=C13,structures/syn_S_NMe_C_2-Cl.xyz
syn_S_NMe_diCF3_tetClbenz,C1=C2C=C(N4C)C(C(C(Cl)=C6(Cl))=C4(C(Cl)=C6(Cl)))=CC2=CC3=CC(C(C(F)(F)(F))=C5(C(F)(F)(F)))=C(S5)C=C13,structures/syn_S_NMe_diCF3_tetClbenz.xyz
syn_S_NMe_diCN_3-CF3,C1=C2C=C(N4C)C(C(C(F)(F)(F))=C4)=CC2=CC3=CC(C(C#N)=C5(C#N))=C(S5)C=C13,structures/syn_S_NMe_diCN_3-CF3.xyz
syn_S_NMe_diF_2-F,C1=C2C=C(N4C)C(C=C4(F))=CC2=CC3=CC(C(F)=C5(F))=C(S5)C=C13,structures/syn_S_NMe_diF_2-F.xyz
syn_S_NMe_m-OMebenz_m-CF3benz,C1=C2C=C(N4C)C(C(C=C6)=C4(C=C6(C(F)(F)(F))))=CC2=CC3=CC(C(C=C7)=C5(C=C7(OC)))=C(S5)C=C13,structures/syn_S_NMe_m-OMebenz_m-CF3benz.xyz
syn_S_NMe_tetClbenz_3-Cl,C1=C2C=C(N4C)C(C(Cl)=C4)=CC2=CC3=CC(C(C(Cl)=C7(Cl))=C5(C(Cl)=C7(Cl)))=C(S5)C=C13,structures/syn_S_NMe_tetClbenz_3-Cl.xyz
syn_S_NPh_2-F_C,C1=C2C=C(N4(C9=CC=CC=C9))C(C=C4)=CC2=CC3=CC(C=C5(F))=C(S5)C=C13,structures/syn_S_NPh_2-F_C.xyz
syn_S_NPh_2-F_diCF3,C1=C2C=C(N4(C9=CC=CC=C9))C(C(C(F)(F)(F))=C4(C(F)(F)(F)))=CC2=CC3=CC(C=C5(F))=C(S5)C=C13,structures/syn_S_NPh_2-F_diCF3.xyz
syn_S_NPh_2-OMe_2-F,C1=C2C=C(N4(C9=CC=CC=C9))C(C=C4(F))=CC2=CC3=CC(C=C5(OC))=C(S5)C=C13,structures/syn_S_NPh_2-OMe_2-F.xyz
syn_S_NPh_2-OMe_2-OMe,C1=C2C=C(N4(C9=CC=CC=C9))C(C=C4(OC))=CC2=CC3=CC(C=C5(OC))=C(S5)C=C13,structures/syn_S_NPh_2-OMe_2-OMe.xyz
syn_S_NPh_3-Cl_3-F,C1=C2C=C(N4(C9=CC=CC=C9))C(C(F)=C4)=CC2=CC3=CC(C(Cl)=C5)=C(S5)C=C13,structures/syn_S_NPh_3-Cl_3-F.xyz
syn_S_NPh_3-CN_diF,C1=C2C=C(N4(C9=CC=CC=C9))C(C(F)=C4(F))=CC2=CC3=CC(C(C#N)=C5)=C(S5)C=C13,structures/syn_S_NPh_3-CN_diF.xyz
syn_S_NPh_3-F_3-CF3,C1=C2C=C(N4(C9=CC=CC=C9))C(C(C(F)(F)(F))=C4)=CC2=CC3=CC(C(F)=C5)=C(S5)C=C13,structures/syn_S_NPh_3-F_3-CF3.xyz
syn_S_NPh_3-F_p-CF3benz,C1=C2C=C(N4(C9=CC=CC=C9))C(C(C=C6(C(F)(F)(F)))=C4(C=C6))=CC2=CC3=CC(C(F)=C5)=C(S5)C=C13,structures/syn_S_NPh_3-F_p-CF3benz.xyz
syn_S_NPh_benz_p-CNbenz,C1=C2C=C(N4(C9=CC=CC=C9))C(C(C=C6(C#N))=C4(C=C6))=CC2=CC3=CC(C(C=C7)=C5(C=C7))=C(S5)C=C13,structures/syn_S_NPh_benz_p-CNbenz.xyz
syn_S_NPh_m-OMebenz_benz,C1=C2C=C(N4(C9=CC=CC=C9))C(C(C=C6)=C4(C=C6))=CC2=CC3=CC(C(C=C7)=C5(C=C7(OC)))=C(S5)C=C13,structures/syn_S_NPh_m-OMebenz_benz.xyz
syn_S_NPh_m-OMebenz_m-CNbenz,C1=C2C=C(N4(C9=CC=CC=C9))C(C(C=C6)=C4(C=C6(C#N)))=CC2=CC3=CC(C(C=C7)=C5(C=C7(OC)))=C(S5)C=C13,structures/syn_S_NPh_m-OMebenz_m-CNbenz.xyz
syn_S_NPh_p-OMebenz_benz,C1=C2C=C(N4(C9=CC=CC=C9))C(C(C=C6)=C4(C=C6))=CC2=CC3=CC(C(C=C7(OC))=C5(C=C7))=C(S5)C=C13,structures/syn_S_NPh_p-OMebenz_benz.xyz
syn_S_NPh_tetClbenz_2-CF3,C1=C2C=C(N4(C9=CC=CC=C9))C(C=C4(C(F)(F)(F)))=CC2=CC3=CC(C(C(Cl)=C7(Cl))=C5(C(Cl)=C7(Cl)))=C(S5)C=C13,structures/syn_S_NPh_tetClbenz_2-CF3.xyz
syn_S_O_2-CF3_m-OMebenz,C1=C2C=C(O4)C(C(C=C6)=C4(C=C6(OC)))=CC2=CC3=CC(C=C5(C(F)(F)(F)))=C(S5)C=C13,structures/syn_S_O_2-CF3_m-OMebenz.xyz
syn_S_O_2-CN_benz,C1=C2C=C(O4)C(C(C=C6)=C4(C=C6))=CC2=CC3=CC(C=C5(C#N))=C(S5)C=C13,structures/syn_S_O_2-CN_benz.xyz
syn_S_O_2-F_2-OMe,C1=C2C=C(O4)C(C=C4(OC))=CC2=CC3=CC(C=C5(F))=C(S5)C=C13,structures/syn_S_O_2-F_2-OMe.xyz
syn_S_O_benz_p-OMebenz,C1=C2C=C(O4)C(C(C=C6(OC))=C4(C=C6))=CC2=CC3=CC(C(C=C7)=C5(C=C7))=C(S5)C=C13,structures/syn_S_O_benz_p-OMebenz.xyz
syn_S_O_C_2-OMe,C1=C2C=C(O4)C(C=C4(OC))=CC2=CC3=CC(C=C5)=C(S5)C=C13,structures/syn_S_O_C_2-OMe.xyz
syn_S_O_diCF3_C,C1=C2C=C(O4)C(C=C4)=CC2=CC3=CC(C(C(F)(F)(F))=C5(C(F)(F)(F)))=C(S5)C=C13,structures/syn_S_O_diCF3_C.xyz
syn_S_O_diOMe_p-CNbenz,C1=C2C=C(O4)C(C(C=C6(C#N))=C4(C=C6))=CC2=CC3=CC(C(OC)=C5(OC))=C(S5)C=C13,structures/syn_S_O_diOMe_p-CNbenz.xyz
syn_S_O_m-CNbenz_2-Cl,C1=C2C=C(O4)C(C=C4(Cl))=CC2=CC3=CC(C(C=C7)=C5(C=C7(C#N)))=C(S5)C=C13,structures/syn_S_O_m-CNbenz_2-Cl.xyz
syn_S_O_p-CF3benz_2-OMe,C1=C2C=C(O4)C(C=C4(OC))=CC2=CC3=CC(C(C=C7(C(F)(F)(F)))=C5(C=C7))=C(S5)C=C13,structures/syn_S_O_p-CF3benz_2-OMe.xyz
syn_S_O_p-CNbenz_m-CNbenz,C1=C2C=C(O4)C(C(C=C6)=C4(C=C6(C#N)))=CC2=CC3=CC(C(C=C7(C#N))=C5(C=C7))=C(S5)C=C13,structures/syn_S_O_p-CNbenz_m-CNbenz.xyz
syn_S_S_2-Cl_diCF3,C1=C2C=C(S4)C(C(C(F)(F)(F))=C4(C(F)(F)(F)))=CC2=CC3=CC(C=C5(Cl))=C(S5)C=C13,structures/syn_S_S_2-Cl_diCF3.xyz
syn_S_S_2-CN_m-OMebenz,C1=C2C=C(S4)C(C(C=C6)=C4(C=C6(OC)))=CC2=CC3=CC(C=C5(C#N))=C(S5)C=C13,structures/syn_S_S_2-CN_m-OMebenz.xyz
syn_S_S_3-Cl_3-Cl,C1=C2C=C(S4)C(C(Cl)=C4)=CC2=CC3=CC(C(Cl)=C5)=C(S5)C=C13,structures/syn_S_S_3-Cl_3-Cl.xyz
syn_S_S_3-OMe_diCF3,C1=C2C=C(S4)C(C(C(F)(F)(F))=C4(C(F)(F)(F)))=CC2=CC3=CC(C(OC)=C5)=C(S5)C=C13,structures/syn_S_S_3-OMe_diCF3.xyz
syn_S_S_p-CF3benz_p-CNbenz,C1=C2C=C(S4)C(C(C=C6(C#N))=C4(C=C6))=CC2=CC3=CC(C(C=C7(C(F)(F)(F)))=C5(C=C7))=C(S5)C=C13,structures/syn_S_S_p-CF3benz_p-CNbenz.xyz
syn_S_S_p-CNbenz_m-CNbenz,C1=C2C=C(S4)C(C(C=C6)=C4(C=C6(C#N)))=CC2=CC3=CC(C(C=C7(C#N))=C5(C=C7))=C(S5)C=C13,structures/syn_S_S_p-CNbenz_m-CNbenz.xyz
anti_C_C_3-CN_diCl,C1=C2C=C(C(Cl)=C4(Cl))C(C=C4)=CC2=CC3=CC(C(C#N)=C5)=C(C=C5)C=C13,structures/anti_C_C_3-CN_diCl.xyz
anti_C_C_3-OMe_diF,C1=C2C=C(C(F)=C4(F))C(C=C4)=CC2=CC3=CC(C(OC)=C5)=C(C=C5)C=C13,structures/anti_C_C_3-OMe_diF.xyz
anti_C_C_diCl_tetClbenz,C1=C2C=C(C(C(Cl)=C6(Cl))=C4(C(Cl)=C6(Cl)))C(C=C4)=CC2=CC3=CC(C(Cl)=C5(Cl))=C(C=C5)C=C13,structures/anti_C_C_diCl_tetClbenz.xyz
anti_C_C_diCN_m-CF3benz,C1=C2C=C(C(C=C6)=C4(C=C6(C(F)(F)(F))))C(C=C4)=CC2=CC3=CC(C(C#N)=C5(C#N))=C(C=C5)C=C13,structures/anti_C_C_diCN_m-CF3benz.xyz
anti_C_C_p-OMebenz_m-CNbenz,C1=C2C=C(C(C=C6)=C4(C=C6(C#N)))C(C=C4)=CC2=CC3=CC(C(C=C7(OC))=C5(C=C7))=C(C=C5)C=C13,structures/anti_C_C_p-OMebenz_m-CNbenz.xyz
anti_C_NMe_2-CF3_benz,C1=C2C=C(C(C=C6)=C4(C=C6))C(N4C)=CC2=CC3=CC(C=C5(C(F)(F)(F)))=C(C=C5)C=C13,structures/anti_C_NMe_2-CF3_benz.xyz
anti_C_NMe_2-Cl_2-OMe,C1=C2C=C(C=C4(OC))C(N4C)=CC2=CC3=CC(C=C5(Cl))=C(C=C5)C=C13,structures/anti_C_NMe_2-Cl_2-OMe.xyz
anti_C_NMe_2-Cl_m-OMebenz,C1=C2C=C(C(C=C6)=C4(C=C6(OC)))C(N4C)=CC2=CC3=CC(C=C5(Cl))=C(C=C5)C=C13,structures/anti_C_NMe_2-Cl_m-OMebenz.xyz
anti_C_NMe_2-CN_2-CF3,C1=C2C=C(C=C4(C(F)(F)(F)))C(N4C)=CC2=CC3=CC(C=C5(C#N))=C(C=C5)C=C13,structures/anti_C_NMe_2-CN_2-CF3.xyz
anti_C_NMe_3-CN_diOMe,C1=C2C=C(C(OC)=C4(OC))C(N4C)=CC2=CC3=CC(C(C#N)=C5)=C(C=C5)C=C13,structures/anti_C_NMe_3-CN_diOMe.xyz
anti_C_NMe_3-OMe_p-CF3benz,C1=C2C=C(C(C=C6(C(F)(F)(F)))=C4(C=C6))C(N4C)=CC2=CC3=CC(C(OC)=C5)=C(C=C5)C=C13,structures/anti_C_NMe_3-OMe_p-CF3benz.xyz
anti_C_NMe_benz_benz,C1=C2C=C(C(C=C6)=C4(C=C6))C(N4C)=CC2=CC3=CC(C(C=C7)=C5(C=C7))=C(C=C5)C=C13,structures/anti_C_NMe_benz_benz.xyz
anti_C_NMe_diCl_diCF3,C1=C2C=C(C(C(F)(F)(F))=C4(C(F)(F)(F)))C(N4C)=CC2=CC3=CC(C(Cl)=C5(Cl))=C(C=C5)C=C13,structures/anti_C_NMe_diCl_diCF3.xyz
anti_C_NMe_diF_tetFbenz,C1=C2C=C(C(C(F)=C6(F))=C4(C(F)=C6(F)))C(N4C)=CC2=CC3=CC(C(F)=C5(F))=C(C=C5)C=C13,structures/anti_C_NMe_diF_tetFbenz.xyz
anti_C_NMe_diOMe_2-CN,C1=C2C=C(C=C4(C#N))C(N4C)=CC2=CC3=CC(C(OC)=C5(OC))=C(C=C5)C=C13,structures/anti_C_NMe_diOMe_2-CN.xyz
anti_C_NMe_m-CNbenz_3-CF3,C1=C2C=C(C(C(F)(F)(F))=C4)C(N4C)=CC2=CC3=CC(C(C=C7)=C5(C=C7(C#N)))=C(C=C5)C=C13,structures/anti_C_NMe_m-CNbenz_3-CF3.xyz
anti_C_NMe_p-OMebenz_benz,C1=C2C=C(C(C=C6)=C4(C=C6))C(N4C)=CC2=CC3=CC(C(C=C7(OC))=C5(C=C7))=C(C=C5)C=C13,structures/anti_C_NMe_p-OMebenz_benz.xyz
anti_C_NMe_tetFbenz_m-CNbenz,C1=C2C=C(C(C=C6)=C4(C=C6(C#N)))C(N4C)=CC2=CC3=CC(C(C(F)=C7(F))=C5(C(F)=C7(F)))=C(C=C5)C=C13,structures/anti_C_NMe_tetFbenz_m-CNbenz.xyz
anti_C_NPh_2-F_diCF3,C1=C2C=C(C(C(F)(F)(F))=C4(C(F)(F)(F)))C(N4(C9=CC=CC=C9))=CC2=CC3=CC(C=C5(F))=C(C=C5)C=C13,structures/anti_C_NPh_2-F_diCF3.xyz
anti_C_NPh_3-CF3_m-OMebenz,C1=C2C=C(C(C=C6)=C4(C=C6(OC)))C(N4(C9=CC=CC=C9))=CC2=CC3=CC(C(C(F)(F)(F))=C5)=C(C=C5)C=C13,structures/anti_C_NPh_3-CF3_m-OMebenz.xyz
anti_C_NPh_3-Cl_3-Cl,C1=C2C=C(C(Cl)=C4)C(N4(C9=CC=CC=C9))=CC2=CC3=CC(C(Cl)=C5)=C(C=C5)C=C13,structures/anti_C_NPh_3-Cl_3-Cl.xyz
anti_C_NPh_3-OMe_2-F,C1=C2C=C(C=C4(F))C(N4(C9=CC=CC=C9))=CC2=CC3=CC(C(OC)=C5)=C(C=C5)C=C13,structures/anti_C_NPh_3-OMe_2-F.xyz
anti_C_NPh_diCN_diCl,C1=C2C=C(C(Cl)=C4(Cl))C(N4(C9=CC=CC=C9))=CC2=CC3=CC(C(C#N)=C5(C#N))=C(C=C5)C=C13,structures/anti_C_NPh_diCN_diCl.xyz
anti_C_NPh_diF_diOMe,C1=C2C=C(C(OC)=C4(OC))C(N4(C9=CC=CC=C9))=CC2=CC3=CC(C(F)=C5(F))=C(C=C5)C=C13,structures/anti_C_NPh_diF_diOMe.xyz
anti_C_NPh_diF_m-CNbenz,C1=C2C=C(C(C=C6)=C4(C=C6(C#N)))C(N4(C9=CC=CC=C9))=CC2=CC3=CC(C(F)=C5(F))=C(C=C5)C=C13,structures/anti_C_NPh_diF_m-CNbenz.xyz
anti_C_NPh_p-CNbenz_C,C1=C2C=C(C=C4)C(N4(C9=CC=CC=C9))=CC2=CC3=CC(C(C=C7(C#N))=C5(C=C7))=C(C=C5)C=C13,structures/anti_C_NPh_p-CNbenz_C.xyz
anti_C_NPh_tetClbenz_C,C1=C2C=C(C=C4)C(N4(C9=CC=CC=C9))=CC2=CC3=CC(C(C(Cl)=C7(Cl))=C5(C(Cl)=C7(Cl)))=C(C=C5)C=C13,structures/anti_C_NPh_tetClbenz_C.xyz
anti_C_O_2-CF3_m-CF3benz,C1=C2C=C(C(C=C6)=C4(C=C6(C(F)(F)(F))))C(O4)=CC2=CC3=CC(C=C5(C(F)(F)(F)))=C(C=C5)C=C13,structures/anti_C_O_2-CF3_m-CF3benz.xyz
anti_C_O_2-OMe_diCN,C1=C2C=C(C(C#N)=C4(C#N))C(O4)=CC2=CC3=CC(C=C5(OC))=C(C=C5)C=C13,structures/anti_C_O_2-OMe_diCN.xyz
anti_C_O_3-F_m-CF3benz,C1=C2C=C(C(C=C6)=C4(C=C6(C(F)(F)(F))))C(O4)=CC2=CC3=CC(C(F)=C5)=C(C=C5)C=C13,structures/anti_C_O_3-F_m-CF3benz.xyz
anti_C_O_3-OMe_diCl,C1=C2C=C(C(Cl)=C4(Cl))C(O4)=CC2=CC3=CC(C(OC)=C5)=C(C=C5)C=C13,structures/anti_C_O_3-OMe_diCl.xyz
anti_C_O_diCl_benz,C1=C2C=C(C(C=C6)=C4(C=C6))C(O4)=CC2=CC3=CC(C(Cl)=C5(Cl))=C(C=C5)C=C13,structures/anti_C_O_diCl_benz.xyz
anti_C_O_diF_tetClbenz,C1=C2C=C(C(C(Cl)=C6(Cl))=C4(C(Cl)=C6(Cl)))C(O4)=CC2=CC3=CC(C(F)=C5(F))=C(C=C5)C=C13,structures/anti_C_O_diF_tetClbenz.xyz
anti_C_O_diOMe_tetClbenz,C1=C2C=C(C(C(Cl)=C6(Cl))=C4(C(Cl)=C6(Cl)))C(O4)=CC2=CC3=CC(C(OC)=C5(OC))=C(C=C5)C=C13,structures/anti_C_O_diOMe_tetClbenz.xyz
anti_C_O_m-CF3benz_benz,C1=C2C=C(C(C=C6)=C4(C=C6))C(O4)=CC2=CC3=CC(C(C=C7)=C5(C=C7(C(F)(F)(F))))=C(C=C5)C=C13,structures/anti_C_O_m-CF3benz_benz.xyz
anti_C_O_m-CNbenz_C,C1=C2C=C(C=C4)C(O4)=CC2=CC3=CC(C(C=C7)=C5(C=C7(C#N)))=C(C=C5)C=C13,structures/anti_C_O_m-CNbenz_C.xyz
anti_C_O_tetClbenz_p-OMebenz,C1=C2C=C(C(C=C6(OC))=C4(C=C6))C(O4)=CC2=CC3=CC(C(C(Cl)=C7(Cl))=C5(C(Cl)=C7(Cl)))=C(C=C5)C=C13,structures/anti_C_O_tetClbenz_p-OMebenz.xyz
anti_C_S_2-F_m-OMebenz,C1=C2C=C(C(C=C6)=C4(C=C6(OC)))C(S4)=CC2=CC3=CC(C=C5(F))=C(C=C5)C=C13,structures/anti_C_S_2-F_m-OMebenz.xyz
anti_C_S_benz_diF,C1=C2C=C(C(F)=C4(F))C(S4)=CC2=CC3=CC(C(C=C7)=C5(C=C7))=C(C=C5)C=C13,structures/anti_C_S_benz_diF.xyz
anti_C_S_diCF3_p-CF3benz,C1=C2C=C(C(C=C6(C(F)(F)(F)))=C4(C=C6))C(S4)=CC2=CC3=CC(C(C(F)(F)(F))=C5(C(F)(F)(F)))=C(C=C5)C=C13,structures/anti_C_S_diCF3_p-CF3benz.xyz
anti_C_S_diCN_2-Cl,C1=C2C=C(C=C4(Cl))C(S4)=CC2=CC3=CC(C(C#N)=C5(C#N))=C(C=C5)C=C13,structures/anti_C_S_diCN_2-Cl.xyz
anti_C_S_diF_3-F,C1=C2C=C(C(F)=C4)C(S4)=CC2=CC3=CC(C(F)=C5(F))=C(C=C5)C=C13,structures/anti_C_S_diF_3-F.xyz
anti_NMe_NMe_diF_diCF3,C1=C2C=C(C(C(F)(F)(F))=C4(C(F)(F)(F)))C(N4C)=CC2=CC3=CC(C(F)=C5(F))=C(N5C)C=C13,structures/anti_NMe_NMe_diF_diCF3.xyz
anti_NMe_NPh_2-CN_diOMe,C1=C2C=C(C(OC)=C4(OC))C(N4(C9=CC=CC=C9))=CC2=CC3=CC(C=C5(C#N))=C(N5C)C=C13,structures/anti_NMe_NPh_2-CN_diOMe.xyz
anti_NMe_NPh_2-OMe_diOMe,C1=C2C=C(C(OC)=C4(OC))C(N4(C9=CC=CC=C9))=CC2=CC3=CC(C=C5(OC))=C(N5C)C=C13,structures/anti_NMe_NPh_2-OMe_diOMe.xyz
anti_NMe_NPh_diCN_p-OMebenz,C1=C2C=C(C(C=C6(OC))=C4(C=C6))C(N4(C9=CC=CC=C9))=CC2=CC3=CC(C(C#N)=C5(C#N))=C(N5C)C=C13,structures/anti_NMe_NPh_diCN_p-OMebenz.xyz
anti_NMe_NPh_diF_2-OMe,C1=C2C=C(C=C4(OC))C(N4(C9=CC=CC=C9))=CC2=CC3=CC(C(F)=C5(F))=C(N5C)C=C13,structures/anti_NMe_NPh_diF_2-OMe.xyz
anti_NMe_NPh_diOMe_3-F,C1=C2C=C(C(F)=C4)C(N4(C9=CC=CC=C9))=CC2=CC3=CC(C(OC)=C5(OC))=C(N5C)C=C13,structures/anti_NMe_NPh_diOMe_3-F.xyz
anti_NMe_NPh_m-CF3benz_3-Cl,C1=C2C=C(C(Cl)=C4)C(N4(C9=CC=CC=C9))=CC2=CC3=CC(C(C=C7)=C5(C=C7(C(F)(F)(F))))=C(N5C)C=C13,structures/anti_NMe_NPh_m-CF3benz_3-Cl.xyz
anti_NMe_NPh_tetClbenz_diCF3,C1=C2C=C(C(C(F)(F)(F))=C4(C(F)(F)(F)))C(N4(C9=CC=CC=C9))=CC2=CC3=CC(C(C(Cl)=C7(Cl))=C5(C(Cl)=C7(Cl)))=C(N5C)C=C13,structures/anti_NMe_NPh_tetClbenz_diCF3.xyz
anti_NMe_NPh_tetFbenz_C,C1=C2C=C(C=C4)C(N4(C9=CC=CC=C9))=CC2=CC3=CC(C(C(F)=C7(F))=C5(C(F)=C7(F)))=C(N5C)C=C13,structures/anti_NMe_NPh_tetFbenz_C.xyz
anti_NPh_NPh_3-Cl_diCF3,C1=C2C=C(C(C(F)(F)(F))=C4(C(F)(F)(F)))C(N4(C9=CC=CC=C9))=CC2=CC3=CC(C(Cl)=C5)=C(N5(C8=CC=CC=C8))C=C13,structures/anti_NPh_NPh_3-Cl_diCF3.xyz
anti_NPh_NPh_C_2-Cl,C1=C2C=C(C=C4(Cl))C(N4(C9=CC=CC=C9))=CC2=CC3=CC(C=C5)=C(N5(C8=CC=CC=C8))C=C13,structures/anti_NPh_NPh_C_2-Cl.xyz
anti_NPh_NPh_p-CF3benz_m-CNbenz,C1=C2C=C(C(C=C6)=C4(C=C6(C#N)))C(N4(C9=CC=CC=C9))=CC2=CC3=CC(C(C=C7(C(F)(F)(F)))=C5(C=C7))=C(N5(C8=CC=CC=C8))C=C13,structures/anti_NPh_NPh_p-CF3benz_m-CNbenz.xyz
anti_O_NMe_2-Cl_p-OMebenz,C1=C2C=C(C(C=C6(OC))=C4(C=C6))C(N4C)=CC2=CC3=CC(C=C5(Cl))=C(O5)C=C13,structures/anti_O_NMe_2-Cl_p-OMebenz.xyz
anti_O_NMe_3-Cl_diCN,C1=C2C=C(C(C#N)=C4(C#N))C(N4C)=CC2=CC3=CC(C(Cl)=C5)=C(O5)C=C13,structures/anti_O_NMe_3-Cl_diCN.xyz
anti_O_NMe_3-CN_2-CN,C1=C2C=C(C=C4(C#N))C(N4C)=CC2=CC3=CC(C(C#N)=C5)=C(O5)C=C13,structures/anti_O_NMe_3-CN_2-CN.xyz
anti_O_NMe_3-CN_diOMe,C1=C2C=C(C(OC)=C4(OC))C(N4C)=CC2=CC3=CC(C(C#N)=C5)=C(O5)C=C13,structures/anti_O_NMe_3-CN_diOMe.xyz
anti_O_NMe_benz_2-CN,C1=C2C=C(C=C4(C#N))C(N4C)=CC2=CC3=CC(C(C=C7)=C5(C=C7))=C(O5)C=C13,structures/anti_O_NMe_benz_2-CN.xyz
anti_O_NMe_benz_diOMe,C1=C2C=C(C(OC)=C4(OC))C(N4C)=CC2=CC3=CC(C(C=C7)=C5(C=C7))=C(O5)C=C13,structures/anti_O_NMe_benz_diOMe.xyz
anti_O_NMe_diCN_3-CF3,C1=C2C=C(C(C(F)(F)(F))=C4)C(N4C)=CC2=CC3=CC(C(C#N)=C5(C#N))=C(O5)C=C13,structures/anti_O_NMe_diCN_3-CF3.xyz
anti_O_NMe_diCN_p-CF3benz,C1=C2C=C(C(C=C6(C(F)(F)(F)))=C4(C=C6))C(N4C)=CC2=CC3=CC(C(C#N)=C5(C#N))=C(O5)C=C13,structures/anti_O_NMe_diCN_p-CF3benz.xyz
anti_O_NMe_m-CNbenz_p-OMebenz,C1=C2C=C(C(C=C6(OC))=C4(C=C6))C(N4C)=CC2=CC3=CC(C(C=C7)=C5(C=C7(C#N)))=C(O5)C=C13,structures/anti_O_NMe_m-CNbenz_p-OMebenz.xyz
anti_O_NMe_tetFbenz_tetClbenz,C1=C2C=C(C(C(Cl)=C6(Cl))=C4(C(Cl)=C6(Cl)))C(N4C)=CC2=CC3=CC(C(C(F)=C7(F))=C5(C(F)=C7(F)))=C(O5)C=C13,structures/anti_O_NMe_tetFbenz_tetClbenz.xyz
anti_O_NPh_diCF3_2-CF3,C1=C2C=C(C=C4(C(F)(F)(F)))C(N4(C9=CC=CC=C9))=CC2=CC3=CC(C(C(F)(F)(F))=C5(C(F)(F)(F)))=C(O5)C=C13,structures/anti_O_NPh_diCF3_2-CF3.xyz
anti_O_NPh_diCN_3-CF3,C1=C2C=C(C(C(F)(F)(F))=C4)C(N4(C9=CC=CC=C9))=CC2=CC3=CC(C(C#N)=C5(C#N))=C(O5)C=C13,structures/anti_O_NPh_diCN_3-CF3.xyz
anti_O_NPh_diCN_m-CNbenz,C1=C2C=C(C(C=C6)=C4(C=C6(C#N)))C(N4(C9=CC=CC=C9))=CC2=CC3=CC(C(C#N)=C5(C#N))=C(O5)C=C13,structures/anti_O_NPh_diCN_m-CNbenz.xyz
anti_O_NPh_diCN_tetFbenz,C1=C2C=C(C(C(F)=C6(F))=C4(C(F)=C6(F)))C(N4(C9=CC=CC=C9))=CC2=CC3=CC(C(C#N)=C5(C#N))=C(O5)C=C13,structures/anti_O_NPh_diCN_tetFbenz.xyz
anti_O_NPh_diOMe_tetClbenz,C1=C2C=C(C(C(Cl)=C6(Cl))=C4(C(Cl)=C6(Cl)))C(N4(C9=CC=CC=C9))=CC2=CC3=CC(C(OC)=C5(OC))=C(O5)C=C13,structures/anti_O_NPh_diOMe_tetClbenz.xyz
anti_O_NPh_m-CF3benz_m-CNbenz,C1=C2C=C(C(C=C6)=C4(C=C6(C#N)))C(N4(C9=CC=CC=C9))=CC2=CC3=CC(C(C=C7)=C5(C=C7(C(F)(F)(F))))=C(O5)C=C13,structures/anti_O_NPh_m-CF3benz_m-CNbenz.xyz
anti_O_NPh_p-CNbenz_2-CF3,C1=C2C=C(C=C4(C(F)(F)(F)))C(N4(C9=CC=CC=C9))=CC2=CC3=CC(C(C=C7(C#N))=C5(C=C7))=C(O5)C=C13,structures/anti_O_NPh_p-CNbenz_2-CF3.xyz
anti_O_NPh_p-CNbenz_tetClbenz,C1=C2C=C(C(C(Cl)=C6(Cl))=C4(C(Cl)=C6(Cl)))C(N4(C9=CC=CC=C9))=CC2=CC3=CC(C(C=C7(C#N))=C5(C=C7))=C(O5)C=C13,structures/anti_O_NPh_p-CNbenz_tetClbenz.xyz
anti_O_NPh_tetFbenz_p-CNbenz,C1=C2C=C(C(C=C6(C#N))=C4(C=C6))C(N4(C9=CC=CC=C9))=CC2=CC3=CC(C(C(F)=C7(F))=C5(C(F)=C7(F)))=C(O5)C=C13,structures/anti_O_NPh_tetFbenz_p-CNbenz.xyz
anti_O_O_2-OMe_m-CF3benz,C1=C2C=C(C(C=C6)=C4(C=C6(C(F)(F)(F))))C(O4)=CC2=CC3=CC(C=C5(OC))=C(O5)C=C13,structures/anti_O_O_2-OMe_m-CF3benz.xyz
anti_O_O_3-CF3_benz,C1=C2C=C(C(C=C6)=C4(C=C6))C(O4)=CC2=CC3=CC(C(C(F)(F)(F))=C5)=C(O5)C=C13,structures/anti_O_O_3-CF3_benz.xyz
anti_O_O_3-CF3_m-OMebenz,C1=C2C=C(C(C=C6)=C4(C=C6(OC)))C(O4)=CC2=CC3=CC(C(C(F)(F)(F))=C5)=C(O5)C=C13,structures/anti_O_O_3-CF3_m-OMebenz.xyz
anti_O_O_3-OMe_benz,C1=C2C=C(C(C=C6)=C4(C=C6))C(O4)=CC2=CC3=CC(C(OC)=C5)=C(O5)C=C13,structures/anti_O_O_3-OMe_benz.xyz
anti_S_NMe_2-CF3_C,C1=C2C=C(C=C4)C(N4C)=CC2=CC3=CC(C=C5(C(F)(F)(F)))=C(S5)C=C13,structures/anti_S_NMe_2-CF3_C.xyz
anti_S_NMe_2-Cl_3-Cl,C1=C2C=C(C(Cl)=C4)C(N4C)=CC2=CC3=CC(C=C5(Cl))=C(S5)C=C13,structures/anti_S_NMe_2-Cl_3-Cl.xyz
anti_S_NMe_m-OMebenz_C,C1=C2C=C(C=C4)C(N4C)=CC2=CC3=CC(C(C=C7)=C5(C=C7(OC)))=C(S5)C=C13,structures/anti_S_NMe_m-OMebenz_C.xyz
anti_S_NMe_p-CNbenz_3-CN,C1=C2C=C(C(C#N)=C4)C(N4C)=CC2=CC3=CC(C(C=C7(C#N))=C5(C=C7))=C(S5)C=C13,structures/anti_S_NMe_p-CNbenz_3-CN.xyz
anti_S_NPh_2-CN_p-CNbenz,C1=C2C=C(C(C=C6(C#N))=C4(C=C6))C(N4(C9=CC=CC=C9))=CC2=CC3=CC(C=C5(C#N))=C(S5)C=C13,structures/anti_S_NPh_2-CN_p-CNbenz.xyz
anti_S_NPh_3-Cl_3-CF3,C1=C2C=C(C(C(F)(F)(F))=C4)C(N4(C9=CC=CC=C9))=CC2=CC3=CC(C(Cl)=C5)=C(S5)C=C13,structures/anti_S_NPh_3-Cl_3-CF3.xyz
anti_S_NPh_3-CN_diOMe,C1=C2C=C(C(OC)=C4(OC))C(N4(C9=CC=CC=C9))=CC2=CC3=CC(C(C#N)=C5)=C(S5)C=C13,structures/anti_S_NPh_3-CN_diOMe.xyz
anti_S_NPh_3-CN_tetClbenz,C1=C2C=C(C(C(Cl)=C6(Cl))=C4(C(Cl)=C6(Cl)))C(N4(C9=CC=CC=C9))=CC2=CC3=CC(C(C#N)=C5)=C(S5)C=C13,structures/anti_S_NPh_3-CN_tetClbenz.xyz
anti_S_NPh_diCF3_p-OMebenz,C1=C2C=C(C(C=C6(OC))=C4(C=C6))C(N4(C9=CC=CC=C9))=CC2=CC3=CC(C(C(F)(F)(F))=C5(C(F)(F)(F)))=C(S5)C=C13,structures/anti_S_NPh_diCF3_p-OMebenz.xyz
anti_S_NPh_diCl_3-OMe,C1=C2C=C(C(OC)=C4)C(N4(C9=CC=CC=C9))=CC2=CC3=CC(C(Cl)=C5(Cl))=C(S5)C=C13,structures/anti_S_NPh_diCl_3-OMe.xyz
anti_S_NPh_diCN_2-Cl,C1=C2C=C(C=C4(Cl))C(N4(C9=CC=CC=C9))=CC2=CC3=CC(C(C#N)=C5(C#N))=C(S5)C=C13,structures/anti_S_NPh_diCN_2-Cl.xyz
anti_S_NPh_diCN_m-OMebenz,C1=C2C=C(C(C=C6)=C4(C=C6(OC)))C(N4(C9=CC=CC=C9))=CC2=CC3=CC(C(C#N)=C5(C#N))=C(S5)C=C13,structures/anti_S_NPh_diCN_m-OMebenz.xyz
anti_S_NPh_diOMe_2-CN,C1=C2C=C(C=C4(C#N))C(N4(C9=CC=CC=C9))=CC2=CC3=CC(C(OC)=C5(OC))=C(S5)C=C13,structures/anti_S_NPh_diOMe_2-CN.xyz
anti_S_NPh_m-CF3benz_3-CF3,C1=C2C=C(C(C(F)(F)(F))=C4)C(N4(C9=CC=CC=C9))=CC2=CC3=CC(C(C=C7)=C5(C=C7(C(F)(F)(F))))=C(S5)C=C13,structures/anti_S_NPh_m-CF3benz_3-CF3.xyz
anti_S_NPh_p-CNbenz_3-Cl,C1=C2C=C(C(Cl)=C4)C(N4(C9=CC=CC=C9))=CC2=CC3=CC(C(C=C7(C#N))=C5(C=C7))=C(S5)C=C13,structures/anti_S_NPh_p-CNbenz_3-Cl.xyz
anti_S_O_2-CF3_2-CN,C1=C2C=C(C=C4(C#N))C(O4)=CC2=CC3=CC(C=C5(C(F)(F)(F)))=C(S5)C=C13,structures/anti_S_O_2-CF3_2-CN.xyz
anti_S_O_2-CN_diCN,C1=C2C=C(C(C#N)=C4(C#N))C(O4)=CC2=CC3=CC(C=C5(C#N))=C(S5)C=C13,structures/anti_S_O_2-CN_diCN.xyz
anti_S_O_2-OMe_m-CF3benz,C1=C2C=C(C(C=C6)=C4(C=C6(C(F)(F)(F))))C(O4)=CC2=CC3=CC(C=C5(OC))=C(S5)C=C13,structures/anti_S_O_2-OMe_m-CF3benz.xyz
anti_S_O_diCF3_p-OMebenz,C1=C2C=C(C(C=C6(OC))=C4(C=C6))C(O4)=CC2=CC3=CC(C(C(F)(F)(F))=C5(C(F)(F)(F)))=C(S5)C=C13,structures/anti_S_O_diCF3_p-OMebenz.xyz
anti_S_O_diCN_diCl,C1=C2C=C(C(Cl)=C4(Cl))C(O4)=CC2=CC3=CC(C(C#N)=C5(C#N))=C(S5)C=C13,structures/anti_S_O_diCN_diCl.xyz
anti_S_O_diOMe_3-CF3,C1=C2C=C(C(C(F)(F)(F))=C4)C(O4)=CC2=CC3=CC(C(OC)=C5(OC))=C(S5)C=C13,structures/anti_S_O_diOMe_3-CF3.xyz
anti_S_O_diOMe_p-CF3benz,C1=C2C=C(C(C=C6(C(F)(F)(F)))=C4(C=C6))C(O4)=CC2=CC3=CC(C(OC)=C5(OC))=C(S5)C=C13,structures/anti_S_O_diOMe_p-CF3benz.xyz
anti_S_O_m-CF3benz_diCN,C1=C2C=C(C(C#N)=C4(C#N))C(O4)=CC2=CC3=CC(C(C=C7)=C5(C=C7(C(F)(F)(F))))=C(S5)C=C13,structures/anti_S_O_m-CF3benz_diCN.xyz
anti_S_O_m-OMebenz_tetFbenz,C1=C2C=C(C(C(F)=C6(F))=C4(C(F)=C6(F)))C(O4)=CC2=CC3=CC(C(C=C7)=C5(C=C7(OC)))=C(S5)C=C13,structures/anti_S_O_m-OMebenz_tetFbenz.xyz
anti_S_O_p-OMebenz_2-F,C1=C2C=C(C=C4(F))C(O4)=CC2=CC3=CC(C(C=C7(OC))=C5(C=C7))=C(S5)C=C13,structures/anti_S_O_p-OMebenz_2-F.xyz
anti_S_O_tetClbenz_diOMe,C1=C2C=C(C(OC)=C4(OC))C(O4)=CC2=CC3=CC(C(C(Cl)=C7(Cl))=C5(C(Cl)=C7(Cl)))=C(S5)C=C13,structures/anti_S_O_tetClbenz_diOMe.xyz
anti_S_S_2-CN_3-CN,C1=C2C=C(C(C#N)=C4)C(S4)=CC2=CC3=CC(C=C5(C#N))=C(S5)C=C13,structures/anti_S_S_2-CN_3-CN.xyz
anti_S_S_2-F_diF,C1=C2C=C(C(F)=C4(F))C(S4)=CC2=CC3=CC(C=C5(F))=C(S5)C=C13,structures/anti_S_S_2-F_diF.xyz
anti_S_S_3-CN_p-CNbenz,C1=C2C=C(C(C=C6(C#N))=C4(C=C6))C(S4)=CC2=CC3=CC(C(C#N)=C5)=C(S5)C=C13,structures/anti_S_S_3-CN_p-CNbenz.xyz
anti_S_S_benz_benz,C1=C2C=C(C(C=C6)=C4(C=C6))C(S4)=CC2=CC3=CC(C(C=C7)=C5(C=C7))=C(S5)C=C13,structures/anti_S_S_benz_benz.xyz
anti_S_S_diCF3_m-CNbenz,C1=C2C=C(C(C=C6)=C4(C=C6(C#N)))C(S4)=CC2=CC3=CC(C(C(F)(F)(F))=C5(C(F)(F)(F)))=C(S5)C=C13,structures/anti_S_S_diCF3_m-CNbenz.xyz
anti_S_S_diCl_m-CNbenz,C1=C2C=C(C(C=C6)=C4(C=C6(C#N)))C(S4)=CC2=CC3=CC(C(Cl)=C5(Cl))=C(S5)C=C13,structures/anti_S_S_diCl_m-CNbenz.xyz
asym_NPh_diOMe,C1=C2C=CC=CC2=CC3=CC(C(OC)=C5(OC))=C(N5(C8=CC=CC=C8))C=C13,structures/asym_NPh_diOMe.xyz
syn_C_C_2-F_p-CF3benz,C1=C2C=C(C=C4)C(C(C=C6(C(F)(F)(F)))=C4(C=C6))=CC2=CC3=CC(C=C5(F))=C(C=C5)C=C13,structures/syn_C_C_2-F_p-CF3benz.xyz
syn_C_C_3-CN_p-CNbenz,C1=C2C=C(C=C4)C(C(C=C6(C#N))=C4(C=C6))=CC2=CC3=CC(C(C#N)=C5)=C(C=C5)C=C13,structures/syn_C_C_3-CN_p-CNbenz.xyz
syn_C_C_C_tetClbenz,C1=C2C=C(C=C4)C(C(C(Cl)=C6(Cl))=C4(C(Cl)=C6(Cl)))=CC2=CC3=CC(C=C5)=C(C=C5)C=C13,structures/syn_C_C_C_tetClbenz.xyz
syn_C_C_diF_m-CF3benz,C1=C2C=C(C=C4)C(C(C=C6)=C4(C=C6(C(F)(F)(F))))=CC2=CC3=CC(C(F)=C5(F))=C(C=C5)C=C13,structures/syn_C_C_diF_m-CF3benz.xyz
syn_C_NMe_2-Cl_C,C1=C2C=C(N4C)C(C=C4)=CC2=CC3=CC(C=C5(Cl))=C(C=C5)C=C13,structures/syn_C_NMe_2-Cl_C.xyz
syn_C_NMe_2-CN_2-OMe,C1=C2C=C(N4C)C(C=C4(OC))=CC2=CC3=CC(C=C5(C#N))=C(C=C5)C=C13,structures/syn_C_NMe_2-CN_2-OMe.xyz
syn_C_NMe_2-OMe_diCF3,C1=C2C=C(N4C)C(C(C(F)(F)(F))=C4(C(F)(F)(F)))=CC2=CC3=CC(C=C5(OC))=C(C=C5)C=C13,structures/syn_C_NMe_2-OMe_diCF3.xyz
syn_C_NMe_diCl_2-OMe,C1=C2C=C(N4C)C(C=C4(OC))=CC2=CC3=CC(C(Cl)=C5(Cl))=C(C=C5)C=C13,structures/syn_C_NMe_diCl_2-OMe.xyz
syn_C_NMe_diCl_m-OMebenz,C1=C2C=C(N4C)C(C(C=C6)=C4(C=C6(OC)))=CC2=CC3=CC(C(Cl)=C5(Cl))=C(C=C5)C=C13,structures/syn_C_NMe_diCl_m-OMebenz.xyz
syn_C_NMe_diCN_diOMe,C1=C2C=C(N4C)C(C(OC)=C4(OC))=CC2=CC3=CC(C(C#N)=C5(C#N))=C(C=C5)C=C13,structures/syn_C_NMe_diCN_diOMe.xyz
syn_C_NMe_diF_p-CF3benz,C1=C2C=C(N4C)C(C(C=C6(C(F)(F)(F)))=C4(C=C6))=CC2=CC3=CC(C(F)=C5(F))=C(C=C5)C=C13,structures/syn_C_NMe_diF_p-CF3benz.xyz
syn_C_NMe_p-CF3benz_m-CNbenz,C1=C2C=C(N4C)C(C(C=C6)=C4(C=C6(C#N)))=CC2=CC3=CC(C(C=C7(C(F)(F)(F)))=C5(C=C7))=C(C=C5)C=C13,structures/syn_C_NMe_p-CF3benz_m-CNbenz.xyz
syn_C_NMe_tetClbenz_diCl,C1=C2C=C(N4C)C(C(Cl)=C4(Cl))=CC2=CC3=CC(C(C(Cl)=C7(Cl))=C5(C(Cl)=C7(Cl)))=C(C=C5)C=C13,structures/syn_C_NMe_tetClbenz_diCl.xyz
syn_C_NPh_2-OMe_2-OMe,C1=C2C=C(N4(C9=CC=CC=C9))C(C=C4(OC))=CC2=CC3=CC(C=C5(OC))=C(C=C5)C=C13,structures/syn_C_NPh_2-OMe_2-OMe.xyz
syn_C_NPh_3-CN_benz,C1=C2C=C(N4(C9=CC=CC=C9))C(C(C=C6)=C4(C=C6))=CC2=CC3=CC(C(C#N)=C5)=C(C=C5)C=C13,structures/syn_C_NPh_3-CN_benz.xyz
syn_C_NPh_3-CN_p-CF3benz,C1=C2C=C(N4(C9=CC=CC=C9))C(C(C=C6(C(F)(F)(F)))=C4(C=C6))=CC2=CC3=CC(C(C#N)=C5)=C(C=C5)C=C13,structures/syn_C_NPh_3-CN_p-CF3benz.xyz
syn_C_NPh_diCN_diCN,C1=C2C=C(N4(C9=CC=CC=C9))C(C(C#N)=C4(C#N))=CC2=CC3=CC(C(C#N)=C5(C#N))=C(C=C5)C=C13,structures/syn_C_NPh_diCN_diCN.xyz
syn_C_NPh_diCN_m-CNbenz,C1=C2C=C(N4(C9=CC=CC=C9))C(C(C=C6)=C4(C=C6(C#N)))=CC2=CC3=CC(C(C#N)=C5(C#N))=C(C=C5)C=C13,structures/syn_C_NPh_diCN_m-CNbenz.xyz
syn_C_NPh_diF_3-OMe,C1=C2C=C(N4(C9=CC=CC=C9))C(C(OC)=C4)=CC2=CC3=CC(C(F)=C5(F))=C(C=C5)C=C13,structures/syn_C_NPh_diF_3-OMe.xyz
syn_C_NPh_p-CNbenz_tetClbenz,C1=C2C=C(N4(C9=CC=CC=C9))C(C(C(Cl)=C6(Cl))=C4(C(Cl)=C6(Cl)))=CC2=CC3=CC(C(C=C7(C#N))=C5(C=C7))=C(C=C5)C=C13,structures/syn_C_NPh_p-CNbenz_tetClbenz.xyz
syn_C_NPh_tetFbenz_3-CN,C1=C2C=C(N4(C9=CC=CC=C9))C(C(C#N)=C4)=CC2=CC3=CC(C(C(F)=C7(F))=C5(C(F)=C7(F)))=C(C=C5)C=C13,structures/syn_C_NPh_tetFbenz_3-CN.xyz
syn_C_O_2-CN_p-CNbenz,C1=C2C=C(O4)C(C(C=C6(C#N))=C4(C=C6))=CC2=CC3=CC(C=C5(C#N))=C(C=C5)C=C13,structures/syn_C_O_2-CN_p-CNbenz.xyz
syn_C_O_2-F_2-Cl,C1=C2C=C(O4)C(C=C4(Cl))=CC2=CC3=CC(C=C5(F))=C(C=C5)C=C13,structures/syn_C_O_2-F_2-Cl.xyz
syn_C_O_2-F_diF,C1=C2C=C(O4)C(C(F)=C4(F))=CC2=CC3=CC(C=C5(F))=C(C=C5)C=C13,structures/syn_C_O_2-F_diF.xyz
syn_C_O_3-CF3_benz,C1=C2C=C(O4)C(C(C=C6)=C4(C=C6))=CC2=CC3=CC(C(C(F)(F)(F))=C5)=C(C=C5)C=C13,structures/syn_C_O_3-CF3_benz.xyz
syn_C_O_3-CF3_p-CF3benz,C1=C2C=C(O4)C(C(C=C6(C(F)(F)(F)))=C4(C=C6))=CC2=CC3=CC(C(C(F)(F)(F))=C5)=C(C=C5)C=C13,structures/syn_C_O_3-CF3_p-CF3benz.xyz
syn_C_O_3-OMe_diCF3,C1=C2C=C(O4)C(C(C(F)(F)(F))=C4(C(F)(F)(F)))=CC2=CC3=CC(C(OC)=C5)=C(C=C5)C=C13,structures/syn_C_O_3-OMe_diCF3.xyz
syn_C_O_diCN_tetFbenz,C1=C2C=C(O4)C(C(C(F)=C6(F))=C4(C(F)=C6(F)))=CC2=CC3=CC(C(C#N)=C5(C#N))=C(C=C5)C=C13,structures/syn_C_O_diCN_tetFbenz.xyz
syn_C_O_diF_2-CN,C1=C2C=C(O4)C(C=C4(C#N))=CC2=CC3=CC(C(F)=C5(F))=C(C=C5)C=C13,structures/syn_C_O_diF_2-CN.xyz
syn_C_O_diOMe_2-OMe,C1=C2C=C(O4)C(C=C4(OC))=CC2=CC3=CC(C(OC)=C5(OC))=C(C=C5)C=C13,structures/syn_C_O_diOMe_2-OMe.xyz
syn_C_O_p-CF3benz_tetFbenz,C1=C2C=C(O4)C(C(C(F)=C6(F))=C4(C(F)=C6(F)))=CC2=CC3=CC(C(C=C7(C(F)(F)(F)))=C5(C=C7))=C(C=C5)C=C13,structures/syn_C_O_p-CF3benz_tetFbenz.xyz
syn_C_O_p-OMebenz_p-CF3benz,C1=C2C=C(O4)C(C(C=C6(C(F)(F)(F)))=C4(C=C6))=CC2=CC3=CC(C(C=C7(OC))=C5(C=C7))=C(C=C5)C=C13,structures/syn_C_O_p-OMebenz_p-CF3benz.xyz
syn_C_O_p-OMebenz_p-OMebenz,C1=C2C=C(O4)C(C(C=C6(OC))=C4(C=C6))=CC2=CC3=CC(C(C=C7(OC))=C5(C=C7))=C(C=C5)C=C13,structures/syn_C_O_p-OMebenz_p-OMebenz.xyz
syn_C_O_tetFbenz_p-CNbenz,C1=C2C=C(O4)C(C(C=C6(C#N))=C4(C=C6))=CC2=CC3=CC(C(C(F)=C7(F))=C5(C(F)=C7(F)))=C(C=C5)C=C13,structures/syn_C_O_tetFbenz_p-CNbenz.xyz
syn_C_S_2-CF3_m-CNbenz,C1=C2C=C(S4)C(C(C=C6)=C4(C=C6(C#N)))=CC2=CC3=CC(C=C5(C(F)(F)(F)))=C(C=C5)C=C13,structures/syn_C_S_2-CF3_m-CNbenz.xyz
syn_C_S_3-CF3_3-CN,C1=C2C=C(S4)C(C(C#N)=C4)=CC2=CC3=CC(C(C(F)(F)(F))=C5)=C(C=C5)C=C13,structures/syn_C_S_3-CF3_3-CN.xyz
syn_C_S_benz_p-CNbenz,C1=C2C=C(S4)C(C(C=C6(C#N))=C4(C=C6))=CC2=CC3=CC(C(C=C7)=C5(C=C7))=C(C=C5)C=C13,structures/syn_C_S_benz_p-CNbenz.xyz
syn_C_S_C_diCN,C1=C2C=C(S4)C(C(C#N)=C4(C#N))=CC2=CC3=CC(C=C5)=C(C=C5)C=C13,structures/syn_C_S_C_diCN.xyz
syn_C_S_diF_2-F,C1=C2C=C(S4)C(C=C4(F))=CC2=CC3=CC(C(F)=C5(F))=C(C=C5)C=C13,structures/syn_C_S_diF_2-F.xyz
syn_C_S_m-CF3benz_2-CF3,C1=C2C=C(S4)C(C=C4(C(F)(F)(F)))=CC2=CC3=CC(C(C=C7)=C5(C=C7(C(F)(F)(F))))=C(C=C5)C=C13,structures/syn_C_S_m-CF3benz_2-CF3.xyz
syn_C_S_m-CF3benz_diCF3,C1=C2C=C(S4)C(C(C(F)(F)(F))=C4(C(F)(F)(F)))=CC2=CC3=CC(C(C=C7)=C5(C=C7(C(F)(F)(F))))=C(C=C5)C=C13,structures/syn_C_S_m-CF3benz_diCF3.xyz
syn_C_S_m-CF3benz_tetClbenz,C1=C2C=C(S4)C(C(C(Cl)=C6(Cl))=C4(C(Cl)=C6(Cl)))=CC2=CC3=CC(C(C=C7)=C5(C=C7(C(F)(F)(F))))=C(C=C5)C=C13,structures/syn_C_S_m-CF3benz_tetClbenz.xyz
syn_C_S_p-CNbenz_benz,C1=C2C=C(S4)C(C(C=C6)=C4(C=C6))=CC2=CC3=CC(C(C=C7(C#N))=C5(C=C7))=C(C=C5)C=C13,structures/syn_C_S_p-CNbenz_benz.xyz
syn_NMe_NMe_2-CF3_m-OMebenz,C1=C2C=C(N4C)C(C(C=C6)=C4(C=C6(OC)))=CC2=CC3=CC(C=C5(C(F)(F)(F)))=C(N5C)C=C13,structures/syn_NMe_NMe_2-CF3_m-OMebenz.xyz
syn_NMe_NMe_2-CF3_p-OMebenz,C1=C2C=C(N4C)C(C(C=C6(OC))=C4(C=C6))=CC2=CC3=CC(C=C5(C(F)(F)(F)))=C(N5C)C=C13,structures/syn_NMe_NMe_2-CF3_p-OMebenz.xyz
syn_NMe_NMe_3-Cl_m-CNbenz,C1=C2C=C(N4C)C(C(C=C6)=C4(C=C6(C#N)))=CC2=CC3=CC(C(Cl)=C5)=C(N5C)C=C13,structures/syn_NMe_NMe_3-Cl_m-CNbenz.xyz
syn_NMe_NMe_3-F_diOMe,C1=C2C=C(N4C)C(C(OC)=C4(OC))=CC2=CC3=CC(C(F)=C5)=C(N5C)C=C13,structures/syn_NMe_NMe_3-F_diOMe.xyz
syn_NMe_NMe_3-OMe_m-CNbenz,C1=C2C=C(N4C)C(C(C=C6)=C4(C=C6(C#N)))=CC2=CC3=CC(C(OC)=C5)=C(N5C)C=C13,structures/syn_NMe_NMe_3-OMe_m-CNbenz.xyz
syn_NMe_NMe_C_m-CF3benz,C1=C2C=C(N4C)C(C(C=C6)=C4(C=C6(C(F)(F)(F))))=CC2=CC3=CC(C=C5)=C(N5C)C=C13,structures/syn_NMe_NMe_C_m-CF3benz.xyz
syn_NMe_NPh_2-CN_C,C1=C2C=C(N4(C9=CC=CC=C9))C(C=C4)=CC2=CC3=CC(C=C5(C#N))=C(N5C)C=C13,structures/syn_NMe_NPh_2-CN_C.xyz
syn_NMe_NPh_3-CF3_benz,C1=C2C=C(N4(C9=CC=CC=C9))C(C(C=C6)=C4(C=C6))=CC2=CC3=CC(C(C(F)(F)(F))=C5)=C(N5C)C=C13,structures/syn_NMe_NPh_3-CF3_benz.xyz
syn_NMe_NPh_3-CN_m-CF3benz,C1=C2C=C(N4(C9=CC=CC=C9))C(C(C=C6)=C4(C=C6(C(F)(F)(F))))=CC2=CC3=CC(C(C#N)=C5)=C(N5C)C=C13,structures/syn_NMe_NPh_3-CN_m-CF3benz.xyz
syn_NMe_NPh_3-F_2-CF3,C1=C2C=C(N4(C9=CC=CC=C9))C(C=C4(C(F)(F)(F)))=CC2=CC3=CC(C(F)=C5)=C(N5C)C=C13,structures/syn_NMe_NPh_3-F_2-CF3.xyz
syn_NMe_NPh_3-OMe_p-CNbenz,C1=C2C=C(N4(C9=CC=CC=C9))C(C(C=C6(C#N))=C4(C=C6))=CC2=CC3=CC(C(OC)=C5)=C(N5C)C=C13,structures/syn_NMe_NPh_3-OMe_p-CNbenz.xyz
syn_NMe_NPh_diCF3_2-CF3,C1=C2C=C(N4(C9=CC=CC=C9))C(C=C4(C(F)(F)(F)))=CC2=CC3=CC(C(C(F)(F)(F))=C5(C(F)(F)(F)))=C(N5C)C=C13,structures/syn_NMe_NPh_diCF3_2-CF3.xyz
syn_NMe_NPh_diCl_p-CNbenz,C1=C2C=C(N4(C9=CC=CC=C9))C(C(C=C6(C#N))=C4(C=C6))=CC2=CC3=CC(C(Cl)=C5(Cl))=C(N5C)C=C13,structures/syn_NMe_NPh_diCl_p-CNbenz.xyz
syn_NMe_NPh_diF_benz,C1=C2C=C(N4(C9=CC=CC=C9))C(C(C=C6)=C4(C=C6))=CC2=CC3=CC(C(F)=C5(F))=C(N5C)C=C13,structures/syn_NMe_NPh_diF_benz.xyz
syn_NMe_NPh_p-CNbenz_diCF3,C1=C2C=C(N4(C9=CC=CC=C9))C(C(C(F)(F)(F))=C4(C(F)(F)(F)))=CC2=CC3=CC(C(C=C7(C#N))=C5(C=C7))=C(N5C)C=C13,structures/syn_NMe_NPh_p-CNbenz_diCF3.xyz
syn_NMe_NPh_p-OMebenz_2-F,C1=C2C=C(N4(C9=CC=CC=C9))C(C=C4(F))=CC2=CC3=CC(C(C=C7(OC))=C5(C=C7))=C(N5C)C=C13,structures/syn_NMe_NPh_p-OMebenz_2-F.xyz
syn_NMe_NPh_tetClbenz_3-F,C1=C2C=C(N4(C9=CC=CC=C9))C(C(F)=C4)=CC2=CC3=CC(C(C(Cl)=C7(Cl))=C5(C(Cl)=C7(Cl)))=C(N5C)C=C13,structures/syn_NMe_NPh_tetClbenz_3-F.xyz
syn_NPh_NPh_2-OMe_p-CF3benz,C1=C2C=C(N4(C9=CC=CC=C9))C(C(C=C6(C(F)(F)(F)))=C4(C=C6))=CC2=CC3=CC(C=C5(OC))=C(N5(C8=CC=CC=C8))C=C13,structures/syn_NPh_NPh_2-OMe_p-CF3benz.xyz
syn_NPh_NPh_3-Cl_diF,C1=C2C=C(N4(C9=CC=CC=C9))C(C(F)=C4(F))=CC2=CC3=CC(C(Cl)=C5)=C(N5(C8=CC=CC=C8))C=C13,structures/syn_NPh_NPh_3-Cl_diF.xyz
syn_NPh_NPh_3-F_diF,C1=C2C=C(N4(C9=CC=CC=C9))C(C(F)=C4(F))=CC2=CC3=CC(C(F)=C5)=C(N5(C8=CC=CC=C8))C=C13,structures/syn_NPh_NPh_3-F_diF.xyz
syn_NPh_NPh_3-F_p-CNbenz,C1=C2C=C(N4(C9=CC=CC=C9))C(C(C=C6(C#N))=C4(C=C6))=CC2=CC3=CC(C(F)=C5)=C(N5(C8=CC=CC=C8))C=C13,structures/syn_NPh_NPh_3-F_p-CNbenz.xyz
syn_NPh_NPh_3-F_p-OMebenz,C1=C2C=C(N4(C9=CC=CC=C9))C(C(C=C6(OC))=C4(C=C6))=CC2=CC3=CC(C(F)=C5)=C(N5(C8=CC=CC=C8))C=C13,structures/syn_NPh_NPh_3-F_p-OMebenz.xyz
syn_NPh_NPh_C_p-CF3benz,C1=C2C=C(N4(C9=CC=CC=C9))C(C(C=C6(C(F)(F)(F)))=C4(C=C6))=CC2=CC3=CC(C=C5)=C(N5(C8=CC=CC=C8))C=C13,structures/syn_NPh_NPh_C_p-CF3benz.xyz
syn_NPh_NPh_diOMe_m-CF3benz,C1=C2C=C(N4(C9=CC=CC=C9))C(C(C=C6)=C4(C=C6(C(F)(F)(F))))=CC2=CC3=CC(C(OC)=C5(OC))=C(N5(C8=CC=CC=C8))C=C13,structures/syn_NPh_NPh_diOMe_m-CF3benz.xyz
syn_NPh_NPh_tetFbenz_p-OMebenz,C1=C2C=C(N4(C9=CC=CC=C9))C(C(C=C6(OC))=C4(C=C6))=CC2=CC3=CC(C(C(F)=C7(F))=C5(C(F)=C7(F)))=C(N5(C8=CC=CC=C8))C=C13,structures/syn_NPh_NPh_tetFbenz_p-OMebenz.xyz
syn_O_NMe_2-Cl_2-CF3,C1=C2C=C(N4C)C(C=C4(C(F)(F)(F)))=CC2=CC3=CC(C=C5(Cl))=C(O5)C=C13,structures/syn_O_NMe_2-Cl_2-CF3.xyz
syn_O_NMe_2-CN_3-OMe,C1=C2C=C(N4C)C(C(OC)=C4)=CC2=CC3=CC(C=C5(C#N))=C(O5)C=C13,structures/syn_O_NMe_2-CN_3-OMe.xyz
syn_O_NMe_3-CN_3-Cl,C1=C2C=C(N4C)C(C(Cl)=C4)=CC2=CC3=CC(C(C#N)=C5)=C(O5)C=C13,structures/syn_O_NMe_3-CN_3-Cl.xyz
syn_O_NMe_diCN_C,C1=C2C=C(N4C)C(C=C4)=CC2=CC3=CC(C(C#N)=C5(C#N))=C(O5)C=C13,structures/syn_O_NMe_diCN_C.xyz
syn_O_NMe_m-CNbenz_2-Cl,C1=C2C=C(N4C)C(C=C4(Cl))=CC2=CC3=CC(C(C=C7)=C5(C=C7(C#N)))=C(O5)C=C13,structures/syn_O_NMe_m-CNbenz_2-Cl.xyz
syn_O_NPh_m-CNbenz_diF,C1=C2C=C(N4(C9=CC=CC=C9))C(C(F)=C4(F))=CC2=CC3=CC(C(C=C7)=C5(C=C7(C#N)))=C(O5)C=C13,structures/syn_O_NPh_m-CNbenz_diF.xyz
syn_O_NPh_m-CNbenz_diOMe,C1=C2C=C(N4(C9=CC=CC=C9))C(C(OC)=C4(OC))=CC2=CC3=CC(C(C=C7)=C5(C=C7(C#N)))=C(O5)C=C13,structures/syn_O_NPh_m-CNbenz_diOMe.xyz
syn_O_NPh_m-OMebenz_p-CF3benz,C1=C2C=C(N4(C9=CC=CC=C9))C(C(C=C6(C(F)(F)(F)))=C4(C=C6))=CC2=CC3=CC(C(C=C7)=C5(C=C7(OC)))=C(O5)C=C13,structures/syn_O_NPh_m-OMebenz_p-CF3benz.xyz
syn_O_O_2-OMe_tetClbenz,C1=C2C=C(O4)C(C(C(Cl)=C6(Cl))=C4(C(Cl)=C6(Cl)))=CC2=CC3=CC(C=C5(OC))=C(O5)C=C13,structures/syn_O_O_2-OMe_tetClbenz.xyz
syn_O_O_C_diCN,C1=C2C=C(O4)C(C(C#N)=C4(C#N))=CC2=CC3=CC(C=C5)=C(O5)C=C13,structures/syn_O_O_C_diCN.xyz
syn_O_O_diCl_diCF3,C1=C2C=C(O4)C(C(C(F)(F)(F))=C4(C(F)(F)(F)))=CC2=CC3=CC(C(Cl)=C5(Cl))=C(O5)C=C13,structures/syn_O_O_diCl_diCF3.xyz
syn_O_O_diOMe_benz,C1=C2C=C(O4)C(C(C=C6)=C4(C=C6))=CC2=CC3=CC(C(OC)=C5(OC))=C(O5)C=C13,structures/syn_O_O_diOMe_benz.xyz
syn_S_NMe_2-F_m-OMebenz,C1=C2C=C(N4C)C(C(C=C6)=C4(C=C6(OC)))=CC2=CC3=CC(C=C5(F))=C(S5)C=C13,structures/syn_S_NMe_2-F_m-OMebenz.xyz
syn_S_NMe_3-F_2-CN,C1=C2C=C(N4C)C(C=C4(C#N))=CC2=CC3=CC(C(F)=C5)=C(S5)C=C13,structures/syn_S_NMe_3-F_2-CN.xyz
syn_S_NMe_C_tetFbenz,C1=C2C=C(N4C)C(C(C(F)=C6(F))=C4(C(F)=C6(F)))=CC2=CC3=CC(C=C5)=C(S5)C=C13,structures/syn_S_NMe_C_tetFbenz.xyz
syn_S_NMe_diCF3_2-Cl,C1=C2C=C(N4C)C(C=C4(Cl))=CC2=CC3=CC(C(C(F)(F)(F))=C5(C(F)(F)(F)))=C(S5)C=C13,structures/syn_S_NMe_diCF3_2-Cl.xyz
syn_S_NMe_diCN_3-OMe,C1=C2C=C(N4C)C(C(OC)=C4)=CC2=CC3=CC(C(C#N)=C5(C#N))=C(S5)C=C13,structures/syn_S_NMe_diCN_3-OMe.xyz
syn_S_NMe_diCN_diF,C1=C2C=C(N4C)C(C(F)=C4(F))=CC2=CC3=CC(C(C#N)=C5(C#N))=C(S5)C=C13,structures/syn_S_NMe_diCN_diF.xyz
syn_S_NMe_diF_benz,C1=C2C=C(N4C)C(C(C=C6)=C4(C=C6))=CC2=CC3=CC(C(F)=C5(F))=C(S5)C=C13,structures/syn_S_NMe_diF_benz.xyz
syn_S_NMe_m-CF3benz_3-CN,C1=C2C=C(N4C)C(C(C#N)=C4)=CC2=CC3=CC(C(C=C7)=C5(C=C7(C(F)(F)(F))))=C(S5)C=C13,structures/syn_S_NMe_m-CF3benz_3-CN.xyz
syn_S_NMe_m-CF3benz_3-OMe,C1=C2C=C(N4C)C(C(OC)=C4)=CC2=CC3=CC(C(C=C7)=C5(C=C7(C(F)(F)(F))))=C(S5)C=C13,structures/syn_S_NMe_m-CF3benz_3-OMe.xyz
syn_S_NMe_m-CNbenz_2-Cl,C1=C2C=C(N4C)C(C=C4(Cl))=CC2=CC3=CC(C(C=C7)=C5(C=C7(C#N)))=C(S5)C=C13,structures/syn_S_NMe_m-CNbenz_2-Cl.xyz
syn_S_NPh_2-CF3_p-CF3benz,C1=C2C=C(N4(C9=CC=CC=C9))C(C(C=C6(C(F)(F)(F)))=C4(C=C6))=CC2=CC3=CC(C=C5(C(F)(F)(F)))=C(S5)C=C13,structures/syn_S_NPh_2-CF3_p-CF3benz.xyz
syn_S_NPh_2-Cl_3-OMe,C1=C2C=C(N4(C9=CC=CC=C9))C(C(OC)=C4)=CC2=CC3=CC(C=C5(Cl))=C(S5)C=C13,structures/syn_S_NPh_2-Cl_3-OMe.xyz
syn_S_NPh_3-CN_3-Cl,C1=C2C=C(N4(C9=CC=CC=C9))C(C(Cl)=C4)=CC2=CC3=CC(C(C#N)=C5)=C(S5)C=C13,structures/syn_S_NPh_3-CN_3-Cl.xyz
syn_S_NPh_3-F_3-Cl,C1=C2C=C(N4(C9=CC=CC=C9))C(C(Cl)=C4)=CC2=CC3=CC(C(F)=C5)=C(S5)C=C13,structures/syn_S_NPh_3-F_3-Cl.xyz
syn_S_NPh_3-OMe_3-CF3,C1=C2C=C(N4(C9=CC=CC=C9))C(C(C(F)(F)(F))=C4)=CC2=CC3=CC(C(OC)=C5)=C(S5)C=C13,structures/syn_S_NPh_3-OMe_3-CF3.xyz
syn_S_NPh_C_diOMe,C1=C2C=C(N4(C9=CC=CC=C9))C(C(OC)=C4(OC))=CC2=CC3=CC(C=C5)=C(S5)C=C13,structures/syn_S_NPh_C_diOMe.xyz
syn_S_NPh_diCF3_2-CF3,C1=C2C=C(N4(C9=CC=CC=C9))C(C=C4(C(F)(F)(F)))=CC2=CC3=CC(C(C(F)(F)(F))=C5(C(F)(F)(F)))=C(S5)C=C13,structures/syn_S_NPh_diCF3_2-CF3.xyz
syn_S_NPh_diCl_m-CF3benz,C1=C2C=C(N4(C9=CC=CC=C9))C(C(C=C6)=C4(C=C6(C(F)(F)(F))))=CC2=CC3=CC(C(Cl)=C5(Cl))=C(S5)C=C13,structures/syn_S_NPh_diCl_m-CF3benz.xyz
syn_S_NPh_diCl_p-CNbenz,C1=C2C=C(N4(C9=CC=CC=C9))C(C(C=C6(C#N))=C4(C=C6))=CC2=CC3=CC(C(Cl)=C5(Cl))=C(S5)C=C13,structures/syn_S_NPh_diCl_p-CNbenz.xyz
syn_S_NPh_diCN_p-OMebenz,C1=C2C=C(N4(C9=CC=CC=C9))C(C(C=C6(OC))=C4(C=C6))=CC2=CC3=CC(C(C#N)=C5(C#N))=C(S5)C=C13,structures/syn_S_NPh_diCN_p-OMebenz.xyz
syn_S_NPh_diOMe_diF,C1=C2C=C(N4(C9=CC=CC=C9))C(C(F)=C4(F))=CC2=CC3=CC(C(OC)=C5(OC))=C(S5)C=C13,structures/syn_S_NPh_diOMe_diF.xyz
syn_S_NPh_m-CF3benz_2-Cl,C1=C2C=C(N4(C9=CC=CC=C9))C(C=C4(Cl))=CC2=CC3=CC(C(C=C7)=C5(C=C7(C(F)(F)(F))))=C(S5)C=C13,structures/syn_S_NPh_m-CF3benz_2-Cl.xyz
syn_S_NPh_m-CNbenz_3-Cl,C1=C2C=C(N4(C9=CC=CC=C9))C(C(Cl)=C4)=CC2=CC3=CC(C(C=C7)=C5(C=C7(C#N)))=C(S5)C=C13,structures/syn_S_NPh_m-CNbenz_3-Cl.xyz
syn_S_NPh_m-OMebenz_2-CF3,C1=C2C=C(N4(C9=CC=CC=C9))C(C=C4(C(F)(F)(F)))=CC2=CC3=CC(C(C=C7)=C5(C=C7(OC)))=C(S5)C=C13,structures/syn_S_NPh_m-OMebenz_2-CF3.xyz
syn_S_NPh_tetClbenz_p-OMebenz,C1=C2C=C(N4(C9=CC=CC=C9))C(C(C=C6(OC))=C4(C=C6))=CC2=CC3=CC(C(C(Cl)=C7(Cl))=C5(C(Cl)=C7(Cl)))=C(S5)C=C13,structures/syn_S_NPh_tetClbenz_p-OMebenz.xyz
syn_S_O_2-CF3_benz,C1=C2C=C(O4)C(C(C=C6)=C4(C=C6))=CC2=CC3=CC(C=C5(C(F)(F)(F)))=C(S5)C=C13,structures/syn_S_O_2-CF3_benz.xyz
syn_S_O_3-OMe_2-CN,C1=C2C=C(O4)C(C=C4(C#N))=CC2=CC3=CC(C(OC)=C5)=C(S5)C=C13,structures/syn_S_O_3-OMe_2-CN.xyz
syn_S_O_diCl_3-Cl,C1=C2C=C(O4)C(C(Cl)=C4)=CC2=CC3=CC(C(Cl)=C5(Cl))=C(S5)C=C13,structures/syn_S_O_diCl_3-Cl.xyz
syn_S_O_p-OMebenz_3-CF3,C1=C2C=C(O4)C(C(C(F)(F)(F))=C4)=CC2=CC3=CC(C(C=C7(OC))=C5(C=C7))=C(S5)C=C13,structures/syn_S_O_p-OMebenz_3-CF3.xyz
syn_S_O_p-OMebenz_m-CF3benz,C1=C2C=C(O4)C(C(C=C6)=C4(C=C6(C(F)(F)(F))))=CC2=CC3=CC(C(C=C7(OC))=C5(C=C7))=C(S5)C=C13,structures/syn_S_O_p-OMebenz_m-CF3benz.xyz
syn_S_S_2-F_p-OMebenz,C1=C2C=C(S4)C(C(C=C6(OC))=C4(C=C6))=CC2=CC3=CC(C=C5(F))=C(S5)C=C13,structures/syn_S_S_2-F_p-OMebenz.xyz
syn_S_S_3-CN_diOMe,C1=C2C=C(S4)C(C(OC)=C4(OC))=CC2=CC3=CC(C(C#N)=C5)=C(S5)C=C13,structures/syn_S_S_3-CN_diOMe.xyz
syn_S_S_3-F_p-CF3benz,C1=C2C=C(S4)C(C(C=C6(C(F)(F)(F)))=C4(C=C6))=CC2=CC3=CC(C(F)=C5)=C(S5)C=C13,structures/syn_S_S_3-F_p-CF3benz.xyz
syn_S_S_C_m-CF3benz,C1=C2C=C(S4)C(C(C=C6)=C4(C=C6(C(F)(F)(F))))=CC2=CC3=CC(C=C5)=C(S5)C=C13,structures/syn_S_S_C_m-CF3benz.xyz
syn_S_S_diCF3_diCN,C1=C2C=C(S4)C(C(C#N)=C4(C#N))=CC2=CC3=CC(C(C(F)(F)(F))=C5(C(F)(F)(F)))=C(S5)C=C13,structures/syn_S_S_diCF3_diCN.xyz
anti_C_C_2-CF3_benz,C1=C2C=C(C(C=C6)=C4(C=C6))C(C=C4)=CC2=CC3=CC(C=C5(C(F)(F)(F)))=C(C=C5)C=C13,structures/anti_C_C_2-CF3_benz.xyz
anti_C_C_2-CF3_m-CF3benz,C1=C2C=C(C(C=C6)=C4(C=C6(C(F)(F)(F))))C(C=C4)=CC2=CC3=CC(C=C5(C(F)(F)(F)))=C(C=C5)C=C13,structures/anti_C_C_2-CF3_m-CF3benz.xyz
anti_C_C_2-Cl_3-CF3,C1=C2C=C(C(C(F)(F)(F))=C4)C(C=C4)=CC2=CC3=CC(C=C5(Cl))=C(C=C5)C=C13,structures/anti_C_C_2-Cl_3-CF3.xyz
anti_C_C_3-CF3_3-CF3,C1=C2C=C(C(C(F)(F)(F))=C4)C(C=C4)=CC2=CC3=CC(C(C(F)(F)(F))=C5)=C(C=C5)C=C13,structures/anti_C_C_3-CF3_3-CF3.xyz
anti_C_C_3-F_diOMe,C1=C2C=C(C(OC)=C4(OC))C(C=C4)=CC2=CC3=CC(C(F)=C5)=C(C=C5)C=C13,structures/anti_C_C_3-F_diOMe.xyz
anti_C_C_diCN_p-CNbenz,C1=C2C=C(C(C=C6(C#N))=C4(C=C6))C(C=C4)=CC2=CC3=CC(C(C#N)=C5(C#N))=C(C=C5)C=C13,structures/anti_C_C_diCN_p-CNbenz.xyz
anti_C_C_p-OMebenz_p-OMebenz,C1=C2C=C(C(C=C6(OC))=C4(C=C6))C(C=C4)=CC2=CC3=CC(C(C=C7(OC))=C5(C=C7))=C(C=C5)C=C13,structures/anti_C_C_p-OMebenz_p-OMebenz.xyz
anti_C_C_tetClbenz_m-OMebenz,C1=C2C=C(C(C=C6)=C4(C=C6(OC)))C(C=C4)=CC2=CC3=CC(C(C(Cl)=C7(Cl))=C5(C(Cl)=C7(Cl)))=C(C=C5)C=C13,structures/anti_C_C_tetClbenz_m-OMebenz.xyz
anti_C_NMe_3-CF3_2-CN,C1=C2C=C(C=C4(C#N))C(N4C)=CC2=CC3=CC(C(C(F)(F)(F))=C5)=C(C=C5)C=C13,structures/anti_C_NMe_3-CF3_2-CN.xyz
anti_C_NMe_3-F_2-F,C1=C2C=C(C=C4(F))C(N4C)=CC2=CC3=CC(C(F)=C5)=C(C=C5)C=C13,structures/anti_C_NMe_3-F_2-F.xyz
anti_C_NMe_3-OMe_benz,C1=C2C=C(C(C=C6)=C4(C=C6))C(N4C)=CC2=CC3=CC(C(OC)=C5)=C(C=C5)C=C13,structures/anti_C_NMe_3-OMe_benz.xyz
anti_C_NMe_diCl_p-CF3benz,C1=C2C=C(C(C=C6(C(F)(F)(F)))=C4(C=C6))C(N4C)=CC2=CC3=CC(C(Cl)=C5(Cl))=C(C=C5)C=C13,structures/anti_C_NMe_diCl_p-CF3benz.xyz
anti_C_NMe_tetClbenz_p-CNbenz,C1=C2C=C(C(C=C6(C#N))=C4(C=C6))C(N4C)=CC2=CC3=CC(C(C(Cl)=C7(Cl))=C5(C(Cl)=C7(Cl)))=C(C=C5)C=C13,structures/anti_C_NMe_tetClbenz_p-CNbenz.xyz
anti_C_NPh_2-F_3-OMe,C1=C2C=C(C(OC)=C4)C(N4(C9=CC=CC=C9))=CC2=CC3=CC(C=C5(F))=C(C=C5)C=C13,structures/anti_C_NPh_2-F_3-OMe.xyz
anti_C_NPh_2-F_C,C1=C2C=C(C=C4)C(N4(C9=CC=CC=C9))=CC2=CC3=CC(C=C5(F))=C(C=C5)C=C13,structures/anti_C_NPh_2-F_C.xyz
anti_C_NPh_3-CF3_2-CF3,C1=C2C=C(C=C4(C(F)(F)(F)))C(N4(C9=CC=CC=C9))=CC2=CC3=CC(C(C(F)(F)(F))=C5)=C(C=C5)C=C13,structures/anti_C_NPh_3-CF3_2-CF3.xyz
anti_C_NPh_3-F_benz,C1=C2C=C(C(C=C6)=C4(C=C6))C(N4(C9=CC=CC=C9))=CC2=CC3=CC(C(F)=C5)=C(C=C5)C=C13,structures/anti_C_NPh_3-F_benz.xyz
anti_C_NPh_3-OMe_diF,C1=C2C=C(C(F)=C4(F))C(N4(C9=CC=CC=C9))=CC2=CC3=CC(C(OC)=C5)=C(C=C5)C=C13,structures/anti_C_NPh_3-OMe_diF.xyz
anti_C_NPh_diCl_p-CF3benz,C1=C2C=C(C(C=C6(C(F)(F)(F)))=C4(C=C6))C(N4(C9=CC=CC=C9))=CC2=CC3=CC(C(Cl)=C5(Cl))=C(C=C5)C=C13,structures/anti_C_NPh_diCl_p-CF3benz.xyz
anti_C_NPh_diCN_m-CF3benz,C1=C2C=C(C(C=C6)=C4(C=C6(C(F)(F)(F))))C(N4(C9=CC=CC=C9))=CC2=CC3=CC(C(C#N)=C5(C#N))=C(C=C5)C=C13,structures/anti_C_NPh_diCN_m-CF3benz.xyz
anti_C_NPh_diF_p-OMebenz,C1=C2C=C(C(C=C6(OC))=C4(C=C6))C(N4(C9=CC=CC=C9))=CC2=CC3=CC(C(F)=C5(F))=C(C=C5)C=C13,structures/anti_C_NPh_diF_p-OMebenz.xyz
anti_C_NPh_diOMe_diOMe,C1=C2C=C(C(OC)=C4(OC))C(N4(C9=CC=CC=C9))=CC2=CC3=CC(C(OC)=C5(OC))=C(C=C5)C=C13,structures/anti_C_NPh_diOMe_diOMe.xyz
anti_C_NPh_p-CNbenz_2-F,C1=C2C=C(C=C4(F))C(N4(C9=CC=CC=C9))=CC2=CC3=CC(C(C=C7(C#N))=C5(C=C7))=C(C=C5)C=C13,structures/anti_C_NPh_p-CNbenz_2-F.xyz
anti_C_NPh_tetFbenz_3-CF3,C1=C2C=C(C(C(F)(F)(F))=C4)C(N4(C9=CC=CC=C9))=CC2=CC3=CC(C(C(F)=C7(F))=C5(C(F)=C7(F)))=C(C=C5)C=C13,structures/anti_C_NPh_tetFbenz_3-CF3.xyz
anti_C_O_2-Cl_m-OMebenz,C1=C2C=C(C(C=C6)=C4(C=C6(OC)))C(O4)=CC2=CC3=CC(C=C5(Cl))=C(C=C5)C=C13,structures/anti_C_O_2-Cl_m-OMebenz.xyz
anti_C_O_2-CN_diCN,C1=C2C=C(C(C#N)=C4(C#N))C(O4)=CC2=CC3=CC(C=C5(C#N))=C(C=C5)C=C13,structures/anti_C_O_2-CN_diCN.xyz
anti_C_O_3-CF3_2-OMe,C1=C2C=C(C=C4(OC))C(O4)=CC2=CC3=CC(C(C(F)(F)(F))=C5)=C(C=C5)C=C13,structures/anti_C_O_3-CF3_2-OMe.xyz
anti_C_O_3-CN_m-CNbenz,C1=C2C=C(C(C=C6)=C4(C=C6(C#N)))C(O4)=CC2=CC3=CC(C(C#N)=C5)=C(C=C5)C=C13,structures/anti_C_O_3-CN_m-CNbenz.xyz
anti_C_O_3-F_2-CF3,C1=C2C=C(C=C4(C(F)(F)(F)))C(O4)=CC2=CC3=CC(C(F)=C5)=C(C=C5)C=C13,structures/anti_C_O_3-F_2-CF3.xyz
anti_C_O_3-OMe_m-OMebenz,C1=C2C=C(C(C=C6)=C4(C=C6(OC)))C(O4)=CC2=CC3=CC(C(OC)=C5)=C(C=C5)C=C13,structures/anti_C_O_3-OMe_m-OMebenz.xyz
anti_C_O_diF_3-F,C1=C2C=C(C(F)=C4)C(O4)=CC2=CC3=CC(C(F)=C5(F))=C(C=C5)C=C13,structures/anti_C_O_diF_3-F.xyz
anti_C_O_diF_m-CNbenz,C1=C2C=C(C(C=C6)=C4(C=C6(C#N)))C(O4)=CC2=CC3=CC(C(F)=C5(F))=C(C=C5)C=C13,structures/anti_C_O_diF_m-CNbenz.xyz
anti_C_O_diF_tetFbenz,C1=C2C=C(C(C(F)=C6(F))=C4(C(F)=C6(F)))C(O4)=CC2=CC3=CC(C(F)=C5(F))=C(C=C5)C=C13,structures/anti_C_O_diF_tetFbenz.xyz
anti_C_O_m-OMebenz_tetClbenz,C1=C2C=C(C(C(Cl)=C6(Cl))=C4(C(Cl)=C6(Cl)))C(O4)=CC2=CC3=CC(C(C=C7)=C5(C=C7(OC)))=C(C=C5)C=C13,structures/anti_C_O_m-OMebenz_tetClbenz.xyz
anti_C_S_2-CF3_2-CN,C1=C2C=C(C=C4(C#N))C(S4)=CC2=CC3=CC(C=C5(C(F)(F)(F)))=C(C=C5)C=C13,structures/anti_C_S_2-CF3_2-CN.xyz
anti_C_S_3-Cl_2-Cl,C1=C2C=C(C=C4(Cl))C(S4)=CC2=CC3=CC(C(Cl)=C5)=C(C=C5)C=C13,structures/anti_C_S_3-Cl_2-Cl.xyz
anti_C_S_3-Cl_diCl,C1=C2C=C(C(Cl)=C4(Cl))C(S4)=CC2=CC3=CC(C(Cl)=C5)=C(C=C5)C=C13,structures/anti_C_S_3-Cl_diCl.xyz
anti_C_S_3-F_tetClbenz,C1=C2C=C(C(C(Cl)=C6(Cl))=C4(C(Cl)=C6(Cl)))C(S4)=CC2=CC3=CC(C(F)=C5)=C(C=C5)C=C13,structures/anti_C_S_3-F_tetClbenz.xyz
anti_C_S_m-CNbenz_tetFbenz,C1=C2C=C(C(C(F)=C6(F))=C4(C(F)=C6(F)))C(S4)=CC2=CC3=CC(C(C=C7)=C5(C=C7(C#N)))=C(C=C5)C=C13,structures/anti_C_S_m-CNbenz_tetFbenz.xyz
anti_C_S_tetClbenz_tetFbenz,C1=C2C=C(C(C(F)=C6(F))=C4(C(F)=C6(F)))C(S4)=CC2=CC3=CC(C(C(Cl)=C7(Cl))=C5(C(Cl)=C7(Cl)))=C(C=C5)C=C13,structures/anti_C_S_tetClbenz_tetFbenz.xyz
anti_NMe_NMe_2-CF3_diCl,C1=C2C=C(C(Cl)=C4(Cl))C(N4C)=CC2=CC3=CC(C=C5(C(F)(F)(F)))=C(N5C)C=C13,structures/anti_NMe_NMe_2-CF3_diCl.xyz
anti_NMe_NMe_2-Cl_3-CN,C1=C2C=C(C(C#N)=C4)C(N4C)=CC2=CC3=CC(C=C5(Cl))=C(N5C)C=C13,structures/anti_NMe_NMe_2-Cl_3-CN.xyz
anti_NMe_NPh_3-Cl_2-Cl,C1=C2C=C(C=C4(Cl))C(N4(C9=CC=CC=C9))=CC2=CC3=CC(C(Cl)=C5)=C(N5C)C=C13,structures/anti_NMe_NPh_3-Cl_2-Cl.xyz
anti_NMe_NPh_3-CN_m-CNbenz,C1=C2C=C(C(C=C6)=C4(C=C6(C#N)))C(N4(C9=CC=CC=C9))=CC2=CC3=CC(C(C#N)=C5)=C(N5C)C=C13,structures/anti_NMe_NPh_3-CN_m-CNbenz.xyz
anti_NMe_NPh_3-F_diCF3,C1=C2C=C(C(C(F)(F)(F))=C4(C(F)(F)(F)))C(N4(C9=CC=CC=C9))=CC2=CC3=CC(C(F)=C5)=C(N5C)C=C13,structures/anti_NMe_NPh_3-F_diCF3.xyz
anti_NMe_NPh_diCl_m-CNbenz,C1=C2C=C(C(C=C6)=C4(C=C6(C#N)))C(N4(C9=CC=CC=C9))=CC2=CC3=CC(C(Cl)=C5(Cl))=C(N5C)C=C13,structures/anti_NMe_NPh_diCl_m-CNbenz.xyz
anti_NMe_NPh_p-OMebenz_diCN,C1=C2C=C(C(C#N)=C4(C#N))C(N4(C9=CC=CC=C9))=CC2=CC3=CC(C(C=C7(OC))=C5(C=C7))=C(N5C)C=C13,structures/anti_NMe_NPh_p-OMebenz_diCN.xyz
anti_NPh_NPh_2-CN_diCl,C1=C2C=C(C(Cl)=C4(Cl))C(N4(C9=CC=CC=C9))=CC2=CC3=CC(C=C5(C#N))=C(N5(C8=CC=CC=C8))C=C13,structures/anti_NPh_NPh_2-CN_diCl.xyz
anti_NPh_NPh_2-CN_m-OMebenz,C1=C2C=C(C(C=C6)=C4(C=C6(OC)))C(N4(C9=CC=CC=C9))=CC2=CC3=CC(C=C5(C#N))=C(N5(C8=CC=CC=C8))C=C13,structures/anti_NPh_NPh_2-CN_m-OMebenz.xyz
anti_NPh_NPh_2-OMe_diCF3,C1=C2C=C(C(C(F)(F)(F))=C4(C(F)(F)(F)))C(N4(C9=CC=CC=C9))=CC2=CC3=CC(C=C5(OC))=C(N5(C8=CC=CC=C8))C=C13,structures/anti_NPh_NPh_2-OMe_diCF3.xyz
anti_NPh_NPh_3-OMe_p-CF3benz,C1=C2C=C(C(C=C6(C(F)(F)(F)))=C4(C=C6))C(N4(C9=CC=CC=C9))=CC2=CC3=CC(C(OC)=C5)=C(N5(C8=CC=CC=C8))C=C13,structures/anti_NPh_NPh_3-OMe_p-CF3benz.xyz
anti_O_NMe_2-CF3_3-CF3,C1=C2C=C(C(C(F)(F)(F))=C4)C(N4C)=CC2=CC3=CC(C=C5(C(F)(F)(F)))=C(O5)C=C13,structures/anti_O_NMe_2-CF3_3-CF3.xyz
anti_O_NMe_3-Cl_p-CF3benz,C1=C2C=C(C(C=C6(C(F)(F)(F)))=C4(C=C6))C(N4C)=CC2=CC3=CC(C(Cl)=C5)=C(O5)C=C13,structures/anti_O_NMe_3-Cl_p-CF3benz.xyz
anti_O_NMe_diCF3_m-CF3benz,C1=C2C=C(C(C=C6)=C4(C=C6(C(F)(F)(F))))C(N4C)=CC2=CC3=CC(C(C(F)(F)(F))=C5(C(F)(F)(F)))=C(O5)C=C13,structures/anti_O_NMe_diCF3_m-CF3benz.xyz
anti_O_NMe_m-CNbenz_2-F,C1=C2C=C(C=C4(F))C(N4C)=CC2=CC3=CC(C(C=C7)=C5(C=C7(C#N)))=C(O5)C=C13,structures/anti_O_NMe_m-CNbenz_2-F.xyz
anti_O_NMe_m-OMebenz_p-OMebenz,C1=C2C=C(C(C=C6(OC))=C4(C=C6))C(N4C)=CC2=CC3=CC(C(C=C7)=C5(C=C7(OC)))=C(O5)C=C13,structures/anti_O_NMe_m-OMebenz_p-OMebenz.xyz
anti_O_NMe_p-OMebenz_3-CF3,C1=C2C=C(C(C(F)(F)(F))=C4)C(N4C)=CC2=CC3=CC(C(C=C7(OC))=C5(C=C7))=C(O5)C=C13,structures/anti_O_NMe_p-OMebenz_3-CF3.xyz
anti_O_NPh_2-Cl_3-OMe,C1=C2C=C(C(OC)=C4)C(N4(C9=CC=CC=C9))=CC2=CC3=CC(C=C5(Cl))=C(O5)C=C13,structures/anti_O_NPh_2-Cl_3-OMe.xyz
anti_O_NPh_2-CN_p-CNbenz,C1=C2C=C(C(C=C6(C#N))=C4(C=C6))C(N4(C9=CC=CC=C9))=CC2=CC3=CC(C=C5(C#N))=C(O5)C=C13,structures/anti_O_NPh_2-CN_p-CNbenz.xyz
anti_O_NPh_3-CN_2-OMe,C1=C2C=C(C=C4(OC))C(N4(C9=CC=CC=C9))=CC2=CC3=CC(C(C#N)=C5)=C(O5)C=C13,structures/anti_O_NPh_3-CN_2-OMe.xyz
anti_O_NPh_3-CN_diCN,C1=C2C=C(C(C#N)=C4(C#N))C(N4(C9=CC=CC=C9))=CC2=CC3=CC(C(C#N)=C5)=C(O5)C=C13,structures/anti_O_NPh_3-CN_diCN.xyz
anti_O_NPh_3-OMe_m-CNbenz,C1=C2C=C(C(C=C6)=C4(C=C6(C#N)))C(N4(C9=CC=CC=C9))=CC2=CC3=CC(C(OC)=C5)=C(O5)C=C13,structures/anti_O_NPh_3-OMe_m-CNbenz.xyz
anti_O_NPh_diCN_2-CN,C1=C2C=C(C=C4(C#N))C(N4(C9=CC=CC=C9))=CC2=CC3=CC(C(C#N)=C5(C#N))=C(O5)C=C13,structures/anti_O_NPh_diCN_2-CN.xyz
anti_O_NPh_m-CF3benz_p-OMebenz,C1=C2C=C(C(C=C6(OC))=C4(C=C6))C(N4(C9=CC=CC=C9))=CC2=CC3=CC(C(C=C7)=C5(C=C7(C(F)(F)(F))))=C(O5)C=C13,structures/anti_O_NPh_m-CF3benz_p-OMebenz.xyz
anti_O_NPh_m-CF3benz_tetClbenz,C1=C2C=C(C(C(Cl)=C6(Cl))=C4(C(Cl)=C6(Cl)))C(N4(C9=CC=CC=C9))=CC2=CC3=CC(C(C=C7)=C5(C=C7(C(F)(F)(F))))=C(O5)C=C13,structures/anti_O_NPh_m-CF3benz_tetClbenz.xyz
anti_O_NPh_m-CNbenz_m-CF3benz,C1=C2C=C(C(C=C6)=C4(C=C6(C(F)(F)(F))))C(N4(C9=CC=CC=C9))=CC2=CC3=CC(C(C=C7)=C5(C=C7(C#N)))=C(O5)C=C13,structures/anti_O_NPh_m-CNbenz_m-CF3benz.xyz
anti_O_NPh_p-CNbenz_m-CF3benz,C1=C2C=C(C(C=C6)=C4(C=C6(C(F)(F)(F))))C(N4(C9=CC=CC=C9))=CC2=CC3=CC(C(C=C7(C#N))=C5(C=C7))=C(O5)C=C13,structures/anti_O_NPh_p-CNbenz_m-CF3benz.xyz
anti_O_NPh_p-CNbenz_m-OMebenz,C1=C2C=C(C(C=C6)=C4(C=C6(OC)))C(N4(C9=CC=CC=C9))=CC2=CC3=CC(C(C=C7(C#N))=C5(C=C7))=C(O5)C=C13,structures/anti_O_NPh_p-CNbenz_m-OMebenz.xyz
anti_O_NPh_p-OMebenz_p-CF3benz,C1=C2C=C(C(C=C6(C(F)(F)(F)))=C4(C=C6))C(N4(C9=CC=CC=C9))=CC2=CC3=CC(C(C=C7(OC))=C5(C=C7))=C(O5)C=C13,structures/anti_O_NPh_p-OMebenz_p-CF3benz.xyz
anti_O_NPh_p-OMebenz_tetFbenz,C1=C2C=C(C(C(F)=C6(F))=C4(C(F)=C6(F)))C(N4(C9=CC=CC=C9))=CC2=CC3=CC(C(C=C7(OC))=C5(C=C7))=C(O5)C=C13,structures/anti_O_NPh_p-OMebenz_tetFbenz.xyz
anti_O_NPh_tetClbenz_2-F,C1=C2C=C(C=C4(F))C(N4(C9=CC=CC=C9))=CC2=CC3=CC(C(C(Cl)=C7(Cl))=C5(C(Cl)=C7(Cl)))=C(O5)C=C13,structures/anti_O_NPh_tetClbenz_2-F.xyz
anti_O_O_2-F_2-OMe,C1=C2C=C(C=C4(OC))C(O4)=CC2=CC3=CC(C=C5(F))=C(O5)C=C13,structures/anti_O_O_2-F_2-OMe.xyz
anti_O_O_2-OMe_p-CNbenz,C1=C2C=C(C(C=C6(C#N))=C4(C=C6))C(O4)=CC2=CC3=CC(C=C5(OC))=C(O5)C=C13,structures/anti_O_O_2-OMe_p-CNbenz.xyz
anti_O_O_3-Cl_p-OMebenz,C1=C2C=C(C(C=C6(OC))=C4(C=C6))C(O4)=CC2=CC3=CC(C(Cl)=C5)=C(O5)C=C13,structures/anti_O_O_3-Cl_p-OMebenz.xyz
anti_O_O_3-OMe_diCl,C1=C2C=C(C(Cl)=C4(Cl))C(O4)=CC2=CC3=CC(C(OC)=C5)=C(O5)C=C13,structures/anti_O_O_3-OMe_diCl.xyz
anti_O_O_3-OMe_diCN,C1=C2C=C(C(C#N)=C4(C#N))C(O4)=CC2=CC3=CC(C(OC)=C5)=C(O5)C=C13,structures/anti_O_O_3-OMe_diCN.xyz
anti_O_O_diCN_m-OMebenz,C1=C2C=C(C(C=C6)=C4(C=C6(OC)))C(O4)=CC2=CC3=CC(C(C#N)=C5(C#N))=C(O5)C=C13,structures/anti_O_O_diCN_m-OMebenz.xyz
anti_O_O_m-CF3benz_m-CNbenz,C1=C2C=C(C(C=C6)=C4(C=C6(C#N)))C(O4)=CC2=CC3=CC(C(C=C7)=C5(C=C7(C(F)(F)(F))))=C(O5)C=C13,structures/anti_O_O_m-CF3benz_m-CNbenz.xyz
anti_S_NMe_2-CN_2-CN,C1=C2C=C(C=C4(C#N))C(N4C)=CC2=CC3=CC(C=C5(C#N))=C(S5)C=C13,structures/anti_S_NMe_2-CN_2-CN.xyz
anti_S_NMe_2-F_2-CN,C1=C2C=C(C=C4(C#N))C(N4C)=CC2=CC3=CC(C=C5(F))=C(S5)C=C13,structures/anti_S_NMe_2-F_2-CN.xyz
anti_S_NMe_2-F_3-Cl,C1=C2C=C(C(Cl)=C4)C(N4C)=CC2=CC3=CC(C=C5(F))=C(S5)C=C13,structures/anti_S_NMe_2-F_3-Cl.xyz
anti_S_NMe_3-CF3_diOMe,C1=C2C=C(C(OC)=C4(OC))C(N4C)=CC2=CC3=CC(C(C(F)(F)(F))=C5)=C(S5)C=C13,structures/anti_S_NMe_3-CF3_diOMe.xyz
anti_S_NMe_3-OMe_C,C1=C2C=C(C=C4)C(N4C)=CC2=CC3=CC(C(OC)=C5)=C(S5)C=C13,structures/anti_S_NMe_3-OMe_C.xyz
anti_S_NMe_C_3-Cl,C1=C2C=C(C(Cl)=C4)C(N4C)=CC2=CC3=CC(C=C5)=C(S5)C=C13,structures/anti_S_NMe_C_3-Cl.xyz
anti_S_NMe_diCl_diF,C1=C2C=C(C(F)=C4(F))C(N4C)=CC2=CC3=CC(C(Cl)=C5(Cl))=C(S5)C=C13,structures/anti_S_NMe_diCl_diF.xyz
anti_S_NMe_diCN_p-CNbenz,C1=C2C=C(C(C=C6(C#N))=C4(C=C6))C(N4C)=CC2=CC3=CC(C(C#N)=C5(C#N))=C(S5)C=C13,structures/anti_S_NMe_diCN_p-CNbenz.xyz
anti_S_NPh_2-CF3_2-Cl,C1=C2C=C(C=C4(Cl))C(N4(C9=CC=CC=C9))=CC2=CC3=CC(C=C5(C(F)(F)(F)))=C(S5)C=C13,structures/anti_S_NPh_2-CF3_2-Cl.xyz
anti_S_NPh_2-CF3_3-OMe,C1=C2C=C(C(OC)=C4)C(N4(C9=CC=CC=C9))=CC2=CC3=CC(C=C5(C(F)(F)(F)))=C(S5)C=C13,structures/anti_S_NPh_2-CF3_3-OMe.xyz
anti_S_NPh_2-Cl_2-F,C1=C2C=C(C=C4(F))C(N4(C9=CC=CC=C9))=CC2=CC3=CC(C=C5(Cl))=C(S5)C=C13,structures/anti_S_NPh_2-Cl_2-F.xyz
anti_S_NPh_diCF3_m-CNbenz,C1=C2C=C(C(C=C6)=C4(C=C6(C#N)))C(N4(C9=CC=CC=C9))=CC2=CC3=CC(C(C(F)(F)(F))=C5(C(F)(F)(F)))=C(S5)C=C13,structures/anti_S_NPh_diCF3_m-CNbenz.xyz
anti_S_NPh_diCl_2-F,C1=C2C=C(C=C4(F))C(N4(C9=CC=CC=C9))=CC2=CC3=CC(C(Cl)=C5(Cl))=C(S5)C=C13,structures/anti_S_NPh_diCl_2-F.xyz
anti_S_NPh_diCl_3-Cl,C1=C2C=C(C(Cl)=C4)C(N4(C9=CC=CC=C9))=CC2=CC3=CC(C(Cl)=C5(Cl))=C(S5)C=C13,structures/anti_S_NPh_diCl_3-Cl.xyz
anti_S_NPh_diF_tetFbenz,C1=C2C=C(C(C(F)=C6(F))=C4(C(F)=C6(F)))C(N4(C9=CC=CC=C9))=CC2=CC3=CC(C(F)=C5(F))=C(S5)C=C13,structures/anti_S_NPh_diF_tetFbenz.xyz
anti_S_NPh_m-CF3benz_3-F,C1=C2C=C(C(F)=C4)C(N4(C9=CC=CC=C9))=CC2=CC3=CC(C(C=C7)=C5(C=C7(C(F)(F)(F))))=C(S5)C=C13,structures/anti_S_NPh_m-CF3benz_3-F.xyz
anti_S_NPh_p-CNbenz_3-CN,C1=C2C=C(C(C#N)=C4)C(N4(C9=CC=CC=C9))=CC2=CC3=CC(C(C=C7(C#N))=C5(C=C7))=C(S5)C=C13,structures/anti_S_NPh_p-CNbenz_3-CN.xyz
anti_S_O_2-F_C,C1=C2C=C(C=C4)C(O4)=CC2=CC3=CC(C=C5(F))=C(S5)C=C13,structures/anti_S_O_2-F_C.xyz
anti_S_O_2-OMe_m-CNbenz,C1=C2C=C(C(C=C6)=C4(C=C6(C#N)))C(O4)=CC2=CC3=CC(C=C5(OC))=C(S5)C=C13,structures/anti_S_O_2-OMe_m-CNbenz.xyz
anti_S_O_3-CF3_2-F,C1=C2C=C(C=C4(F))C(O4)=CC2=CC3=CC(C(C(F)(F)(F))=C5)=C(S5)C=C13,structures/anti_S_O_3-CF3_2-F.xyz
anti_S_O_3-OMe_p-CNbenz,C1=C2C=C(C(C=C6(C#N))=C4(C=C6))C(O4)=CC2=CC3=CC(C(OC)=C5)=C(S5)C=C13,structures/anti_S_O_3-OMe_p-CNbenz.xyz
anti_S_O_diCl_diCF3,C1=C2C=C(C(C(F)(F)(F))=C4(C(F)(F)(F)))C(O4)=CC2=CC3=CC(C(Cl)=C5(Cl))=C(S5)C=C13,structures/anti_S_O_diCl_diCF3.xyz
anti_S_O_diF_tetFbenz,C1=C2C=C(C(C(F)=C6(F))=C4(C(F)=C6(F)))C(O4)=CC2=CC3=CC(C(F)=C5(F))=C(S5)C=C13,structures/anti_S_O_diF_tetFbenz.xyz
anti_S_O_p-OMebenz_2-Cl,C1=C2C=C(C=C4(Cl))C(O4)=CC2=CC3=CC(C(C=C7(OC))=C5(C=C7))=C(S5)C=C13,structures/anti_S_O_p-OMebenz_2-Cl.xyz
anti_S_O_p-OMebenz_diOMe,C1=C2C=C(C(OC)=C4(OC))C(O4)=CC2=CC3=CC(C(C=C7(OC))=C5(C=C7))=C(S5)C=C13,structures/anti_S_O_p-OMebenz_diOMe.xyz
anti_S_O_tetClbenz_p-CNbenz,C1=C2C=C(C(C=C6(C#N))=C4(C=C6))C(O4)=CC2=CC3=CC(C(C(Cl)=C7(Cl))=C5(C(Cl)=C7(Cl)))=C(S5)C=C13,structures/anti_S_O_tetClbenz_p-CNbenz.xyz
anti_S_O_tetFbenz_m-OMebenz,C1=C2C=C(C(C=C6)=C4(C=C6(OC)))C(O4)=CC2=CC3=CC(C(C(F)=C7(F))=C5(C(F)=C7(F)))=C(S5)C=C13,structures/anti_S_O_tetFbenz_m-OMebenz.xyz
anti_S_S_2-Cl_m-OMebenz,C1=C2C=C(C(C=C6)=C4(C=C6(OC)))C(S4)=CC2=CC3=CC(C=C5(Cl))=C(S5)C=C13,structures/anti_S_S_2-Cl_m-OMebenz.xyz
anti_S_S_2-CN_tetFbenz,C1=C2C=C(C(C(F)=C6(F))=C4(C(F)=C6(F)))C(S4)=CC2=CC3=CC(C=C5(C#N))=C(S5)C=C13,structures/anti_S_S_2-CN_tetFbenz.xyz
anti_S_S_2-F_diCF3,C1=C2C=C(C(C(F)(F)(F))=C4(C(F)(F)(F)))C(S4)=CC2=CC3=CC(C=C5(F))=C(S5)C=C13,structures/anti_S_S_2-F_diCF3.xyz
anti_S_S_3-F_m-CNbenz,C1=C2C=C(C(C=C6)=C4(C=C6(C#N)))C(S4)=CC2=CC3=CC(C(F)=C5)=C(S5)C=C13,structures/anti_S_S_3-F_m-CNbenz.xyz
anti_S_S_diCl_diOMe,C1=C2C=C(C(OC)=C4(OC))C(S4)=CC2=CC3=CC(C(Cl)=C5(Cl))=C(S5)C=C13,structures/anti_S_S_diCl_diOMe.xyz
anti_S_S_tetClbenz_p-CF3benz,C1=C2C=C(C(C=C6(C(F)(F)(F)))=C4(C=C6))C(S4)=CC2=CC3=CC(C(C(Cl)=C7(Cl))=C5(C(Cl)=C7(Cl)))=C(S5)C=C13,structures/anti_S_S_tetClbenz_p-CF3benz.xyz
asym_NMe_tetFbenz,C1=C2C=CC=CC2=CC3=CC(C(C(F)=C7(F))=C5(C(F)=C7(F)))=C(N5C)C=C13,structures/asym_NMe_tetFbenz.xyz
asym_O_m-OMebenz,C1=C2C=CC=CC2=CC3=CC(C(C=C7)=C5(C=C7(OC)))=C(O5)C=C13,structures/asym_O_m-OMebenz.xyz
asym_S_m-OMebenz,C1=C2C=CC=CC2=CC3=CC(C(C=C7)=C5(C=C7(OC)))=C(S5)C=C13,structures/asym_S_m-OMebenz.xyz
syn_C_C_2-F_tetClbenz,C1=C2C=C(C=C4)C(C(C(Cl)=C6(Cl))=C4(C(Cl)=C6(Cl)))=CC2=CC3=CC(C=C5(F))=C(C=C5)C=C13,structures/syn_C_C_2-F_tetClbenz.xyz
syn_C_C_3-F_m-OMebenz,C1=C2C=C(C=C4)C(C(C=C6)=C4(C=C6(OC)))=CC2=CC3=CC(C(F)=C5)=C(C=C5)C=C13,structures/syn_C_C_3-F_m-OMebenz.xyz
syn_C_C_diCF3_tetFbenz,C1=C2C=C(C=C4)C(C(C(F)=C6(F))=C4(C(F)=C6(F)))=CC2=CC3=CC(C(C(F)(F)(F))=C5(C(F)(F)(F)))=C(C=C5)C=C13,structures/syn_C_C_diCF3_tetFbenz.xyz
syn_C_C_diF_diOMe,C1=C2C=C(C=C4)C(C(OC)=C4(OC))=CC2=CC3=CC(C(F)=C5(F))=C(C=C5)C=C13,structures/syn_C_C_diF_diOMe.xyz
syn_C_NMe_2-Cl_3-CF3,C1=C2C=C(N4C)C(C(C(F)(F)(F))=C4)=CC2=CC3=CC(C=C5(Cl))=C(C=C5)C=C13,structures/syn_C_NMe_2-Cl_3-CF3.xyz
syn_C_NMe_2-Cl_p-CF3benz,C1=C2C=C(N4C)C(C(C=C6(C(F)(F)(F)))=C4(C=C6))=CC2=CC3=CC(C=C5(Cl))=C(C=C5)C=C13,structures/syn_C_NMe_2-Cl_p-CF3benz.xyz
syn_C_NMe_2-Cl_p-OMebenz,C1=C2C=C(N4C)C(C(C=C6(OC))=C4(C=C6))=CC2=CC3=CC(C=C5(Cl))=C(C=C5)C=C13,structures/syn_C_NMe_2-Cl_p-OMebenz.xyz
syn_C_NMe_benz_diCN,C1=C2C=C(N4C)C(C(C#N)=C4(C#N))=CC2=CC3=CC(C(C=C7)=C5(C=C7))=C(C=C5)C=C13,structures/syn_C_NMe_benz_diCN.xyz
syn_C_NMe_diCF3_m-OMebenz,C1=C2C=C(N4C)C(C(C=C6)=C4(C=C6(OC)))=CC2=CC3=CC(C(C(F)(F)(F))=C5(C(F)(F)(F)))=C(C=C5)C=C13,structures/syn_C_NMe_diCF3_m-OMebenz.xyz
syn_C_NMe_diF_3-CF3,C1=C2C=C(N4C)C(C(C(F)(F)(F))=C4)=CC2=CC3=CC(C(F)=C5(F))=C(C=C5)C=C13,structures/syn_C_NMe_diF_3-CF3.xyz
syn_C_NMe_m-CF3benz_p-OMebenz,C1=C2C=C(N4C)C(C(C=C6(OC))=C4(C=C6))=CC2=CC3=CC(C(C=C7)=C5(C=C7(C(F)(F)(F))))=C(C=C5)C=C13,structures/syn_C_NMe_m-CF3benz_p-OMebenz.xyz
syn_C_NPh_2-F_diF,C1=C2C=C(N4(C9=CC=CC=C9))C(C(F)=C4(F))=CC2=CC3=CC(C=C5(F))=C(C=C5)C=C13,structures/syn_C_NPh_2-F_diF.xyz
syn_C_NPh_2-OMe_p-CF3benz,C1=C2C=C(N4(C9=CC=CC=C9))C(C(C=C6(C(F)(F)(F)))=C4(C=C6))=CC2=CC3=CC(C=C5(OC))=C(C=C5)C=C13,structures/syn_C_NPh_2-OMe_p-CF3benz.xyz
syn_C_NPh_3-Cl_3-OMe,C1=C2C=C(N4(C9=CC=CC=C9))C(C(OC)=C4)=CC2=CC3=CC(C(Cl)=C5)=C(C=C5)C=C13,structures/syn_C_NPh_3-Cl_3-OMe.xyz
syn_C_NPh_3-CN_3-CN,C1=C2C=C(N4(C9=CC=CC=C9))C(C(C#N)=C4)=CC2=CC3=CC(C(C#N)=C5)=C(C=C5)C=C13,structures/syn_C_NPh_3-CN_3-CN.xyz
syn_C_NPh_3-F_diF,C1=C2C=C(N4(C9=CC=CC=C9))C(C(F)=C4(F))=CC2=CC3=CC(C(F)=C5)=C(C=C5)C=C13,structures/syn_C_NPh_3-F_diF.xyz
syn_C_NPh_3-F_p-CF3benz,C1=C2C=C(N4(C9=CC=CC=C9))C(C(C=C6(C(F)(F)(F)))=C4(C=C6))=CC2=CC3=CC(C(F)=C5)=C(C=C5)C=C13,structures/syn_C_NPh_3-F_p-CF3benz.xyz
syn_C_NPh_diCF3_2-CN,C1=C2C=C(N4(C9=CC=CC=C9))C(C=C4(C#N))=CC2=CC3=CC(C(C(F)(F)(F))=C5(C(F)(F)(F)))=C(C=C5)C=C13,structures/syn_C_NPh_diCF3_2-CN.xyz
syn_C_NPh_diCl_m-CF3benz,C1=C2C=C(N4(C9=CC=CC=C9))C(C(C=C6)=C4(C=C6(C(F)(F)(F))))=CC2=CC3=CC(C(Cl)=C5(Cl))=C(C=C5)C=C13,structures/syn_C_NPh_diCl_m-CF3benz.xyz
syn_C_NPh_diF_tetFbenz,C1=C2C=C(N4(C9=CC=CC=C9))C(C(C(F)=C6(F))=C4(C(F)=C6(F)))=CC2=CC3=CC(C(F)=C5(F))=C(C=C5)C=C13,structures/syn_C_NPh_diF_tetFbenz.xyz
syn_C_NPh_diOMe_diCF3,C1=C2C=C(N4(C9=CC=CC=C9))C(C(C(F)(F)(F))=C4(C(F)(F)(F)))=CC2=CC3=CC(C(OC)=C5(OC))=C(C=C5)C=C13,structures/syn_C_NPh_diOMe_diCF3.xyz
syn_C_NPh_diOMe_p-CF3benz,C1=C2C=C(N4(C9=CC=CC=C9))C(C(C=C6(C(F)(F)(F)))=C4(C=C6))=CC2=CC3=CC(C(OC)=C5(OC))=C(C=C5)C=C13,structures/syn_C_NPh_diOMe_p-CF3benz.xyz
syn_C_NPh_m-CNbenz_3-OMe,C1=C2C=C(N4(C9=CC=CC=C9))C(C(OC)=C4)=CC2=CC3=CC(C(C=C7)=C5(C=C7(C#N)))=C(C=C5)C=C13,structures/syn_C_NPh_m-CNbenz_3-OMe.xyz
syn_C_NPh_p-OMebenz_C,C1=C2C=C(N4(C9=CC=CC=C9))C(C=C4)=CC2=CC3=CC(C(C=C7(OC))=C5(C=C7))=C(C=C5)C=C13,structures/syn_C_NPh_p-OMebenz_C.xyz
syn_C_O_3-Cl_tetClbenz,C1=C2C=C(O4)C(C(C(Cl)=C6(Cl))=C4(C(Cl)=C6(Cl)))=CC2=CC3=CC(C(Cl)=C5)=C(C=C5)C=C13,structures/syn_C_O_3-Cl_tetClbenz.xyz
syn_C_O_3-F_p-OMebenz,C1=C2C=C(O4)C(C(C=C6(OC))=C4(C=C6))=CC2=CC3=CC(C(F)=C5)=C(C=C5)C=C13,structures/syn_C_O_3-F_p-OMebenz.xyz
syn_C_O_3-OMe_3-OMe,C1=C2C=C(O4)C(C(OC)=C4)=CC2=CC3=CC(C(OC)=C5)=C(C=C5)C=C13,structures/syn_C_O_3-OMe_3-OMe.xyz
syn_C_O_diCF3_tetClbenz,C1=C2C=C(O4)C(C(C(Cl)=C6(Cl))=C4(C(Cl)=C6(Cl)))=CC2=CC3=CC(C(C(F)(F)(F))=C5(C(F)(F)(F)))=C(C=C5)C=C13,structures/syn_C_O_diCF3_tetClbenz.xyz
syn_C_O_diCN_diOMe,C1=C2C=C(O4)C(C(OC)=C4(OC))=CC2=CC3=CC(C(C#N)=C5(C#N))=C(C=C5)C=C13,structures/syn_C_O_diCN_diOMe.xyz
syn_C_O_diF_C,C1=C2C=C(O4)C(C=C4)=CC2=CC3=CC(C(F)=C5(F))=C(C=C5)C=C13,structures/syn_C_O_diF_C.xyz
syn_C_O_m-CNbenz_2-Cl,C1=C2C=C(O4)C(C=C4(Cl))=CC2=CC3=CC(C(C=C7)=C5(C=C7(C#N)))=C(C=C5)C=C13,structures/syn_C_O_m-CNbenz_2-Cl.xyz
syn_C_O_p-OMebenz_2-OMe,C1=C2C=C(O4)C(C=C4(OC))=CC2=CC3=CC(C(C=C7(OC))=C5(C=C7))=C(C=C5)C=C13,structures/syn_C_O_p-OMebenz_2-OMe.xyz
syn_C_S_2-OMe_m-CF3benz,C1=C2C=C(S4)C(C(C=C6)=C4(C=C6(C(F)(F)(F))))=CC2=CC3=CC(C=C5(OC))=C(C=C5)C=C13,structures/syn_C_S_2-OMe_m-CF3benz.xyz
syn_C_S_2-OMe_m-OMebenz,C1=C2C=C(S4)C(C(C=C6)=C4(C=C6(OC)))=CC2=CC3=CC(C=C5(OC))=C(C=C5)C=C13,structures/syn_C_S_2-OMe_m-OMebenz.xyz
syn_C_S_3-OMe_diCF3,C1=C2C=C(S4)C(C(C(F)(F)(F))=C4(C(F)(F)(F)))=CC2=CC3=CC(C(OC)=C5)=C(C=C5)C=C13,structures/syn_C_S_3-OMe_diCF3.xyz
syn_C_S_diF_3-F,C1=C2C=C(S4)C(C(F)=C4)=CC2=CC3=CC(C(F)=C5(F))=C(C=C5)C=C13,structures/syn_C_S_diF_3-F.xyz
syn_C_S_diOMe_diOMe,C1=C2C=C(S4)C(C(OC)=C4(OC))=CC2=CC3=CC(C(OC)=C5(OC))=C(C=C5)C=C13,structures/syn_C_S_diOMe_diOMe.xyz
syn_C_S_m-CNbenz_p-CF3benz,C1=C2C=C(S4)C(C(C=C6(C(F)(F)(F)))=C4(C=C6))=CC2=CC3=CC(C(C=C7)=C5(C=C7(C#N)))=C(C=C5)C=C13,structures/syn_C_S_m-CNbenz_p-CF3benz.xyz
syn_C_S_p-CNbenz_p-CNbenz,C1=C2C=C(S4)C(C(C=C6(C#N))=C4(C=C6))=CC2=CC3=CC(C(C=C7(C#N))=C5(C=C7))=C(C=C5)C=C13,structures/syn_C_S_p-CNbenz_p-CNbenz.xyz
syn_C_S_tetFbenz_2-CF3,C1=C2C=C(S4)C(C=C4(C(F)(F)(F)))=CC2=CC3=CC(C(C(F)=C7(F))=C5(C(F)=C7(F)))=C(C=C5)C=C13,structures/syn_C_S_tetFbenz_2-CF3.xyz
syn_NMe_NMe_2-CF3_diOMe,C1=C2C=C(N4C)C(C(OC)=C4(OC))=CC2=CC3=CC(C=C5(C(F)(F)(F)))=C(N5C)C=C13,structures/syn_NMe_NMe_2-CF3_diOMe.xyz
syn_NMe_NMe_2-OMe_3-Cl,C1=C2C=C(N4C)C(C(Cl)=C4)=CC2=CC3=CC(C=C5(OC))=C(N5C)C=C13,structures/syn_NMe_NMe_2-OMe_3-Cl.xyz
syn_NMe_NMe_2-OMe_p-CNbenz,C1=C2C=C(N4C)C(C(C=C6(C#N))=C4(C=C6))=CC2=CC3=CC(C=C5(OC))=C(N5C)C=C13,structures/syn_NMe_NMe_2-OMe_p-CNbenz.xyz
syn_NMe_NMe_3-CN_tetClbenz,C1=C2C=C(N4C)C(C(C(Cl)=C6(Cl))=C4(C(Cl)=C6(Cl)))=CC2=CC3=CC(C(C#N)=C5)=C(N5C)C=C13,structures/syn_NMe_NMe_3-CN_tetClbenz.xyz
syn_NMe_NMe_3-F_m-CF3benz,C1=C2C=C(N4C)C(C(C=C6)=C4(C=C6(C(F)(F)(F))))=CC2=CC3=CC(C(F)=C5)=C(N5C)C=C13,structures/syn_NMe_NMe_3-F_m-CF3benz.xyz
syn_NMe_NMe_3-OMe_diCl,C1=C2C=C(N4C)C(C(Cl)=C4(Cl))=CC2=CC3=CC(C(OC)=C5)=C(N5C)C=C13,structures/syn_NMe_NMe_3-OMe_diCl.xyz
syn_NMe_NPh_2-OMe_3-F,C1=C2C=C(N4(C9=CC=CC=C9))C(C(F)=C4)=CC2=CC3=CC(C=C5(OC))=C(N5C)C=C13,structures/syn_NMe_NPh_2-OMe_3-F.xyz
syn_NMe_NPh_3-Cl_3-OMe,C1=C2C=C(N4(C9=CC=CC=C9))C(C(OC)=C4)=CC2=CC3=CC(C(Cl)=C5)=C(N5C)C=C13,structures/syn_NMe_NPh_3-Cl_3-OMe.xyz
syn_NMe_NPh_3-OMe_2-CF3,C1=C2C=C(N4(C9=CC=CC=C9))C(C=C4(C(F)(F)(F)))=CC2=CC3=CC(C(OC)=C5)=C(N5C)C=C13,structures/syn_NMe_NPh_3-OMe_2-CF3.xyz
syn_NMe_NPh_diCF3_p-CF3benz,C1=C2C=C(N4(C9=CC=CC=C9))C(C(C=C6(C(F)(F)(F)))=C4(C=C6))=CC2=CC3=CC(C(C(F)(F)(F))=C5(C(F)(F)(F)))=C(N5C)C=C13,structures/syn_NMe_NPh_diCF3_p-CF3benz.xyz
syn_NMe_NPh_diCl_diCl,C1=C2C=C(N4(C9=CC=CC=C9))C(C(Cl)=C4(Cl))=CC2=CC3=CC(C(Cl)=C5(Cl))=C(N5C)C=C13,structures/syn_NMe_NPh_diCl_diCl.xyz
syn_NMe_NPh_diCl_tetFbenz,C1=C2C=C(N4(C9=CC=CC=C9))C(C(C(F)=C6(F))=C4(C(F)=C6(F)))=CC2=CC3=CC(C(Cl)=C5(Cl))=C(N5C)C=C13,structures/syn_NMe_NPh_diCl_tetFbenz.xyz
syn_NMe_NPh_diF_diCF3,C1=C2C=C(N4(C9=CC=CC=C9))C(C(C(F)(F)(F))=C4(C(F)(F)(F)))=CC2=CC3=CC(C(F)=C5(F))=C(N5C)C=C13,structures/syn_NMe_NPh_diF_diCF3.xyz
syn_NMe_NPh_diOMe_benz,C1=C2C=C(N4(C9=CC=CC=C9))C(C(C=C6)=C4(C=C6))=CC2=CC3=CC(C(OC)=C5(OC))=C(N5C)C=C13,structures/syn_NMe_NPh_diOMe_benz.xyz
syn_NMe_NPh_m-CF3benz_3-CF3,C1=C2C=C(N4(C9=CC=CC=C9))C(C(C(F)(F)(F))=C4)=CC2=CC3=CC(C(C=C7)=C5(C=C7(C(F)(F)(F))))=C(N5C)C=C13,structures/syn_NMe_NPh_m-CF3benz_3-CF3.xyz
syn_NMe_NPh_m-CF3benz_diF,C1=C2C=C(N4(C9=CC=CC=C9))C(C(F)=C4(F))=CC2=CC3=CC(C(C=C7)=C5(C=C7(C(F)(F)(F))))=C(N5C)C=C13,structures/syn_NMe_NPh_m-CF3benz_diF.xyz
syn_NMe_NPh_m-OMebenz_2-CN,C1=C2C=C(N4(C9=CC=CC=C9))C(C=C4(C#N))=CC2=CC3=CC(C(C=C7)=C5(C=C7(OC)))=C(N5C)C=C13,structures/syn_NMe_NPh_m-OMebenz_2-CN.xyz
syn_NMe_NPh_p-OMebenz_3-OMe,C1=C2C=C(N4(C9=CC=CC=C9))C(C(OC)=C4)=CC2=CC3=CC(C(C=C7(OC))=C5(C=C7))=C(N5C)C=C13,structures/syn_NMe_NPh_p-OMebenz_3-OMe.xyz
syn_NPh_NPh_2-CF3_2-CF3,C1=C2C=C(N4(C9=CC=CC=C9))C(C=C4(C(F)(F)(F)))=CC2=CC3=CC(C=C5(C(F)(F)(F)))=C(N5(C8=CC=CC=C8))C=C13,structures/syn_NPh_NPh_2-CF3_2-CF3.xyz
syn_NPh_NPh_3-CF3_m-CF3benz,C1=C2C=C(N4(C9=CC=CC=C9))C(C(C=C6)=C4(C=C6(C(F)(F)(F))))=CC2=CC3=CC(C(C(F)(F)(F))=C5)=C(N5(C8=CC=CC=C8))C=C13,structures/syn_NPh_NPh_3-CF3_m-CF3benz.xyz
syn_NPh_NPh_3-F_diCF3,C1=C2C=C(N4(C9=CC=CC=C9))C(C(C(F)(F)(F))=C4(C(F)(F)(F)))=CC2=CC3=CC(C(F)=C5)=C(N5(C8=CC=CC=C8))C=C13,structures/syn_NPh_NPh_3-F_diCF3.xyz
syn_NPh_NPh_C_2-OMe,C1=C2C=C(N4(C9=CC=CC=C9))C(C=C4(OC))=CC2=CC3=CC(C=C5)=C(N5(C8=CC=CC=C8))C=C13,structures/syn_NPh_NPh_C_2-OMe.xyz
syn_NPh_NPh_C_3-OMe,C1=C2C=C(N4(C9=CC=CC=C9))C(C(OC)=C4)=CC2=CC3=CC(C=C5)=C(N5(C8=CC=CC=C8))C=C13,structures/syn_NPh_NPh_C_3-OMe.xyz
syn_O_NMe_2-CF3_diCN,C1=C2C=C(N4C)C(C(C#N)=C4(C#N))=CC2=CC3=CC(C=C5(C(F)(F)(F)))=C(O5)C=C13,structures/syn_O_NMe_2-CF3_diCN.xyz
syn_O_NMe_2-CF3_p-OMebenz,C1=C2C=C(N4C)C(C(C=C6(OC))=C4(C=C6))=CC2=CC3=CC(C=C5(C(F)(F)(F)))=C(O5)C=C13,structures/syn_O_NMe_2-CF3_p-OMebenz.xyz
syn_O_NMe_2-F_3-CF3,C1=C2C=C(N4C)C(C(C(F)(F)(F))=C4)=CC2=CC3=CC(C=C5(F))=C(O5)C=C13,structures/syn_O_NMe_2-F_3-CF3.xyz
syn_O_NMe_3-CF3_tetClbenz,C1=C2C=C(N4C)C(C(C(Cl)=C6(Cl))=C4(C(Cl)=C6(Cl)))=CC2=CC3=CC(C(C(F)(F)(F))=C5)=C(O5)C=C13,structures/syn_O_NMe_3-CF3_tetClbenz.xyz
syn_O_NMe_3-Cl_p-OMebenz,C1=C2C=C(N4C)C(C(C=C6(OC))=C4(C=C6))=CC2=CC3=CC(C(Cl)=C5)=C(O5)C=C13,structures/syn_O_NMe_3-Cl_p-OMebenz.xyz
syn_O_NMe_diCl_2-CN,C1=C2C=C(N4C)C(C=C4(C#N))=CC2=CC3=CC(C(Cl)=C5(Cl))=C(O5)C=C13,structures/syn_O_NMe_diCl_2-CN.xyz
syn_O_NMe_diCl_diF,C1=C2C=C(N4C)C(C(F)=C4(F))=CC2=CC3=CC(C(Cl)=C5(Cl))=C(O5)C=C13,structures/syn_O_NMe_diCl_diF.xyz
syn_O_NMe_p-CNbenz_m-CNbenz,C1=C2C=C(N4C)C(C(C=C6)=C4(C=C6(C#N)))=CC2=CC3=CC(C(C=C7(C#N))=C5(C=C7))=C(O5)C=C13,structures/syn_O_NMe_p-CNbenz_m-CNbenz.xyz
syn_O_NPh_3-CF3_2-OMe,C1=C2C=C(N4(C9=CC=CC=C9))C(C=C4(OC))=CC2=CC3=CC(C(C(F)(F)(F))=C5)=C(O5)C=C13,structures/syn_O_NPh_3-CF3_2-OMe.xyz
syn_O_NPh_3-F_benz,C1=C2C=C(N4(C9=CC=CC=C9))C(C(C=C6)=C4(C=C6))=CC2=CC3=CC(C(F)=C5)=C(O5)C=C13,structures/syn_O_NPh_3-F_benz.xyz
syn_O_NPh_3-OMe_2-F,C1=C2C=C(N4(C9=CC=CC=C9))C(C=C4(F))=CC2=CC3=CC(C(OC)=C5)=C(O5)C=C13,structures/syn_O_NPh_3-OMe_2-F.xyz
syn_O_NPh_3-OMe_p-OMebenz,C1=C2C=C(N4(C9=CC=CC=C9))C(C(C=C6(OC))=C4(C=C6))=CC2=CC3=CC(C(OC)=C5)=C(O5)C=C13,structures/syn_O_NPh_3-OMe_p-OMebenz.xyz
syn_O_NPh_diCl_3-CN,C1=C2C=C(N4(C9=CC=CC=C9))C(C(C#N)=C4)=CC2=CC3=CC(C(Cl)=C5(Cl))=C(O5)C=C13,structures/syn_O_NPh_diCl_3-CN.xyz
syn_O_NPh_diCN_C,C1=C2C=C(N4(C9=CC=CC=C9))C(C=C4)=CC2=CC3=CC(C(C#N)=C5(C#N))=C(O5)C=C13,structures/syn_O_NPh_diCN_C.xyz
syn_O_NPh_diF_m-OMebenz,C1=C2C=C(N4(C9=CC=CC=C9))C(C(C=C6)=C4(C=C6(OC)))=CC2=CC3=CC(C(F)=C5(F))=C(O5)C=C13,structures/syn_O_NPh_diF_m-OMebenz.xyz
syn_O_NPh_p-OMebenz_diCl,C1=C2C=C(N4(C9=CC=CC=C9))C(C(Cl)=C4(Cl))=CC2=CC3=CC(C(C=C7(OC))=C5(C=C7))=C(O5)C=C13,structures/syn_O_NPh_p-OMebenz_diCl.xyz
syn_O_O_2-Cl_p-CF3benz,C1=C2C=C(O4)C(C(C=C6(C(F)(F)(F)))=C4(C=C6))=CC2=CC3=CC(C=C5(Cl))=C(O5)C=C13,structures/syn_O_O_2-Cl_p-CF3benz.xyz
syn_O_O_3-CF3_m-OMebenz,C1=C2C=C(O4)C(C(C=C6)=C4(C=C6(OC)))=CC2=CC3=CC(C(C(F)(F)(F))=C5)=C(O5)C=C13,structures/syn_O_O_3-CF3_m-OMebenz.xyz
syn_O_O_3-Cl_benz,C1=C2C=C(O4)C(C(C=C6)=C4(C=C6))=CC2=CC3=CC(C(Cl)=C5)=C(O5)C=C13,structures/syn_O_O_3-Cl_benz.xyz
syn_O_O_diCF3_diCF3,C1=C2C=C(O4)C(C(C(F)(F)(F))=C4(C(F)(F)(F)))=CC2=CC3=CC(C(C(F)(F)(F))=C5(C(F)(F)(F)))=C(O5)C=C13,structures/syn_O_O_diCF3_diCF3.xyz
syn_O_O_tetFbenz_tetFbenz,C1=C2C=C(O4)C(C(C(F)=C6(F))=C4(C(F)=C6(F)))=CC2=CC3=CC(C(C(F)=C7(F))=C5(C(F)=C7(F)))=C(O5)C=C13,structures/syn_O_O_tetFbenz_tetFbenz.xyz
syn_S_NMe_2-Cl_2-F,C1=C2C=C(N4C)C(C=C4(F))=CC2=CC3=CC(C=C5(Cl))=C(S5)C=C13,structures/syn_S_NMe_2-Cl_2-F.xyz
syn_S_NMe_2-Cl_p-OMebenz,C1=C2C=C(N4C)C(C(C=C6(OC))=C4(C=C6))=CC2=CC3=CC(C=C5(Cl))=C(S5)C=C13,structures/syn_S_NMe_2-Cl_p-OMebenz.xyz
syn_S_NMe_2-F_2-CN,C1=C2C=C(N4C)C(C=C4(C#N))=CC2=CC3=CC(C=C5(F))=C(S5)C=C13,structures/syn_S_NMe_2-F_2-CN.xyz
syn_S_NMe_2-OMe_diCl,C1=C2C=C(N4C)C(C(Cl)=C4(Cl))=CC2=CC3=CC(C=C5(OC))=C(S5)C=C13,structures/syn_S_NMe_2-OMe_diCl.xyz
syn_S_NMe_2-OMe_p-CNbenz,C1=C2C=C(N4C)C(C(C=C6(C#N))=C4(C=C6))=CC2=CC3=CC(C=C5(OC))=C(S5)C=C13,structures/syn_S_NMe_2-OMe_p-CNbenz.xyz
syn_S_NMe_3-CF3_tetClbenz,C1=C2C=C(N4C)C(C(C(Cl)=C6(Cl))=C4(C(Cl)=C6(Cl)))=CC2=CC3=CC(C(C(F)(F)(F))=C5)=C(S5)C=C13,structures/syn_S_NMe_3-CF3_tetClbenz.xyz
syn_S_NMe_3-CN_C,C1=C2C=C(N4C)C(C=C4)=CC2=CC3=CC(C(C#N)=C5)=C(S5)C=C13,structures/syn_S_NMe_3-CN_C.xyz
syn_S_NMe_3-F_p-CNbenz,C1=C2C=C(N4C)C(C(C=C6(C#N))=C4(C=C6))=CC2=CC3=CC(C(F)=C5)=C(S5)C=C13,structures/syn_S_NMe_3-F_p-CNbenz.xyz
syn_S_NMe_benz_3-CF3,C1=C2C=C(N4C)C(C(C(F)(F)(F))=C4)=CC2=CC3=CC(C(C=C7)=C5(C=C7))=C(S5)C=C13,structures/syn_S_NMe_benz_3-CF3.xyz
syn_S_NMe_diOMe_diF,C1=C2C=C(N4C)C(C(F)=C4(F))=CC2=CC3=CC(C(OC)=C5(OC))=C(S5)C=C13,structures/syn_S_NMe_diOMe_diF.xyz
syn_S_NMe_m-CF3benz_tetFbenz,C1=C2C=C(N4C)C(C(C(F)=C6(F))=C4(C(F)=C6(F)))=CC2=CC3=CC(C(C=C7)=C5(C=C7(C(F)(F)(F))))=C(S5)C=C13,structures/syn_S_NMe_m-CF3benz_tetFbenz.xyz
syn_S_NMe_m-OMebenz_2-Cl,C1=C2C=C(N4C)C(C=C4(Cl))=CC2=CC3=CC(C(C=C7)=C5(C=C7(OC)))=C(S5)C=C13,structures/syn_S_NMe_m-OMebenz_2-Cl.xyz
syn_S_NMe_m-OMebenz_C,C1=C2C=C(N4C)C(C=C4)=CC2=CC3=CC(C(C=C7)=C5(C=C7(OC)))=C(S5)C=C13,structures/syn_S_NMe_m-OMebenz_C.xyz
syn_S_NPh_2-CF3_2-CN,C1=C2C=C(N4(C9=CC=CC=C9))C(C=C4(C#N))=CC2=CC3=CC(C=C5(C(F)(F)(F)))=C(S5)C=C13,structures/syn_S_NPh_2-CF3_2-CN.xyz
syn_S_NPh_3-CN_3-CN,C1=C2C=C(N4(C9=CC=CC=C9))C(C(C#N)=C4)=CC2=CC3=CC(C(C#N)=C5)=C(S5)C=C13,structures/syn_S_NPh_3-CN_3-CN.xyz
syn_S_NPh_benz_3-F,C1=C2C=C(N4(C9=CC=CC=C9))C(C(F)=C4)=CC2=CC3=CC(C(C=C7)=C5(C=C7))=C(S5)C=C13,structures/syn_S_NPh_benz_3-F.xyz
syn_S_NPh_diCl_3-CF3,C1=C2C=C(N4(C9=CC=CC=C9))C(C(C(F)(F)(F))=C4)=CC2=CC3=CC(C(Cl)=C5(Cl))=C(S5)C=C13,structures/syn_S_NPh_diCl_3-CF3.xyz
syn_S_NPh_diCl_diCl,C1=C2C=C(N4(C9=CC=CC=C9))C(C(Cl)=C4(Cl))=CC2=CC3=CC(C(Cl)=C5(Cl))=C(S5)C=C13,structures/syn_S_NPh_diCl_diCl.xyz
syn_S_NPh_diCl_p-CF3benz,C1=C2C=C(N4(C9=CC=CC=C9))C(C(C=C6(C(F)(F)(F)))=C4(C=C6))=CC2=CC3=CC(C(Cl)=C5(Cl))=C(S5)C=C13,structures/syn_S_NPh_diCl_p-CF3benz.xyz
syn_S_NPh_diOMe_3-F,C1=C2C=C(N4(C9=CC=CC=C9))C(C(F)=C4)=CC2=CC3=CC(C(OC)=C5(OC))=C(S5)C=C13,structures/syn_S_NPh_diOMe_3-F.xyz
syn_S_NPh_p-CF3benz_benz,C1=C2C=C(N4(C9=CC=CC=C9))C(C(C=C6)=C4(C=C6))=CC2=CC3=CC(C(C=C7(C(F)(F)(F)))=C5(C=C7))=C(S5)C=C13,structures/syn_S_NPh_p-CF3benz_benz.xyz
syn_S_NPh_p-CNbenz_3-F,C1=C2C=C(N4(C9=CC=CC=C9))C(C(F)=C4)=CC2=CC3=CC(C(C=C7(C#N))=C5(C=C7))=C(S5)C=C13,structures/syn_S_NPh_p-CNbenz_3-F.xyz
syn_S_O_p-OMebenz_3-F,C1=C2C=C(O4)C(C(F)=C4)=CC2=CC3=CC(C(C=C7(OC))=C5(C=C7))=C(S5)C=C13,structures/syn_S_O_p-OMebenz_3-F.xyz
syn_S_S_2-F_p-CF3benz,C1=C2C=C(S4)C(C(C=C6(C(F)(F)(F)))=C4(C=C6))=CC2=CC3=CC(C=C5(F))=C(S5)C=C13,structures/syn_S_S_2-F_p-CF3benz.xyz
syn_S_S_2-OMe_diOMe,C1=C2C=C(S4)C(C(OC)=C4(OC))=CC2=CC3=CC(C=C5(OC))=C(S5)C=C13,structures/syn_S_S_2-OMe_diOMe.xyz
syn_S_S_diCN_p-CNbenz,C1=C2C=C(S4)C(C(C=C6(C#N))=C4(C=C6))=CC2=CC3=CC(C(C#N)=C5(C#N))=C(S5)C=C13,structures/syn_S_S_diCN_p-CNbenz.xyz
syn_S_S_tetClbenz_tetClbenz,C1=C2C=C(S4)C(C(C(Cl)=C6(Cl))=C4(C(Cl)=C6(Cl)))=CC2=CC3=CC(C(C(Cl)=C7(Cl))=C5(C(Cl)=C7(Cl)))=C(S5)C=C13,structures/syn_S_S_tetClbenz_tetClbenz.xyz
anti_C_C_2-Cl_p-CF3benz,C1=C2C=C(C(C=C6(C(F)(F)(F)))=C4(C=C6))C(C=C4)=CC2=CC3=CC(C=C5(Cl))=C(C=C5)C=C13,structures/anti_C_C_2-Cl_p-CF3benz.xyz
anti_C_C_2-F_p-CNbenz,C1=C2C=C(C(C=C6(C#N))=C4(C=C6))C(C=C4)=CC2=CC3=CC(C=C5(F))=C(C=C5)C=C13,structures/anti_C_C_2-F_p-CNbenz.xyz
anti_C_C_3-Cl_p-CNbenz,C1=C2C=C(C(C=C6(C#N))=C4(C=C6))C(C=C4)=CC2=CC3=CC(C(Cl)=C5)=C(C=C5)C=C13,structures/anti_C_C_3-Cl_p-CNbenz.xyz
anti_C_C_benz_m-OMebenz,C1=C2C=C(C(C=C6)=C4(C=C6(OC)))C(C=C4)=CC2=CC3=CC(C(C=C7)=C5(C=C7))=C(C=C5)C=C13,structures/anti_C_C_benz_m-OMebenz.xyz
anti_C_C_diF_diCl,C1=C2C=C(C(Cl)=C4(Cl))C(C=C4)=CC2=CC3=CC(C(F)=C5(F))=C(C=C5)C=C13,structures/anti_C_C_diF_diCl.xyz
anti_C_NMe_2-Cl_tetFbenz,C1=C2C=C(C(C(F)=C6(F))=C4(C(F)=C6(F)))C(N4C)=CC2=CC3=CC(C=C5(Cl))=C(C=C5)C=C13,structures/anti_C_NMe_2-Cl_tetFbenz.xyz
anti_C_NMe_2-OMe_p-CNbenz,C1=C2C=C(C(C=C6(C#N))=C4(C=C6))C(N4C)=CC2=CC3=CC(C=C5(OC))=C(C=C5)C=C13,structures/anti_C_NMe_2-OMe_p-CNbenz.xyz
anti_C_NMe_3-CN_2-Cl,C1=C2C=C(C=C4(Cl))C(N4C)=CC2=CC3=CC(C(C#N)=C5)=C(C=C5)C=C13,structures/anti_C_NMe_3-CN_2-Cl.xyz
anti_C_NMe_3-OMe_3-Cl,C1=C2C=C(C(Cl)=C4)C(N4C)=CC2=CC3=CC(C(OC)=C5)=C(C=C5)C=C13,structures/anti_C_NMe_3-OMe_3-Cl.xyz
anti_C_NMe_3-OMe_m-CF3benz,C1=C2C=C(C(C=C6)=C4(C=C6(C(F)(F)(F))))C(N4C)=CC2=CC3=CC(C(OC)=C5)=C(C=C5)C=C13,structures/anti_C_NMe_3-OMe_m-CF3benz.xyz
anti_C_NMe_diF_2-F,C1=C2C=C(C=C4(F))C(N4C)=CC2=CC3=CC(C(F)=C5(F))=C(C=C5)C=C13,structures/anti_C_NMe_diF_2-F.xyz
anti_C_NMe_m-CNbenz_3-OMe,C1=C2C=C(C(OC)=C4)C(N4C)=CC2=CC3=CC(C(C=C7)=C5(C=C7(C#N)))=C(C=C5)C=C13,structures/anti_C_NMe_m-CNbenz_3-OMe.xyz
anti_C_NMe_m-CNbenz_p-OMebenz,C1=C2C=C(C(C=C6(OC))=C4(C=C6))C(N4C)=CC2=CC3=CC(C(C=C7)=C5(C=C7(C#N)))=C(C=C5)C=C13,structures/anti_C_NMe_m-CNbenz_p-OMebenz.xyz
anti_C_NMe_tetFbenz_3-CF3,C1=C2C=C(C(C(F)(F)(F))=C4)C(N4C)=CC2=CC3=CC(C(C(F)=C7(F))=C5(C(F)=C7(F)))=C(C=C5)C=C13,structures/anti_C_NMe_tetFbenz_3-CF3.xyz
anti_C_NPh_2-F_p-CNbenz,C1=C2C=C(C(C=C6(C#N))=C4(C=C6))C(N4(C9=CC=CC=C9))=CC2=CC3=CC(C=C5(F))=C(C=C5)C=C13,structures/anti_C_NPh_2-F_p-CNbenz.xyz
anti_C_NPh_2-OMe_diF,C1=C2C=C(C(F)=C4(F))C(N4(C9=CC=CC=C9))=CC2=CC3=CC(C=C5(OC))=C(C=C5)C=C13,structures/anti_C_NPh_2-OMe_diF.xyz
anti_C_NPh_3-CF3_C,C1=C2C=C(C=C4)C(N4(C9=CC=CC=C9))=CC2=CC3=CC(C(C(F)(F)(F))=C5)=C(C=C5)C=C13,structures/anti_C_NPh_3-CF3_C.xyz
anti_C_NPh_3-CF3_m-CF3benz,C1=C2C=C(C(C=C6)=C4(C=C6(C(F)(F)(F))))C(N4(C9=CC=CC=C9))=CC2=CC3=CC(C(C(F)(F)(F))=C5)=C(C=C5)C=C13,structures/anti_C_NPh_3-CF3_m-CF3benz.xyz
anti_C_NPh_diCF3_2-OMe,C1=C2C=C(C=C4(OC))C(N4(C9=CC=CC=C9))=CC2=CC3=CC(C(C(F)(F)(F))=C5(C(F)(F)(F)))=C(C=C5)C=C13,structures/anti_C_NPh_diCF3_2-OMe.xyz
anti_C_NPh_diCF3_tetClbenz,C1=C2C=C(C(C(Cl)=C6(Cl))=C4(C(Cl)=C6(Cl)))C(N4(C9=CC=CC=C9))=CC2=CC3=CC(C(C(F)(F)(F))=C5(C(F)(F)(F)))=C(C=C5)C=C13,structures/anti_C_NPh_diCF3_tetClbenz.xyz
anti_C_NPh_m-CF3benz_diCF3,C1=C2C=C(C(C(F)(F)(F))=C4(C(F)(F)(F)))C(N4(C9=CC=CC=C9))=CC2=CC3=CC(C(C=C7)=C5(C=C7(C(F)(F)(F))))=C(C=C5)C=C13,structures/anti_C_NPh_m-CF3benz_diCF3.xyz
anti_C_NPh_m-OMebenz_diCN,C1=C2C=C(C(C#N)=C4(C#N))C(N4(C9=CC=CC=C9))=CC2=CC3=CC(C(C=C7)=C5(C=C7(OC)))=C(C=C5)C=C13,structures/anti_C_NPh_m-OMebenz_diCN.xyz
anti_C_NPh_p-CF3benz_2-OMe,C1=C2C=C(C=C4(OC))C(N4(C9=CC=CC=C9))=CC2=CC3=CC(C(C=C7(C(F)(F)(F)))=C5(C=C7))=C(C=C5)C=C13,structures/anti_C_NPh_p-CF3benz_2-OMe.xyz
anti_C_NPh_p-CNbenz_diF,C1=C2C=C(C(F)=C4(F))C(N4(C9=CC=CC=C9))=CC2=CC3=CC(C(C=C7(C#N))=C5(C=C7))=C(C=C5)C=C13,structures/anti_C_NPh_p-CNbenz_diF.xyz
anti_C_NPh_p-CNbenz_tetClbenz,C1=C2C=C(C(C(Cl)=C6(Cl))=C4(C(Cl)=C6(Cl)))C(N4(C9=CC=CC=C9))=CC2=CC3=CC(C(C=C7(C#N))=C5(C=C7))=C(C=C5)C=C13,structures/anti_C_NPh_p-CNbenz_tetClbenz.xyz
anti_C_NPh_p-OMebenz_2-Cl,C1=C2C=C(C=C4(Cl))C(N4(C9=CC=CC=C9))=CC2=CC3=CC(C(C=C7(OC))=C5(C=C7))=C(C=C5)C=C13,structures/anti_C_NPh_p-OMebenz_2-Cl.xyz
anti_C_NPh_tetClbenz_3-OMe,C1=C2C=C(C(OC)=C4)C(N4(C9=CC=CC=C9))=CC2=CC3=CC(C(C(Cl)=C7(Cl))=C5(C(Cl)=C7(Cl)))=C(C=C5)C=C13,structures/anti_C_NPh_tetClbenz_3-OMe.xyz
anti_C_O_2-Cl_3-Cl,C1=C2C=C(C(Cl)=C4)C(O4)=CC2=CC3=CC(C=C5(Cl))=C(C=C5)C=C13,structures/anti_C_O_2-Cl_3-Cl.xyz
anti_C_O_2-CN_C,C1=C2C=C(C=C4)C(O4)=CC2=CC3=CC(C=C5(C#N))=C(C=C5)C=C13,structures/anti_C_O_2-CN_C.xyz
anti_C_O_2-F_benz,C1=C2C=C(C(C=C6)=C4(C=C6))C(O4)=CC2=CC3=CC(C=C5(F))=C(C=C5)C=C13,structures/anti_C_O_2-F_benz.xyz
anti_C_O_3-F_p-CNbenz,C1=C2C=C(C(C=C6(C#N))=C4(C=C6))C(O4)=CC2=CC3=CC(C(F)=C5)=C(C=C5)C=C13,structures/anti_C_O_3-F_p-CNbenz.xyz
anti_C_O_diCF3_2-OMe,C1=C2C=C(C=C4(OC))C(O4)=CC2=CC3=CC(C(C(F)(F)(F))=C5(C(F)(F)(F)))=C(C=C5)C=C13,structures/anti_C_O_diCF3_2-OMe.xyz
anti_C_O_diOMe_3-F,C1=C2C=C(C(F)=C4)C(O4)=CC2=CC3=CC(C(OC)=C5(OC))=C(C=C5)C=C13,structures/anti_C_O_diOMe_3-F.xyz
anti_C_O_m-OMebenz_p-CNbenz,C1=C2C=C(C(C=C6(C#N))=C4(C=C6))C(O4)=CC2=CC3=CC(C(C=C7)=C5(C=C7(OC)))=C(C=C5)C=C13,structures/anti_C_O_m-OMebenz_p-CNbenz.xyz
anti_C_O_p-CNbenz_C,C1=C2C=C(C=C4)C(O4)=CC2=CC3=CC(C(C=C7(C#N))=C5(C=C7))=C(C=C5)C=C13,structures/anti_C_O_p-CNbenz_C.xyz
anti_C_O_tetFbenz_m-CNbenz,C1=C2C=C(C(C=C6)=C4(C=C6(C#N)))C(O4)=CC2=CC3=CC(C(C(F)=C7(F))=C5(C(F)=C7(F)))=C(C=C5)C=C13,structures/anti_C_O_tetFbenz_m-CNbenz.xyz
anti_C_S_2-Cl_p-OMebenz,C1=C2C=C(C(C=C6(OC))=C4(C=C6))C(S4)=CC2=CC3=CC(C=C5(Cl))=C(C=C5)C=C13,structures/anti_C_S_2-Cl_p-OMebenz.xyz
anti_C_S_p-OMebenz_m-CF3benz,C1=C2C=C(C(C=C6)=C4(C=C6(C(F)(F)(F))))C(S4)=CC2=CC3=CC(C(C=C7(OC))=C5(C=C7))=C(C=C5)C=C13,structures/anti_C_S_p-OMebenz_m-CF3benz.xyz
anti_NMe_NMe_2-CN_m-CNbenz,C1=C2C=C(C(C=C6)=C4(C=C6(C#N)))C(N4C)=CC2=CC3=CC(C=C5(C#N))=C(N5C)C=C13,structures/anti_NMe_NMe_2-CN_m-CNbenz.xyz
anti_NMe_NMe_diF_m-OMebenz,C1=C2C=C(C(C=C6)=C4(C=C6(OC)))C(N4C)=CC2=CC3=CC(C(F)=C5(F))=C(N5C)C=C13,structures/anti_NMe_NMe_diF_m-OMebenz.xyz
anti_NMe_NMe_tetClbenz_p-CF3benz,C1=C2C=C(C(C=C6(C(F)(F)(F)))=C4(C=C6))C(N4C)=CC2=CC3=CC(C(C(Cl)=C7(Cl))=C5(C(Cl)=C7(Cl)))=C(N5C)C=C13,structures/anti_NMe_NMe_tetClbenz_p-CF3benz.xyz
anti_NMe_NPh_2-CN_diCl,C1=C2C=C(C(Cl)=C4(Cl))C(N4(C9=CC=CC=C9))=CC2=CC3=CC(C=C5(C#N))=C(N5C)C=C13,structures/anti_NMe_NPh_2-CN_diCl.xyz
anti_NMe_NPh_3-OMe_3-CF3,C1=C2C=C(C(C(F)(F)(F))=C4)C(N4(C9=CC=CC=C9))=CC2=CC3=CC(C(OC)=C5)=C(N5C)C=C13,structures/anti_NMe_NPh_3-OMe_3-CF3.xyz
anti_NMe_NPh_diOMe_3-CN,C1=C2C=C(C(C#N)=C4)C(N4(C9=CC=CC=C9))=CC2=CC3=CC(C(OC)=C5(OC))=C(N5C)C=C13,structures/anti_NMe_NPh_diOMe_3-CN.xyz
anti_NMe_NPh_diOMe_diCN,C1=C2C=C(C(C#N)=C4(C#N))C(N4(C9=CC=CC=C9))=CC2=CC3=CC(C(OC)=C5(OC))=C(N5C)C=C13,structures/anti_NMe_NPh_diOMe_diCN.xyz
anti_NMe_NPh_m-CNbenz_p-CF3benz,C1=C2C=C(C(C=C6(C(F)(F)(F)))=C4(C=C6))C(N4(C9=CC=CC=C9))=CC2=CC3=CC(C(C=C7)=C5(C=C7(C#N)))=C(N5C)C=C13,structures/anti_NMe_NPh_m-CNbenz_p-CF3benz.xyz
anti_NMe_NPh_p-CF3benz_3-CF3,C1=C2C=C(C(C(F)(F)(F))=C4)C(N4(C9=CC=CC=C9))=CC2=CC3=CC(C(C=C7(C(F)(F)(F)))=C5(C=C7))=C(N5C)C=C13,structures/anti_NMe_NPh_p-CF3benz_3-CF3.xyz
anti_NPh_NPh_2-Cl_2-Cl,C1=C2C=C(C=C4(Cl))C(N4(C9=CC=CC=C9))=CC2=CC3=CC(C=C5(Cl))=C(N5(C8=CC=CC=C8))C=C13,structures/anti_NPh_NPh_2-Cl_2-Cl.xyz
anti_NPh_NPh_3-CN_diOMe,C1=C2C=C(C(OC)=C4(OC))C(N4(C9=CC=CC=C9))=CC2=CC3=CC(C(C#N)=C5)=C(N5(C8=CC=CC=C8))C=C13,structures/anti_NPh_NPh_3-CN_diOMe.xyz
anti_NPh_NPh_C_2-CN,C1=C2C=C(C=C4(C#N))C(N4(C9=CC=CC=C9))=CC2=CC3=CC(C=C5)=C(N5(C8=CC=CC=C8))C=C13,structures/anti_NPh_NPh_C_2-CN.xyz
anti_NPh_NPh_diCF3_p-CNbenz,C1=C2C=C(C(C=C6(C#N))=C4(C=C6))C(N4(C9=CC=CC=C9))=CC2=CC3=CC(C(C(F)(F)(F))=C5(C(F)(F)(F)))=C(N5(C8=CC=CC=C8))C=C13,structures/anti_NPh_NPh_diCF3_p-CNbenz.xyz
anti_NPh_NPh_diOMe_m-CNbenz,C1=C2C=C(C(C=C6)=C4(C=C6(C#N)))C(N4(C9=CC=CC=C9))=CC2=CC3=CC(C(OC)=C5(OC))=C(N5(C8=CC=CC=C8))C=C13,structures/anti_NPh_NPh_diOMe_m-CNbenz.xyz
anti_O_NMe_2-CF3_2-F,C1=C2C=C(C=C4(F))C(N4C)=CC2=CC3=CC(C=C5(C(F)(F)(F)))=C(O5)C=C13,structures/anti_O_NMe_2-CF3_2-F.xyz
anti_O_NMe_2-CF3_3-Cl,C1=C2C=C(C(Cl)=C4)C(N4C)=CC2=CC3=CC(C=C5(C(F)(F)(F)))=C(O5)C=C13,structures/anti_O_NMe_2-CF3_3-Cl.xyz
anti_O_NMe_2-F_diCF3,C1=C2C=C(C(C(F)(F)(F))=C4(C(F)(F)(F)))C(N4C)=CC2=CC3=CC(C=C5(F))=C(O5)C=C13,structures/anti_O_NMe_2-F_diCF3.xyz
anti_O_NMe_3-CF3_p-OMebenz,C1=C2C=C(C(C=C6(OC))=C4(C=C6))C(N4C)=CC2=CC3=CC(C(C(F)(F)(F))=C5)=C(O5)C=C13,structures/anti_O_NMe_3-CF3_p-OMebenz.xyz
anti_O_NMe_benz_2-CF3,C1=C2C=C(C=C4(C(F)(F)(F)))C(N4C)=CC2=CC3=CC(C(C=C7)=C5(C=C7))=C(O5)C=C13,structures/anti_O_NMe_benz_2-CF3.xyz
anti_O_NMe_benz_diF,C1=C2C=C(C(F)=C4(F))C(N4C)=CC2=CC3=CC(C(C=C7)=C5(C=C7))=C(O5)C=C13,structures/anti_O_NMe_benz_diF.xyz
anti_O_NMe_diCN_m-OMebenz,C1=C2C=C(C(C=C6)=C4(C=C6(OC)))C(N4C)=CC2=CC3=CC(C(C#N)=C5(C#N))=C(O5)C=C13,structures/anti_O_NMe_diCN_m-OMebenz.xyz
anti_O_NMe_diOMe_m-CNbenz,C1=C2C=C(C(C=C6)=C4(C=C6(C#N)))C(N4C)=CC2=CC3=CC(C(OC)=C5(OC))=C(O5)C=C13,structures/anti_O_NMe_diOMe_m-CNbenz.xyz
anti_O_NMe_p-CF3benz_m-OMebenz,C1=C2C=C(C(C=C6)=C4(C=C6(OC)))C(N4C)=CC2=CC3=CC(C(C=C7(C(F)(F)(F)))=C5(C=C7))=C(O5)C=C13,structures/anti_O_NMe_p-CF3benz_m-OMebenz.xyz
anti_O_NMe_p-CF3benz_p-CNbenz,C1=C2C=C(C(C=C6(C#N))=C4(C=C6))C(N4C)=CC2=CC3=CC(C(C=C7(C(F)(F)(F)))=C5(C=C7))=C(O5)C=C13,structures/anti_O_NMe_p-CF3benz_p-CNbenz.xyz
anti_O_NMe_p-CNbenz_3-F,C1=C2C=C(C(F)=C4)C(N4C)=CC2=CC3=CC(C(C=C7(C#N))=C5(C=C7))=C(O5)C=C13,structures/anti_O_NMe_p-CNbenz_3-F.xyz
anti_O_NMe_p-OMebenz_p-CNbenz,C1=C2C=C(C(C=C6(C#N))=C4(C=C6))C(N4C)=CC2=CC3=CC(C(C=C7(OC))=C5(C=C7))=C(O5)C=C13,structures/anti_O_NMe_p-OMebenz_p-CNbenz.xyz
anti_O_NPh_2-CN_m-OMebenz,C1=C2C=C(C(C=C6)=C4(C=C6(OC)))C(N4(C9=CC=CC=C9))=CC2=CC3=CC(C=C5(C#N))=C(O5)C=C13,structures/anti_O_NPh_2-CN_m-OMebenz.xyz
anti_O_NPh_2-OMe_3-F,C1=C2C=C(C(F)=C4)C(N4(C9=CC=CC=C9))=CC2=CC3=CC(C=C5(OC))=C(O5)C=C13,structures/anti_O_NPh_2-OMe_3-F.xyz
anti_O_NPh_3-F_p-CF3benz,C1=C2C=C(C(C=C6(C(F)(F)(F)))=C4(C=C6))C(N4(C9=CC=CC=C9))=CC2=CC3=CC(C(F)=C5)=C(O5)C=C13,structures/anti_O_NPh_3-F_p-CF3benz.xyz
anti_O_NPh_3-OMe_3-F,C1=C2C=C(C(F)=C4)C(N4(C9=CC=CC=C9))=CC2=CC3=CC(C(OC)=C5)=C(O5)C=C13,structures/anti_O_NPh_3-OMe_3-F.xyz
anti_O_NPh_C_3-OMe,C1=C2C=C(C(OC)=C4)C(N4(C9=CC=CC=C9))=CC2=CC3=CC(C=C5)=C(O5)C=C13,structures/anti_O_NPh_C_3-OMe.xyz
anti_O_NPh_diF_diOMe,C1=C2C=C(C(OC)=C4(OC))C(N4(C9=CC=CC=C9))=CC2=CC3=CC(C(F)=C5(F))=C(O5)C=C13,structures/anti_O_NPh_diF_diOMe.xyz
anti_O_NPh_p-OMebenz_3-OMe,C1=C2C=C(C(OC)=C4)C(N4(C9=CC=CC=C9))=CC2=CC3=CC(C(C=C7(OC))=C5(C=C7))=C(O5)C=C13,structures/anti_O_NPh_p-OMebenz_3-OMe.xyz
anti_O_NPh_tetFbenz_m-CNbenz,C1=C2C=C(C(C=C6)=C4(C=C6(C#N)))C(N4(C9=CC=CC=C9))=CC2=CC3=CC(C(C(F)=C7(F))=C5(C(F)=C7(F)))=C(O5)C=C13,structures/anti_O_NPh_tetFbenz_m-CNbenz.xyz
anti_O_O_2-CN_p-OMebenz,C1=C2C=C(C(C=C6(OC))=C4(C=C6))C(O4)=CC2=CC3=CC(C=C5(C#N))=C(O5)C=C13,structures/anti_O_O_2-CN_p-OMebenz.xyz
anti_O_O_2-OMe_2-OMe,C1=C2C=C(C=C4(OC))C(O4)=CC2=CC3=CC(C=C5(OC))=C(O5)C=C13,structures/anti_O_O_2-OMe_2-OMe.xyz
anti_O_O_2-OMe_3-CF3,C1=C2C=C(C(C(F)(F)(F))=C4)C(O4)=CC2=CC3=CC(C=C5(OC))=C(O5)C=C13,structures/anti_O_O_2-OMe_3-CF3.xyz
anti_O_O_3-CF3_diOMe,C1=C2C=C(C(OC)=C4(OC))C(O4)=CC2=CC3=CC(C(C(F)(F)(F))=C5)=C(O5)C=C13,structures/anti_O_O_3-CF3_diOMe.xyz
anti_O_O_3-F_benz,C1=C2C=C(C(C=C6)=C4(C=C6))C(O4)=CC2=CC3=CC(C(F)=C5)=C(O5)C=C13,structures/anti_O_O_3-F_benz.xyz
anti_O_O_p-CNbenz_m-CNbenz,C1=C2C=C(C(C=C6)=C4(C=C6(C#N)))C(O4)=CC2=CC3=CC(C(C=C7(C#N))=C5(C=C7))=C(O5)C=C13,structures/anti_O_O_p-CNbenz_m-CNbenz.xyz
anti_S_NMe_diCF3_diOMe,C1=C2C=C(C(OC)=C4(OC))C(N4C)=CC2=CC3=CC(C(C(F)(F)(F))=C5(C(F)(F)(F)))=C(S5)C=C13,structures/anti_S_NMe_diCF3_diOMe.xyz
anti_S_NMe_diF_diF,C1=C2C=C(C(F)=C4(F))C(N4C)=CC2=CC3=CC(C(F)=C5(F))=C(S5)C=C13,structures/anti_S_NMe_diF_diF.xyz
anti_S_NMe_diOMe_2-CN,C1=C2C=C(C=C4(C#N))C(N4C)=CC2=CC3=CC(C(OC)=C5(OC))=C(S5)C=C13,structures/anti_S_NMe_diOMe_2-CN.xyz
anti_S_NMe_tetClbenz_m-CNbenz,C1=C2C=C(C(C=C6)=C4(C=C6(C#N)))C(N4C)=CC2=CC3=CC(C(C(Cl)=C7(Cl))=C5(C(Cl)=C7(Cl)))=C(S5)C=C13,structures/anti_S_NMe_tetClbenz_m-CNbenz.xyz
anti_S_NPh_2-CF3_3-F,C1=C2C=C(C(F)=C4)C(N4(C9=CC=CC=C9))=CC2=CC3=CC(C=C5(C(F)(F)(F)))=C(S5)C=C13,structures/anti_S_NPh_2-CF3_3-F.xyz
anti_S_NPh_2-CF3_p-OMebenz,C1=C2C=C(C(C=C6(OC))=C4(C=C6))C(N4(C9=CC=CC=C9))=CC2=CC3=CC(C=C5(C(F)(F)(F)))=C(S5)C=C13,structures/anti_S_NPh_2-CF3_p-OMebenz.xyz
anti_S_NPh_2-Cl_3-CF3,C1=C2C=C(C(C(F)(F)(F))=C4)C(N4(C9=CC=CC=C9))=CC2=CC3=CC(C=C5(Cl))=C(S5)C=C13,structures/anti_S_NPh_2-Cl_3-CF3.xyz
anti_S_NPh_2-Cl_C,C1=C2C=C(C=C4)C(N4(C9=CC=CC=C9))=CC2=CC3=CC(C=C5(Cl))=C(S5)C=C13,structures/anti_S_NPh_2-Cl_C.xyz
anti_S_NPh_2-CN_p-OMebenz,C1=C2C=C(C(C=C6(OC))=C4(C=C6))C(N4(C9=CC=CC=C9))=CC2=CC3=CC(C=C5(C#N))=C(S5)C=C13,structures/anti_S_NPh_2-CN_p-OMebenz.xyz
anti_S_NPh_2-F_C,C1=C2C=C(C=C4)C(N4(C9=CC=CC=C9))=CC2=CC3=CC(C=C5(F))=C(S5)C=C13,structures/anti_S_NPh_2-F_C.xyz
anti_S_NPh_3-CF3_3-F,C1=C2C=C(C(F)=C4)C(N4(C9=CC=CC=C9))=CC2=CC3=CC(C(C(F)(F)(F))=C5)=C(S5)C=C13,structures/anti_S_NPh_3-CF3_3-F.xyz
anti_S_NPh_3-CN_2-CN,C1=C2C=C(C=C4(C#N))C(N4(C9=CC=CC=C9))=CC2=CC3=CC(C(C#N)=C5)=C(S5)C=C13,structures/anti_S_NPh_3-CN_2-CN.xyz
anti_S_NPh_benz_m-OMebenz,C1=C2C=C(C(C=C6)=C4(C=C6(OC)))C(N4(C9=CC=CC=C9))=CC2=CC3=CC(C(C=C7)=C5(C=C7))=C(S5)C=C13,structures/anti_S_NPh_benz_m-OMebenz.xyz
anti_S_NPh_C_diF,C1=C2C=C(C(F)=C4(F))C(N4(C9=CC=CC=C9))=CC2=CC3=CC(C=C5)=C(S5)C=C13,structures/anti_S_NPh_C_diF.xyz
anti_S_NPh_diOMe_diF,C1=C2C=C(C(F)=C4(F))C(N4(C9=CC=CC=C9))=CC2=CC3=CC(C(OC)=C5(OC))=C(S5)C=C13,structures/anti_S_NPh_diOMe_diF.xyz
anti_S_NPh_m-CF3benz_3-CN,C1=C2C=C(C(C#N)=C4)C(N4(C9=CC=CC=C9))=CC2=CC3=CC(C(C=C7)=C5(C=C7(C(F)(F)(F))))=C(S5)C=C13,structures/anti_S_NPh_m-CF3benz_3-CN.xyz
anti_S_NPh_m-OMebenz_2-F,C1=C2C=C(C=C4(F))C(N4(C9=CC=CC=C9))=CC2=CC3=CC(C(C=C7)=C5(C=C7(OC)))=C(S5)C=C13,structures/anti_S_NPh_m-OMebenz_2-F.xyz
anti_S_O_2-CF3_3-OMe,C1=C2C=C(C(OC)=C4)C(O4)=CC2=CC3=CC(C=C5(C(F)(F)(F)))=C(S5)C=C13,structures/anti_S_O_2-CF3_3-OMe.xyz
anti_S_O_2-CN_diOMe,C1=C2C=C(C(OC)=C4(OC))C(O4)=CC2=CC3=CC(C=C5(C#N))=C(S5)C=C13,structures/anti_S_O_2-CN_diOMe.xyz
anti_S_O_2-OMe_m-OMebenz,C1=C2C=C(C(C=C6)=C4(C=C6(OC)))C(O4)=CC2=CC3=CC(C=C5(OC))=C(S5)C=C13,structures/anti_S_O_2-OMe_m-OMebenz.xyz
anti_S_O_3-CF3_2-CN,C1=C2C=C(C=C4(C#N))C(O4)=CC2=CC3=CC(C(C(F)(F)(F))=C5)=C(S5)C=C13,structures/anti_S_O_3-CF3_2-CN.xyz
anti_S_O_3-Cl_2-OMe,C1=C2C=C(C=C4(OC))C(O4)=CC2=CC3=CC(C(Cl)=C5)=C(S5)C=C13,structures/anti_S_O_3-Cl_2-OMe.xyz
anti_S_O_3-F_3-F,C1=C2C=C(C(F)=C4)C(O4)=CC2=CC3=CC(C(F)=C5)=C(S5)C=C13,structures/anti_S_O_3-F_3-F.xyz
anti_S_O_3-OMe_2-OMe,C1=C2C=C(C=C4(OC))C(O4)=CC2=CC3=CC(C(OC)=C5)=C(S5)C=C13,structures/anti_S_O_3-OMe_2-OMe.xyz
anti_S_O_benz_3-CN,C1=C2C=C(C(C#N)=C4)C(O4)=CC2=CC3=CC(C(C=C7)=C5(C=C7))=C(S5)C=C13,structures/anti_S_O_benz_3-CN.xyz
anti_S_O_benz_3-OMe,C1=C2C=C(C(OC)=C4)C(O4)=CC2=CC3=CC(C(C=C7)=C5(C=C7))=C(S5)C=C13,structures/anti_S_O_benz_3-OMe.xyz
anti_S_O_diCF3_3-CN,C1=C2C=C(C(C#N)=C4)C(O4)=CC2=CC3=CC(C(C(F)(F)(F))=C5(C(F)(F)(F)))=C(S5)C=C13,structures/anti_S_O_diCF3_3-CN.xyz
anti_S_O_diCF3_diF,C1=C2C=C(C(F)=C4(F))C(O4)=CC2=CC3=CC(C(C(F)(F)(F))=C5(C(F)(F)(F)))=C(S5)C=C13,structures/anti_S_O_diCF3_diF.xyz
anti_S_O_m-CF3benz_3-F,C1=C2C=C(C(F)=C4)C(O4)=CC2=CC3=CC(C(C=C7)=C5(C=C7(C(F)(F)(F))))=C(S5)C=C13,structures/anti_S_O_m-CF3benz_3-F.xyz
anti_S_O_m-CNbenz_diF,C1=C2C=C(C(F)=C4(F))C(O4)=CC2=CC3=CC(C(C=C7)=C5(C=C7(C#N)))=C(S5)C=C13,structures/anti_S_O_m-CNbenz_diF.xyz
anti_S_O_p-CNbenz_diF,C1=C2C=C(C(F)=C4(F))C(O4)=CC2=CC3=CC(C(C=C7(C#N))=C5(C=C7))=C(S5)C=C13,structures/anti_S_O_p-CNbenz_diF.xyz
anti_S_S_2-Cl_diOMe,C1=C2C=C(C(OC)=C4(OC))C(S4)=CC2=CC3=CC(C=C5(Cl))=C(S5)C=C13,structures/anti_S_S_2-Cl_diOMe.xyz
anti_S_S_2-F_diCl,C1=C2C=C(C(Cl)=C4(Cl))C(S4)=CC2=CC3=CC(C=C5(F))=C(S5)C=C13,structures/anti_S_S_2-F_diCl.xyz
anti_S_S_3-Cl_3-CF3,C1=C2C=C(C(C(F)(F)(F))=C4)C(S4)=CC2=CC3=CC(C(Cl)=C5)=C(S5)C=C13,structures/anti_S_S_3-Cl_3-CF3.xyz
anti_S_S_3-OMe_diCN,C1=C2C=C(C(C#N)=C4(C#N))C(S4)=CC2=CC3=CC(C(OC)=C5)=C(S5)C=C13,structures/anti_S_S_3-OMe_diCN.xyz
anti_S_S_benz_p-CF3benz,C1=C2C=C(C(C=C6(C(F)(F)(F)))=C4(C=C6))C(S4)=CC2=CC3=CC(C(C=C7)=C5(C=C7))=C(S5)C=C13,structures/anti_S_S_benz_p-CF3benz.xyz
anti_S_S_C_diCN,C1=C2C=C(C(C#N)=C4(C#N))C(S4)=CC2=CC3=CC(C=C5)=C(S5)C=C13,structures/anti_S_S_C_diCN.xyz
anti_S_S_diF_benz,C1=C2C=C(C(C=C6)=C4(C=C6))C(S4)=CC2=CC3=CC(C(F)=C5(F))=C(S5)C=C13,structures/anti_S_S_diF_benz.xyz
asym_NPh_m-CNbenz,C1=C2C=CC=CC2=CC3=CC(C(C=C7)=C5(C=C7(C#N)))=C(N5(C8=CC=CC=C8))C=C13,structures/asym_NPh_m-CNbenz.xyz
asym_O_2-OMe,C1=C2C=CC=CC2=CC3=CC(C=C5(OC))=C(O5)C=C13,structures/asym_O_2-OMe.xyz
asym_S_p-OMebenz,C1=C2C=CC=CC2=CC3=CC(C(C=C7(OC))=C5(C=C7))=C(S5)C=C13,structures/asym_S_p-OMebenz.xyz
syn_C_C_2-OMe_m-CF3benz,C1=C2C=C(C=C4)C(C(C=C6)=C4(C=C6(C(F)(F)(F))))=CC2=CC3=CC(C=C5(OC))=C(C=C5)C=C13,structures/syn_C_C_2-OMe_m-CF3benz.xyz
syn_C_C_diF_p-CF3benz,C1=C2C=C(C=C4)C(C(C=C6(C(F)(F)(F)))=C4(C=C6))=CC2=CC3=CC(C(F)=C5(F))=C(C=C5)C=C13,structures/syn_C_C_diF_p-CF3benz.xyz
syn_C_NMe_2-Cl_2-Cl,C1=C2C=C(N4C)C(C=C4(Cl))=CC2=CC3=CC(C=C5(Cl))=C(C=C5)C=C13,structures/syn_C_NMe_2-Cl_2-Cl.xyz
syn_C_NMe_2-F_m-CF3benz,C1=C2C=C(N4C)C(C(C=C6)=C4(C=C6(C(F)(F)(F))))=CC2=CC3=CC(C=C5(F))=C(C=C5)C=C13,structures/syn_C_NMe_2-F_m-CF3benz.xyz
syn_C_NMe_3-CF3_C,C1=C2C=C(N4C)C(C=C4)=CC2=CC3=CC(C(C(F)(F)(F))=C5)=C(C=C5)C=C13,structures/syn_C_NMe_3-CF3_C.xyz
syn_C_NMe_3-F_m-CF3benz,C1=C2C=C(N4C)C(C(C=C6)=C4(C=C6(C(F)(F)(F))))=CC2=CC3=CC(C(F)=C5)=C(C=C5)C=C13,structures/syn_C_NMe_3-F_m-CF3benz.xyz
syn_C_NMe_C_benz,C1=C2C=C(N4C)C(C(C=C6)=C4(C=C6))=CC2=CC3=CC(C=C5)=C(C=C5)C=C13,structures/syn_C_NMe_C_benz.xyz
syn_C_NMe_C_tetFbenz,C1=C2C=C(N4C)C(C(C(F)=C6(F))=C4(C(F)=C6(F)))=CC2=CC3=CC(C=C5)=C(C=C5)C=C13,structures/syn_C_NMe_C_tetFbenz.xyz
syn_C_NMe_diCF3_2-Cl,C1=C2C=C(N4C)C(C=C4(Cl))=CC2=CC3=CC(C(C(F)(F)(F))=C5(C(F)(F)(F)))=C(C=C5)C=C13,structures/syn_C_NMe_diCF3_2-Cl.xyz
syn_C_NMe_diCF3_diF,C1=C2C=C(N4C)C(C(F)=C4(F))=CC2=CC3=CC(C(C(F)(F)(F))=C5(C(F)(F)(F)))=C(C=C5)C=C13,structures/syn_C_NMe_diCF3_diF.xyz
syn_C_NMe_diCl_diF,C1=C2C=C(N4C)C(C(F)=C4(F))=CC2=CC3=CC(C(Cl)=C5(Cl))=C(C=C5)C=C13,structures/syn_C_NMe_diCl_diF.xyz
syn_C_NMe_m-CNbenz_2-CF3,C1=C2C=C(N4C)C(C=C4(C(F)(F)(F)))=CC2=CC3=CC(C(C=C7)=C5(C=C7(C#N)))=C(C=C5)C=C13,structures/syn_C_NMe_m-CNbenz_2-CF3.xyz
syn_C_NMe_m-CNbenz_diOMe,C1=C2C=C(N4C)C(C(OC)=C4(OC))=CC2=CC3=CC(C(C=C7)=C5(C=C7(C#N)))=C(C=C5)C=C13,structures/syn_C_NMe_m-CNbenz_diOMe.xyz
syn_C_NMe_p-CF3benz_diCF3,C1=C2C=C(N4C)C(C(C(F)(F)(F))=C4(C(F)(F)(F)))=CC2=CC3=CC(C(C=C7(C(F)(F)(F)))=C5(C=C7))=C(C=C5)C=C13,structures/syn_C_NMe_p-CF3benz_diCF3.xyz
syn_C_NMe_tetFbenz_2-F,C1=C2C=C(N4C)C(C=C4(F))=CC2=CC3=CC(C(C(F)=C7(F))=C5(C(F)=C7(F)))=C(C=C5)C=C13,structures/syn_C_NMe_tetFbenz_2-F.xyz
syn_C_NMe_tetFbenz_m-OMebenz,C1=C2C=C(N4C)C(C(C=C6)=C4(C=C6(OC)))=CC2=CC3=CC(C(C(F)=C7(F))=C5(C(F)=C7(F)))=C(C=C5)C=C13,structures/syn_C_NMe_tetFbenz_m-OMebenz.xyz
syn_C_NPh_2-CF3_diOMe,C1=C2C=C(N4(C9=CC=CC=C9))C(C(OC)=C4(OC))=CC2=CC3=CC(C=C5(C(F)(F)(F)))=C(C=C5)C=C13,structures/syn_C_NPh_2-CF3_diOMe.xyz
syn_C_NPh_2-CN_3-F,C1=C2C=C(N4(C9=CC=CC=C9))C(C(F)=C4)=CC2=CC3=CC(C=C5(C#N))=C(C=C5)C=C13,structures/syn_C_NPh_2-CN_3-F.xyz
syn_C_NPh_2-F_diOMe,C1=C2C=C(N4(C9=CC=CC=C9))C(C(OC)=C4(OC))=CC2=CC3=CC(C=C5(F))=C(C=C5)C=C13,structures/syn_C_NPh_2-F_diOMe.xyz
syn_C_NPh_C_m-CF3benz,C1=C2C=C(N4(C9=CC=CC=C9))C(C(C=C6)=C4(C=C6(C(F)(F)(F))))=CC2=CC3=CC(C=C5)=C(C=C5)C=C13,structures/syn_C_NPh_C_m-CF3benz.xyz
syn_C_NPh_diCF3_3-F,C1=C2C=C(N4(C9=CC=CC=C9))C(C(F)=C4)=CC2=CC3=CC(C(C(F)(F)(F))=C5(C(F)(F)(F)))=C(C=C5)C=C13,structures/syn_C_NPh_diCF3_3-F.xyz
syn_C_NPh_p-CF3benz_p-CNbenz,C1=C2C=C(N4(C9=CC=CC=C9))C(C(C=C6(C#N))=C4(C=C6))=CC2=CC3=CC(C(C=C7(C(F)(F)(F)))=C5(C=C7))=C(C=C5)C=C13,structures/syn_C_NPh_p-CF3benz_p-CNbenz.xyz
syn_C_O_2-CF3_3-OMe,C1=C2C=C(O4)C(C(OC)=C4)=CC2=CC3=CC(C=C5(C(F)(F)(F)))=C(C=C5)C=C13,structures/syn_C_O_2-CF3_3-OMe.xyz
syn_C_O_2-F_tetFbenz,C1=C2C=C(O4)C(C(C(F)=C6(F))=C4(C(F)=C6(F)))=CC2=CC3=CC(C=C5(F))=C(C=C5)C=C13,structures/syn_C_O_2-F_tetFbenz.xyz
syn_C_O_diF_3-CF3,C1=C2C=C(O4)C(C(C(F)(F)(F))=C4)=CC2=CC3=CC(C(F)=C5(F))=C(C=C5)C=C13,structures/syn_C_O_diF_3-CF3.xyz
syn_C_O_m-CF3benz_2-F,C1=C2C=C(O4)C(C=C4(F))=CC2=CC3=CC(C(C=C7)=C5(C=C7(C(F)(F)(F))))=C(C=C5)C=C13,structures/syn_C_O_m-CF3benz_2-F.xyz
syn_C_O_p-OMebenz_2-CN,C1=C2C=C(O4)C(C=C4(C#N))=CC2=CC3=CC(C(C=C7(OC))=C5(C=C7))=C(C=C5)C=C13,structures/syn_C_O_p-OMebenz_2-CN.xyz
syn_C_O_p-OMebenz_2-F,C1=C2C=C(O4)C(C=C4(F))=CC2=CC3=CC(C(C=C7(OC))=C5(C=C7))=C(C=C5)C=C13,structures/syn_C_O_p-OMebenz_2-F.xyz
syn_C_S_2-CF3_3-OMe,C1=C2C=C(S4)C(C(OC)=C4)=CC2=CC3=CC(C=C5(C(F)(F)(F)))=C(C=C5)C=C13,structures/syn_C_S_2-CF3_3-OMe.xyz
syn_C_S_2-F_3-CN,C1=C2C=C(S4)C(C(C#N)=C4)=CC2=CC3=CC(C=C5(F))=C(C=C5)C=C13,structures/syn_C_S_2-F_3-CN.xyz
syn_C_S_3-CF3_diF,C1=C2C=C(S4)C(C(F)=C4(F))=CC2=CC3=CC(C(C(F)(F)(F))=C5)=C(C=C5)C=C13,structures/syn_C_S_3-CF3_diF.xyz
syn_C_S_3-CF3_p-OMebenz,C1=C2C=C(S4)C(C(C=C6(OC))=C4(C=C6))=CC2=CC3=CC(C(C(F)(F)(F))=C5)=C(C=C5)C=C13,structures/syn_C_S_3-CF3_p-OMebenz.xyz
syn_C_S_benz_tetFbenz,C1=C2C=C(S4)C(C(C(F)=C6(F))=C4(C(F)=C6(F)))=CC2=CC3=CC(C(C=C7)=C5(C=C7))=C(C=C5)C=C13,structures/syn_C_S_benz_tetFbenz.xyz
syn_C_S_C_m-OMebenz,C1=C2C=C(S4)C(C(C=C6)=C4(C=C6(OC)))=CC2=CC3=CC(C=C5)=C(C=C5)C=C13,structures/syn_C_S_C_m-OMebenz.xyz
syn_C_S_diCl_p-CNbenz,C1=C2C=C(S4)C(C(C=C6(C#N))=C4(C=C6))=CC2=CC3=CC(C(Cl)=C5(Cl))=C(C=C5)C=C13,structures/syn_C_S_diCl_p-CNbenz.xyz
syn_C_S_diF_3-CN,C1=C2C=C(S4)C(C(C#N)=C4)=CC2=CC3=CC(C(F)=C5(F))=C(C=C5)C=C13,structures/syn_C_S_diF_3-CN.xyz
syn_C_S_p-CF3benz_2-CF3,C1=C2C=C(S4)C(C=C4(C(F)(F)(F)))=CC2=CC3=CC(C(C=C7(C(F)(F)(F)))=C5(C=C7))=C(C=C5)C=C13,structures/syn_C_S_p-CF3benz_2-CF3.xyz
syn_NMe_NMe_2-CF3_p-CNbenz,C1=C2C=C(N4C)C(C(C=C6(C#N))=C4(C=C6))=CC2=CC3=CC(C=C5(C(F)(F)(F)))=C(N5C)C=C13,structures/syn_NMe_NMe_2-CF3_p-CNbenz.xyz
syn_NMe_NMe_2-CF3_tetFbenz,C1=C2C=C(N4C)C(C(C(F)=C6(F))=C4(C(F)=C6(F)))=CC2=CC3=CC(C=C5(C(F)(F)(F)))=C(N5C)C=C13,structures/syn_NMe_NMe_2-CF3_tetFbenz.xyz
syn_NMe_NMe_diCN_p-OMebenz,C1=C2C=C(N4C)C(C(C=C6(OC))=C4(C=C6))=CC2=CC3=CC(C(C#N)=C5(C#N))=C(N5C)C=C13,structures/syn_NMe_NMe_diCN_p-OMebenz.xyz
syn_NMe_NPh_2-F_2-F,C1=C2C=C(N4(C9=CC=CC=C9))C(C=C4(F))=CC2=CC3=CC(C=C5(F))=C(N5C)C=C13,structures/syn_NMe_NPh_2-F_2-F.xyz
syn_NMe_NPh_diCF3_diCN,C1=C2C=C(N4(C9=CC=CC=C9))C(C(C#N)=C4(C#N))=CC2=CC3=CC(C(C(F)(F)(F))=C5(C(F)(F)(F)))=C(N5C)C=C13,structures/syn_NMe_NPh_diCF3_diCN.xyz
syn_NMe_NPh_diCN_3-OMe,C1=C2C=C(N4(C9=CC=CC=C9))C(C(OC)=C4)=CC2=CC3=CC(C(C#N)=C5(C#N))=C(N5C)C=C13,structures/syn_NMe_NPh_diCN_3-OMe.xyz
syn_NMe_NPh_diF_m-CF3benz,C1=C2C=C(N4(C9=CC=CC=C9))C(C(C=C6)=C4(C=C6(C(F)(F)(F))))=CC2=CC3=CC(C(F)=C5(F))=C(N5C)C=C13,structures/syn_NMe_NPh_diF_m-CF3benz.xyz
syn_NMe_NPh_m-CF3benz_3-CN,C1=C2C=C(N4(C9=CC=CC=C9))C(C(C#N)=C4)=CC2=CC3=CC(C(C=C7)=C5(C=C7(C(F)(F)(F))))=C(N5C)C=C13,structures/syn_NMe_NPh_m-CF3benz_3-CN.xyz
syn_NMe_NPh_p-CNbenz_3-Cl,C1=C2C=C(N4(C9=CC=CC=C9))C(C(Cl)=C4)=CC2=CC3=CC(C(C=C7(C#N))=C5(C=C7))=C(N5C)C=C13,structures/syn_NMe_NPh_p-CNbenz_3-Cl.xyz
syn_NMe_NPh_p-OMebenz_C,C1=C2C=C(N4(C9=CC=CC=C9))C(C=C4)=CC2=CC3=CC(C(C=C7(OC))=C5(C=C7))=C(N5C)C=C13,structures/syn_NMe_NPh_p-OMebenz_C.xyz
syn_NPh_NPh_2-Cl_3-CN,C1=C2C=C(N4(C9=CC=CC=C9))C(C(C#N)=C4)=CC2=CC3=CC(C=C5(Cl))=C(N5(C8=CC=CC=C8))C=C13,structures/syn_NPh_NPh_2-Cl_3-CN.xyz
syn_NPh_NPh_2-OMe_diCF3,C1=C2C=C(N4(C9=CC=CC=C9))C(C(C(F)(F)(F))=C4(C(F)(F)(F)))=CC2=CC3=CC(C=C5(OC))=C(N5(C8=CC=CC=C8))C=C13,structures/syn_NPh_NPh_2-OMe_diCF3.xyz
syn_NPh_NPh_3-CF3_3-OMe,C1=C2C=C(N4(C9=CC=CC=C9))C(C(OC)=C4)=CC2=CC3=CC(C(C(F)(F)(F))=C5)=C(N5(C8=CC=CC=C8))C=C13,structures/syn_NPh_NPh_3-CF3_3-OMe.xyz
syn_O_NMe_3-Cl_m-OMebenz,C1=C2C=C(N4C)C(C(C=C6)=C4(C=C6(OC)))=CC2=CC3=CC(C(Cl)=C5)=C(O5)C=C13,structures/syn_O_NMe_3-Cl_m-OMebenz.xyz
syn_O_NMe_benz_m-CF3benz,C1=C2C=C(N4C)C(C(C=C6)=C4(C=C6(C(F)(F)(F))))=CC2=CC3=CC(C(C=C7)=C5(C=C7))=C(O5)C=C13,structures/syn_O_NMe_benz_m-CF3benz.xyz
syn_O_NMe_C_2-Cl,C1=C2C=C(N4C)C(C=C4(Cl))=CC2=CC3=CC(C=C5)=C(O5)C=C13,structures/syn_O_NMe_C_2-Cl.xyz
syn_O_NMe_C_m-OMebenz,C1=C2C=C(N4C)C(C(C=C6)=C4(C=C6(OC)))=CC2=CC3=CC(C=C5)=C(O5)C=C13,structures/syn_O_NMe_C_m-OMebenz.xyz
syn_O_NMe_m-CNbenz_tetFbenz,C1=C2C=C(N4C)C(C(C(F)=C6(F))=C4(C(F)=C6(F)))=CC2=CC3=CC(C(C=C7)=C5(C=C7(C#N)))=C(O5)C=C13,structures/syn_O_NMe_m-CNbenz_tetFbenz.xyz
syn_O_NMe_p-OMebenz_2-F,C1=C2C=C(N4C)C(C=C4(F))=CC2=CC3=CC(C(C=C7(OC))=C5(C=C7))=C(O5)C=C13,structures/syn_O_NMe_p-OMebenz_2-F.xyz
syn_O_NMe_p-OMebenz_3-F,C1=C2C=C(N4C)C(C(F)=C4)=CC2=CC3=CC(C(C=C7(OC))=C5(C=C7))=C(O5)C=C13,structures/syn_O_NMe_p-OMebenz_3-F.xyz
syn_O_NPh_2-CF3_p-CNbenz,C1=C2C=C(N4(C9=CC=CC=C9))C(C(C=C6(C#N))=C4(C=C6))=CC2=CC3=CC(C=C5(C(F)(F)(F)))=C(O5)C=C13,structures/syn_O_NPh_2-CF3_p-CNbenz.xyz
syn_O_NPh_2-Cl_diCF3,C1=C2C=C(N4(C9=CC=CC=C9))C(C(C(F)(F)(F))=C4(C(F)(F)(F)))=CC2=CC3=CC(C=C5(Cl))=C(O5)C=C13,structures/syn_O_NPh_2-Cl_diCF3.xyz
syn_O_NPh_2-CN_2-CF3,C1=C2C=C(N4(C9=CC=CC=C9))C(C=C4(C(F)(F)(F)))=CC2=CC3=CC(C=C5(C#N))=C(O5)C=C13,structures/syn_O_NPh_2-CN_2-CF3.xyz
syn_O_NPh_2-CN_diF,C1=C2C=C(N4(C9=CC=CC=C9))C(C(F)=C4(F))=CC2=CC3=CC(C=C5(C#N))=C(O5)C=C13,structures/syn_O_NPh_2-CN_diF.xyz
syn_O_NPh_2-F_tetClbenz,C1=C2C=C(N4(C9=CC=CC=C9))C(C(C(Cl)=C6(Cl))=C4(C(Cl)=C6(Cl)))=CC2=CC3=CC(C=C5(F))=C(O5)C=C13,structures/syn_O_NPh_2-F_tetClbenz.xyz
syn_O_NPh_3-OMe_m-CNbenz,C1=C2C=C(N4(C9=CC=CC=C9))C(C(C=C6)=C4(C=C6(C#N)))=CC2=CC3=CC(C(OC)=C5)=C(O5)C=C13,structures/syn_O_NPh_3-OMe_m-CNbenz.xyz
syn_O_NPh_3-OMe_tetFbenz,C1=C2C=C(N4(C9=CC=CC=C9))C(C(C(F)=C6(F))=C4(C(F)=C6(F)))=CC2=CC3=CC(C(OC)=C5)=C(O5)C=C13,structures/syn_O_NPh_3-OMe_tetFbenz.xyz
syn_O_NPh_C_2-Cl,C1=C2C=C(N4(C9=CC=CC=C9))C(C=C4(Cl))=CC2=CC3=CC(C=C5)=C(O5)C=C13,structures/syn_O_NPh_C_2-Cl.xyz
syn_O_NPh_C_p-CF3benz,C1=C2C=C(N4(C9=CC=CC=C9))C(C(C=C6(C(F)(F)(F)))=C4(C=C6))=CC2=CC3=CC(C=C5)=C(O5)C=C13,structures/syn_O_NPh_C_p-CF3benz.xyz
syn_O_NPh_C_tetFbenz,C1=C2C=C(N4(C9=CC=CC=C9))C(C(C(F)=C6(F))=C4(C(F)=C6(F)))=CC2=CC3=CC(C=C5)=C(O5)C=C13,structures/syn_O_NPh_C_tetFbenz.xyz
syn_O_NPh_diCF3_2-Cl,C1=C2C=C(N4(C9=CC=CC=C9))C(C=C4(Cl))=CC2=CC3=CC(C(C(F)(F)(F))=C5(C(F)(F)(F)))=C(O5)C=C13,structures/syn_O_NPh_diCF3_2-Cl.xyz
syn_O_NPh_diOMe_tetFbenz,C1=C2C=C(N4(C9=CC=CC=C9))C(C(C(F)=C6(F))=C4(C(F)=C6(F)))=CC2=CC3=CC(C(OC)=C5(OC))=C(O5)C=C13,structures/syn_O_NPh_diOMe_tetFbenz.xyz
syn_O_NPh_p-CF3benz_diCN,C1=C2C=C(N4(C9=CC=CC=C9))C(C(C#N)=C4(C#N))=CC2=CC3=CC(C(C=C7(C(F)(F)(F)))=C5(C=C7))=C(O5)C=C13,structures/syn_O_NPh_p-CF3benz_diCN.xyz
syn_O_NPh_p-OMebenz_diF,C1=C2C=C(N4(C9=CC=CC=C9))C(C(F)=C4(F))=CC2=CC3=CC(C(C=C7(OC))=C5(C=C7))=C(O5)C=C13,structures/syn_O_NPh_p-OMebenz_diF.xyz
syn_O_NPh_p-OMebenz_m-CNbenz,C1=C2C=C(N4(C9=CC=CC=C9))C(C(C=C6)=C4(C=C6(C#N)))=CC2=CC3=CC(C(C=C7(OC))=C5(C=C7))=C(O5)C=C13,structures/syn_O_NPh_p-OMebenz_m-CNbenz.xyz
syn_O_O_2-F_diCl,C1=C2C=C(O4)C(C(Cl)=C4(Cl))=CC2=CC3=CC(C=C5(F))=C(O5)C=C13,structures/syn_O_O_2-F_diCl.xyz
syn_S_NMe_2-CF3_tetClbenz,C1=C2C=C(N4C)C(C(C(Cl)=C6(Cl))=C4(C(Cl)=C6(Cl)))=CC2=CC3=CC(C=C5(C(F)(F)(F)))=C(S5)C=C13,structures/syn_S_NMe_2-CF3_tetClbenz.xyz
syn_S_NMe_2-Cl_2-OMe,C1=C2C=C(N4C)C(C=C4(OC))=CC2=CC3=CC(C=C5(Cl))=C(S5)C=C13,structures/syn_S_NMe_2-Cl_2-OMe.xyz
syn_S_NMe_2-CN_diF,C1=C2C=C(N4C)C(C(F)=C4(F))=CC2=CC3=CC(C=C5(C#N))=C(S5)C=C13,structures/syn_S_NMe_2-CN_diF.xyz
syn_S_NMe_3-CF3_diOMe,C1=C2C=C(N4C)C(C(OC)=C4(OC))=CC2=CC3=CC(C(C(F)(F)(F))=C5)=C(S5)C=C13,structures/syn_S_NMe_3-CF3_diOMe.xyz
syn_S_NMe_diCF3_3-F,C1=C2C=C(N4C)C(C(F)=C4)=CC2=CC3=CC(C(C(F)(F)(F))=C5(C(F)(F)(F)))=C(S5)C=C13,structures/syn_S_NMe_diCF3_3-F.xyz
syn_S_NMe_diCl_m-CF3benz,C1=C2C=C(N4C)C(C(C=C6)=C4(C=C6(C(F)(F)(F))))=CC2=CC3=CC(C(Cl)=C5(Cl))=C(S5)C=C13,structures/syn_S_NMe_diCl_m-CF3benz.xyz
syn_S_NMe_m-CF3benz_3-Cl,C1=C2C=C(N4C)C(C(Cl)=C4)=CC2=CC3=CC(C(C=C7)=C5(C=C7(C(F)(F)(F))))=C(S5)C=C13,structures/syn_S_NMe_m-CF3benz_3-Cl.xyz
syn_S_NMe_p-CNbenz_p-CNbenz,C1=C2C=C(N4C)C(C(C=C6(C#N))=C4(C=C6))=CC2=CC3=CC(C(C=C7(C#N))=C5(C=C7))=C(S5)C=C13,structures/syn_S_NMe_p-CNbenz_p-CNbenz.xyz
syn_S_NMe_tetFbenz_3-OMe,C1=C2C=C(N4C)C(C(OC)=C4)=CC2=CC3=CC(C(C(F)=C7(F))=C5(C(F)=C7(F)))=C(S5)C=C13,structures/syn_S_NMe_tetFbenz_3-OMe.xyz
syn_S_NPh_2-CF3_m-CF3benz,C1=C2C=C(N4(C9=CC=CC=C9))C(C(C=C6)=C4(C=C6(C(F)(F)(F))))=CC2=CC3=CC(C=C5(C(F)(F)(F)))=C(S5)C=C13,structures/syn_S_NPh_2-CF3_m-CF3benz.xyz
syn_S_NPh_2-Cl_diOMe,C1=C2C=C(N4(C9=CC=CC=C9))C(C(OC)=C4(OC))=CC2=CC3=CC(C=C5(Cl))=C(S5)C=C13,structures/syn_S_NPh_2-Cl_diOMe.xyz
syn_S_NPh_2-CN_p-CNbenz,C1=C2C=C(N4(C9=CC=CC=C9))C(C(C=C6(C#N))=C4(C=C6))=CC2=CC3=CC(C=C5(C#N))=C(S5)C=C13,structures/syn_S_NPh_2-CN_p-CNbenz.xyz
syn_S_NPh_3-Cl_3-CF3,C1=C2C=C(N4(C9=CC=CC=C9))C(C(C(F)(F)(F))=C4)=CC2=CC3=CC(C(Cl)=C5)=C(S5)C=C13,structures/syn_S_NPh_3-Cl_3-CF3.xyz
syn_S_NPh_diF_diCN,C1=C2C=C(N4(C9=CC=CC=C9))C(C(C#N)=C4(C#N))=CC2=CC3=CC(C(F)=C5(F))=C(S5)C=C13,structures/syn_S_NPh_diF_diCN.xyz
syn_S_NPh_m-CF3benz_2-F,C1=C2C=C(N4(C9=CC=CC=C9))C(C=C4(F))=CC2=CC3=CC(C(C=C7)=C5(C=C7(C(F)(F)(F))))=C(S5)C=C13,structures/syn_S_NPh_m-CF3benz_2-F.xyz
syn_S_NPh_m-CNbenz_diF,C1=C2C=C(N4(C9=CC=CC=C9))C(C(F)=C4(F))=CC2=CC3=CC(C(C=C7)=C5(C=C7(C#N)))=C(S5)C=C13,structures/syn_S_NPh_m-CNbenz_diF.xyz
syn_S_NPh_p-CNbenz_2-F,C1=C2C=C(N4(C9=CC=CC=C9))C(C=C4(F))=CC2=CC3=CC(C(C=C7(C#N))=C5(C=C7))=C(S5)C=C13,structures/syn_S_NPh_p-CNbenz_2-F.xyz
syn_S_NPh_p-OMebenz_m-OMebenz,C1=C2C=C(N4(C9=CC=CC=C9))C(C(C=C6)=C4(C=C6(OC)))=CC2=CC3=CC(C(C=C7(OC))=C5(C=C7))=C(S5)C=C13,structures/syn_S_NPh_p-OMebenz_m-OMebenz.xyz
syn_S_NPh_tetFbenz_3-OMe,C1=C2C=C(N4(C9=CC=CC=C9))C(C(OC)=C4)=CC2=CC3=CC(C(C(F)=C7(F))=C5(C(F)=C7(F)))=C(S5)C=C13,structures/syn_S_NPh_tetFbenz_3-OMe.xyz
syn_S_NPh_tetFbenz_diCl,C1=C2C=C(N4(C9=CC=CC=C9))C(C(Cl)=C4(Cl))=CC2=CC3=CC(C(C(F)=C7(F))=C5(C(F)=C7(F)))=C(S5)C=C13,structures/syn_S_NPh_tetFbenz_diCl.xyz
syn_S_NPh_tetFbenz_m-CF3benz,C1=C2C=C(N4(C9=CC=CC=C9))C(C(C=C6)=C4(C=C6(C(F)(F)(F))))=CC2=CC3=CC(C(C(F)=C7(F))=C5(C(F)=C7(F)))=C(S5)C=C13,structures/syn_S_NPh_tetFbenz_m-CF3benz.xyz
syn_S_O_2-CN_diCF3,C1=C2C=C(O4)C(C(C(F)(F)(F))=C4(C(F)(F)(F)))=CC2=CC3=CC(C=C5(C#N))=C(S5)C=C13,structures/syn_S_O_2-CN_diCF3.xyz
syn_S_O_2-OMe_diCN,C1=C2C=C(O4)C(C(C#N)=C4(C#N))=CC2=CC3=CC(C=C5(OC))=C(S5)C=C13,structures/syn_S_O_2-OMe_diCN.xyz
syn_S_O_3-CF3_diCl,C1=C2C=C(O4)C(C(Cl)=C4(Cl))=CC2=CC3=CC(C(C(F)(F)(F))=C5)=C(S5)C=C13,structures/syn_S_O_3-CF3_diCl.xyz
syn_S_O_3-CN_p-CF3benz,C1=C2C=C(O4)C(C(C=C6(C(F)(F)(F)))=C4(C=C6))=CC2=CC3=CC(C(C#N)=C5)=C(S5)C=C13,structures/syn_S_O_3-CN_p-CF3benz.xyz
syn_S_O_benz_3-CN,C1=C2C=C(O4)C(C(C#N)=C4)=CC2=CC3=CC(C(C=C7)=C5(C=C7))=C(S5)C=C13,structures/syn_S_O_benz_3-CN.xyz
syn_S_O_diOMe_diCF3,C1=C2C=C(O4)C(C(C(F)(F)(F))=C4(C(F)(F)(F)))=CC2=CC3=CC(C(OC)=C5(OC))=C(S5)C=C13,structures/syn_S_O_diOMe_diCF3.xyz
syn_S_O_p-CF3benz_2-F,C1=C2C=C(O4)C(C=C4(F))=CC2=CC3=CC(C(C=C7(C(F)(F)(F)))=C5(C=C7))=C(S5)C=C13,structures/syn_S_O_p-CF3benz_2-F.xyz
syn_S_O_p-OMebenz_p-OMebenz,C1=C2C=C(O4)C(C(C=C6(OC))=C4(C=C6))=CC2=CC3=CC(C(C=C7(OC))=C5(C=C7))=C(S5)C=C13,structures/syn_S_O_p-OMebenz_p-OMebenz.xyz
syn_S_O_tetFbenz_diCF3,C1=C2C=C(O4)C(C(C(F)(F)(F))=C4(C(F)(F)(F)))=CC2=CC3=CC(C(C(F)=C7(F))=C5(C(F)=C7(F)))=C(S5)C=C13,structures/syn_S_O_tetFbenz_diCF3.xyz
syn_S_S_2-Cl_2-OMe,C1=C2C=C(S4)C(C=C4(OC))=CC2=CC3=CC(C=C5(Cl))=C(S5)C=C13,structures/syn_S_S_2-Cl_2-OMe.xyz
syn_S_S_benz_p-CNbenz,C1=C2C=C(S4)C(C(C=C6(C#N))=C4(C=C6))=CC2=CC3=CC(C(C=C7)=C5(C=C7))=C(S5)C=C13,structures/syn_S_S_benz_p-CNbenz.xyz
syn_S_S_tetFbenz_tetClbenz,C1=C2C=C(S4)C(C(C(Cl)=C6(Cl))=C4(C(Cl)=C6(Cl)))=CC2=CC3=CC(C(C(F)=C7(F))=C5(C(F)=C7(F)))=C(S5)C=C13,structures/syn_S_S_tetFbenz_tetClbenz.xyz
